doc_id,section,market,filer_name,cat,gold,auto,labels
S100XVCR,報酬,スタンダード,アップルインターナショナル株式会社,会計数字,0,0,
S100XVCR,報酬,スタンダード,アップルインターナショナル株式会社,財務比率,0,0,
S100XVCR,報酬,スタンダード,アップルインターナショナル株式会社,非財務指標,0,0,
S100XVCR,報酬,スタンダード,アップルインターナショナル株式会社,株価関連指標,0,0,
S100XVCR,方針,スタンダード,アップルインターナショナル株式会社,会計数字,1,1,"ROE,売上高成長率,経常利益率"
S100XVCR,方針,スタンダード,アップルインターナショナル株式会社,財務比率,1,1,"ROE,売上高成長率,経常利益率"
S100XVCR,方針,スタンダード,アップルインターナショナル株式会社,非財務指標,0,0,"ROE,売上高成長率,経常利益率"
S100XVCR,方針,スタンダード,アップルインターナショナル株式会社,株価関連指標,0,0,"ROE,売上高成長率,経常利益率"
S100Y0TR,報酬,スタンダード,シリウスビジョン株式会社,会計数字,0,0,
S100Y0TR,報酬,スタンダード,シリウスビジョン株式会社,財務比率,0,0,
S100Y0TR,報酬,スタンダード,シリウスビジョン株式会社,非財務指標,0,0,
S100Y0TR,報酬,スタンダード,シリウスビジョン株式会社,株価関連指標,0,0,
S100Y0TR,方針,スタンダード,シリウスビジョン株式会社,会計数字,0,0,
S100Y0TR,方針,スタンダード,シリウスビジョン株式会社,財務比率,0,0,
S100Y0TR,方針,スタンダード,シリウスビジョン株式会社,非財務指標,0,0,
S100Y0TR,方針,スタンダード,シリウスビジョン株式会社,株価関連指標,0,0,
S100YFOK,報酬,スタンダード,ジーエルテクノホールディングス株式会社,会計数字,0,0,
S100YFOK,報酬,スタンダード,ジーエルテクノホールディングス株式会社,財務比率,0,0,
S100YFOK,報酬,スタンダード,ジーエルテクノホールディングス株式会社,非財務指標,0,0,
S100YFOK,報酬,スタンダード,ジーエルテクノホールディングス株式会社,株価関連指標,0,0,
S100YFOK,方針,スタンダード,ジーエルテクノホールディングス株式会社,会計数字,1,1,"ROE,営業利益,営業利益率,売上高"
S100YFOK,方針,スタンダード,ジーエルテクノホールディングス株式会社,財務比率,1,1,"ROE,営業利益,営業利益率,売上高"
S100YFOK,方針,スタンダード,ジーエルテクノホールディングス株式会社,非財務指標,0,0,"ROE,営業利益,営業利益率,売上高"
S100YFOK,方針,スタンダード,ジーエルテクノホールディングス株式会社,株価関連指標,0,0,"ROE,営業利益,営業利益率,売上高"
S100YFSH,報酬,スタンダード,ダイニック株式会社,会計数字,0,0,
S100YFSH,報酬,スタンダード,ダイニック株式会社,財務比率,0,0,
S100YFSH,報酬,スタンダード,ダイニック株式会社,非財務指標,0,0,
S100YFSH,報酬,スタンダード,ダイニック株式会社,株価関連指標,0,0,
S100YFSH,方針,スタンダード,ダイニック株式会社,会計数字,1,1,"ESG,ROE,営業利益,売上高,女性管理職比率,当期純利益,経常利益,経常利益率,脱炭素/温室効果ガス"
S100YFSH,方針,スタンダード,ダイニック株式会社,財務比率,1,1,"ESG,ROE,営業利益,売上高,女性管理職比率,当期純利益,経常利益,経常利益率,脱炭素/温室効果ガス"
S100YFSH,方針,スタンダード,ダイニック株式会社,非財務指標,0,1,"ESG,ROE,営業利益,売上高,女性管理職比率,当期純利益,経常利益,経常利益率,脱炭素/温室効果ガス"
S100YFSH,方針,スタンダード,ダイニック株式会社,株価関連指標,0,0,"ESG,ROE,営業利益,売上高,女性管理職比率,当期純利益,経常利益,経常利益率,脱炭素/温室効果ガス"
S100XN95,報酬,スタンダード,ホリイフードサービス株式会社,会計数字,0,0,
S100XN95,報酬,スタンダード,ホリイフードサービス株式会社,財務比率,0,0,
S100XN95,報酬,スタンダード,ホリイフードサービス株式会社,非財務指標,0,0,
S100XN95,報酬,スタンダード,ホリイフードサービス株式会社,株価関連指標,0,0,
S100XN95,方針,スタンダード,ホリイフードサービス株式会社,会計数字,1,1,"EBITDA,エンゲージメント,売上高比"
S100XN95,方針,スタンダード,ホリイフードサービス株式会社,財務比率,1,1,"EBITDA,エンゲージメント,売上高比"
S100XN95,方針,スタンダード,ホリイフードサービス株式会社,非財務指標,0,1,"EBITDA,エンゲージメント,売上高比"
S100XN95,方針,スタンダード,ホリイフードサービス株式会社,株価関連指標,0,0,"EBITDA,エンゲージメント,売上高比"
S100X5M8,報酬,スタンダード,ミクロン精密株式会社,会計数字,0,0,
S100X5M8,報酬,スタンダード,ミクロン精密株式会社,財務比率,0,0,
S100X5M8,報酬,スタンダード,ミクロン精密株式会社,非財務指標,0,0,
S100X5M8,報酬,スタンダード,ミクロン精密株式会社,株価関連指標,0,0,
S100X5M8,方針,スタンダード,ミクロン精密株式会社,会計数字,1,1,"ROA,ROE,営業利益,営業利益率,売上高,当期純利益,当期純利益率,経常利益,経常利益率"
S100X5M8,方針,スタンダード,ミクロン精密株式会社,財務比率,1,1,"ROA,ROE,営業利益,営業利益率,売上高,当期純利益,当期純利益率,経常利益,経常利益率"
S100X5M8,方針,スタンダード,ミクロン精密株式会社,非財務指標,0,0,"ROA,ROE,営業利益,営業利益率,売上高,当期純利益,当期純利益率,経常利益,経常利益率"
S100X5M8,方針,スタンダード,ミクロン精密株式会社,株価関連指標,0,0,"ROA,ROE,営業利益,営業利益率,売上高,当期純利益,当期純利益率,経常利益,経常利益率"
S100Y0TV,報酬,スタンダード,丸善ＣＨＩホールディングス株式会社,会計数字,0,0,
S100Y0TV,報酬,スタンダード,丸善ＣＨＩホールディングス株式会社,財務比率,0,0,
S100Y0TV,報酬,スタンダード,丸善ＣＨＩホールディングス株式会社,非財務指標,0,0,
S100Y0TV,報酬,スタンダード,丸善ＣＨＩホールディングス株式会社,株価関連指標,0,0,
S100Y0TV,方針,スタンダード,丸善ＣＨＩホールディングス株式会社,会計数字,1,1,"PBR,ROE,サステナビリティ,営業利益,売上高,当期純利益"
S100Y0TV,方針,スタンダード,丸善ＣＨＩホールディングス株式会社,財務比率,1,1,"PBR,ROE,サステナビリティ,営業利益,売上高,当期純利益"
S100Y0TV,方針,スタンダード,丸善ＣＨＩホールディングス株式会社,非財務指標,0,1,"PBR,ROE,サステナビリティ,営業利益,売上高,当期純利益"
S100Y0TV,方針,スタンダード,丸善ＣＨＩホールディングス株式会社,株価関連指標,1,1,"PBR,ROE,サステナビリティ,営業利益,売上高,当期純利益"
S100YD46,報酬,スタンダード,乾汽船株式会社,会計数字,0,0,
S100YD46,報酬,スタンダード,乾汽船株式会社,財務比率,0,0,
S100YD46,報酬,スタンダード,乾汽船株式会社,非財務指標,0,0,
S100YD46,報酬,スタンダード,乾汽船株式会社,株価関連指標,0,0,
S100YD46,方針,スタンダード,乾汽船株式会社,会計数字,0,0,"サステナビリティ,配当性向"
S100YD46,方針,スタンダード,乾汽船株式会社,財務比率,0,0,"サステナビリティ,配当性向"
S100YD46,方針,スタンダード,乾汽船株式会社,非財務指標,0,1,"サステナビリティ,配当性向"
S100YD46,方針,スタンダード,乾汽船株式会社,株価関連指標,1,1,"サステナビリティ,配当性向"
S100YGY5,報酬,スタンダード,京極運輸商事株式会社,会計数字,0,0,
S100YGY5,報酬,スタンダード,京極運輸商事株式会社,財務比率,0,0,
S100YGY5,報酬,スタンダード,京極運輸商事株式会社,非財務指標,0,0,
S100YGY5,報酬,スタンダード,京極運輸商事株式会社,株価関連指標,0,0,
S100YGY5,方針,スタンダード,京極運輸商事株式会社,会計数字,1,1,"ROE,キャッシュフロー,サステナビリティ,営業利益,売上高,脱炭素/温室効果ガス"
S100YGY5,方針,スタンダード,京極運輸商事株式会社,財務比率,1,1,"ROE,キャッシュフロー,サステナビリティ,営業利益,売上高,脱炭素/温室効果ガス"
S100YGY5,方針,スタンダード,京極運輸商事株式会社,非財務指標,1,1,"ROE,キャッシュフロー,サステナビリティ,営業利益,売上高,脱炭素/温室効果ガス"
S100YGY5,方針,スタンダード,京極運輸商事株式会社,株価関連指標,0,0,"ROE,キャッシュフロー,サステナビリティ,営業利益,売上高,脱炭素/温室効果ガス"
S100YEH1,報酬,スタンダード,全保連株式会社,会計数字,0,0,
S100YEH1,報酬,スタンダード,全保連株式会社,財務比率,0,0,
S100YEH1,報酬,スタンダード,全保連株式会社,非財務指標,0,0,
S100YEH1,報酬,スタンダード,全保連株式会社,株価関連指標,0,0,
S100YEH1,方針,スタンダード,全保連株式会社,会計数字,1,1,"PBR,PER,ROE,営業利益,売上高,時価総額"
S100YEH1,方針,スタンダード,全保連株式会社,財務比率,1,1,"PBR,PER,ROE,営業利益,売上高,時価総額"
S100YEH1,方針,スタンダード,全保連株式会社,非財務指標,1,0,"PBR,PER,ROE,営業利益,売上高,時価総額"
S100YEH1,方針,スタンダード,全保連株式会社,株価関連指標,1,1,"PBR,PER,ROE,営業利益,売上高,時価総額"
S100YNIS,報酬,スタンダード,北浜キャピタルパートナーズ株式会社,会計数字,0,0,
S100YNIS,報酬,スタンダード,北浜キャピタルパートナーズ株式会社,財務比率,0,0,
S100YNIS,報酬,スタンダード,北浜キャピタルパートナーズ株式会社,非財務指標,0,0,
S100YNIS,報酬,スタンダード,北浜キャピタルパートナーズ株式会社,株価関連指標,0,0,
S100YNIS,方針,スタンダード,北浜キャピタルパートナーズ株式会社,会計数字,0,0,
S100YNIS,方針,スタンダード,北浜キャピタルパートナーズ株式会社,財務比率,0,0,
S100YNIS,方針,スタンダード,北浜キャピタルパートナーズ株式会社,非財務指標,0,0,
S100YNIS,方針,スタンダード,北浜キャピタルパートナーズ株式会社,株価関連指標,0,0,
S100YL2D,報酬,スタンダード,大黒屋ホールディングス株式会社,会計数字,0,0,
S100YL2D,報酬,スタンダード,大黒屋ホールディングス株式会社,財務比率,0,0,
S100YL2D,報酬,スタンダード,大黒屋ホールディングス株式会社,非財務指標,0,0,
S100YL2D,報酬,スタンダード,大黒屋ホールディングス株式会社,株価関連指標,0,0,
S100YL2D,方針,スタンダード,大黒屋ホールディングス株式会社,会計数字,1,1,"営業利益,売上高,当期純利益,経常利益"
S100YL2D,方針,スタンダード,大黒屋ホールディングス株式会社,財務比率,0,0,"営業利益,売上高,当期純利益,経常利益"
S100YL2D,方針,スタンダード,大黒屋ホールディングス株式会社,非財務指標,0,0,"営業利益,売上高,当期純利益,経常利益"
S100YL2D,方針,スタンダード,大黒屋ホールディングス株式会社,株価関連指標,0,0,"営業利益,売上高,当期純利益,経常利益"
S100WKUS,報酬,スタンダード,小津産業株式会社,会計数字,0,0,
S100WKUS,報酬,スタンダード,小津産業株式会社,財務比率,0,0,
S100WKUS,報酬,スタンダード,小津産業株式会社,非財務指標,0,0,
S100WKUS,報酬,スタンダード,小津産業株式会社,株価関連指標,0,0,
S100WKUS,方針,スタンダード,小津産業株式会社,会計数字,1,1,"営業利益,売上高"
S100WKUS,方針,スタンダード,小津産業株式会社,財務比率,0,0,"営業利益,売上高"
S100WKUS,方針,スタンダード,小津産業株式会社,非財務指標,0,0,"営業利益,売上高"
S100WKUS,方針,スタンダード,小津産業株式会社,株価関連指標,0,0,"営業利益,売上高"
S100Y0MX,報酬,スタンダード,新都ホールディングス株式会社,会計数字,0,0,
S100Y0MX,報酬,スタンダード,新都ホールディングス株式会社,財務比率,0,0,
S100Y0MX,報酬,スタンダード,新都ホールディングス株式会社,非財務指標,0,0,
S100Y0MX,報酬,スタンダード,新都ホールディングス株式会社,株価関連指標,0,0,
S100Y0MX,方針,スタンダード,新都ホールディングス株式会社,会計数字,0,1,"ROA,利益率,売上高,自己資本比率"
S100Y0MX,方針,スタンダード,新都ホールディングス株式会社,財務比率,1,1,"ROA,利益率,売上高,自己資本比率"
S100Y0MX,方針,スタンダード,新都ホールディングス株式会社,非財務指標,0,0,"ROA,利益率,売上高,自己資本比率"
S100Y0MX,方針,スタンダード,新都ホールディングス株式会社,株価関連指標,0,0,"ROA,利益率,売上高,自己資本比率"
S100YIEA,報酬,スタンダード,日和産業株式会社,会計数字,0,0,
S100YIEA,報酬,スタンダード,日和産業株式会社,財務比率,0,0,
S100YIEA,報酬,スタンダード,日和産業株式会社,非財務指標,0,0,
S100YIEA,報酬,スタンダード,日和産業株式会社,株価関連指標,0,0,
S100YIEA,方針,スタンダード,日和産業株式会社,会計数字,0,0,
S100YIEA,方針,スタンダード,日和産業株式会社,財務比率,0,0,
S100YIEA,方針,スタンダード,日和産業株式会社,非財務指標,0,0,
S100YIEA,方針,スタンダード,日和産業株式会社,株価関連指標,0,0,
S100YJLW,報酬,スタンダード,日建工学株式会社,会計数字,0,0,
S100YJLW,報酬,スタンダード,日建工学株式会社,財務比率,0,0,
S100YJLW,報酬,スタンダード,日建工学株式会社,非財務指標,0,0,
S100YJLW,報酬,スタンダード,日建工学株式会社,株価関連指標,0,0,
S100YJLW,方針,スタンダード,日建工学株式会社,会計数字,0,0,利益率
S100YJLW,方針,スタンダード,日建工学株式会社,財務比率,1,1,利益率
S100YJLW,方針,スタンダード,日建工学株式会社,非財務指標,0,0,利益率
S100YJLW,方針,スタンダード,日建工学株式会社,株価関連指標,0,0,利益率
S100YNKG,報酬,スタンダード,日本ドライケミカル株式会社,会計数字,0,0,
S100YNKG,報酬,スタンダード,日本ドライケミカル株式会社,財務比率,0,0,
S100YNKG,報酬,スタンダード,日本ドライケミカル株式会社,非財務指標,0,0,
S100YNKG,報酬,スタンダード,日本ドライケミカル株式会社,株価関連指標,0,0,
S100YNKG,方針,スタンダード,日本ドライケミカル株式会社,会計数字,1,1,"EBITDA,ROE,事業利益"
S100YNKG,方針,スタンダード,日本ドライケミカル株式会社,財務比率,1,1,"EBITDA,ROE,事業利益"
S100YNKG,方針,スタンダード,日本ドライケミカル株式会社,非財務指標,0,0,"EBITDA,ROE,事業利益"
S100YNKG,方針,スタンダード,日本ドライケミカル株式会社,株価関連指標,0,0,"EBITDA,ROE,事業利益"
S100YNBV,報酬,スタンダード,日本ロジテム株式会社,会計数字,0,0,
S100YNBV,報酬,スタンダード,日本ロジテム株式会社,財務比率,0,0,
S100YNBV,報酬,スタンダード,日本ロジテム株式会社,非財務指標,0,0,
S100YNBV,報酬,スタンダード,日本ロジテム株式会社,株価関連指標,0,0,
S100YNBV,方針,スタンダード,日本ロジテム株式会社,会計数字,0,0,"ROE,サステナビリティ"
S100YNBV,方針,スタンダード,日本ロジテム株式会社,財務比率,1,1,"ROE,サステナビリティ"
S100YNBV,方針,スタンダード,日本ロジテム株式会社,非財務指標,0,1,"ROE,サステナビリティ"
S100YNBV,方針,スタンダード,日本ロジテム株式会社,株価関連指標,0,0,"ROE,サステナビリティ"
S100WC9Z,報酬,スタンダード,日東製網株式会社,会計数字,0,0,
S100WC9Z,報酬,スタンダード,日東製網株式会社,財務比率,0,0,
S100WC9Z,報酬,スタンダード,日東製網株式会社,非財務指標,0,0,
S100WC9Z,報酬,スタンダード,日東製網株式会社,株価関連指標,0,0,
S100WC9Z,方針,スタンダード,日東製網株式会社,会計数字,1,1,"売上高,経常利益率,自己資本比率,配当性向"
S100WC9Z,方針,スタンダード,日東製網株式会社,財務比率,1,1,"売上高,経常利益率,自己資本比率,配当性向"
S100WC9Z,方針,スタンダード,日東製網株式会社,非財務指標,0,0,"売上高,経常利益率,自己資本比率,配当性向"
S100WC9Z,方針,スタンダード,日東製網株式会社,株価関連指標,1,1,"売上高,経常利益率,自己資本比率,配当性向"
S100YJ53,報酬,スタンダード,明治機械株式会社,会計数字,0,0,
S100YJ53,報酬,スタンダード,明治機械株式会社,財務比率,0,0,
S100YJ53,報酬,スタンダード,明治機械株式会社,非財務指標,0,0,
S100YJ53,報酬,スタンダード,明治機械株式会社,株価関連指標,0,0,
S100YJ53,方針,スタンダード,明治機械株式会社,会計数字,0,0,"ESG,SDGs,脱炭素/温室効果ガス"
S100YJ53,方針,スタンダード,明治機械株式会社,財務比率,0,0,"ESG,SDGs,脱炭素/温室効果ガス"
S100YJ53,方針,スタンダード,明治機械株式会社,非財務指標,0,1,"ESG,SDGs,脱炭素/温室効果ガス"
S100YJ53,方針,スタンダード,明治機械株式会社,株価関連指標,0,0,"ESG,SDGs,脱炭素/温室効果ガス"
S100YEHQ,報酬,スタンダード,東京汽船株式会社,会計数字,0,0,
S100YEHQ,報酬,スタンダード,東京汽船株式会社,財務比率,0,0,
S100YEHQ,報酬,スタンダード,東京汽船株式会社,非財務指標,0,0,
S100YEHQ,報酬,スタンダード,東京汽船株式会社,株価関連指標,0,0,
S100YEHQ,方針,スタンダード,東京汽船株式会社,会計数字,1,1,"ROA,ROE,キャッシュフロー,営業利益率,売上高,当期純利益率"
S100YEHQ,方針,スタンダード,東京汽船株式会社,財務比率,1,1,"ROA,ROE,キャッシュフロー,営業利益率,売上高,当期純利益率"
S100YEHQ,方針,スタンダード,東京汽船株式会社,非財務指標,0,0,"ROA,ROE,キャッシュフロー,営業利益率,売上高,当期純利益率"
S100YEHQ,方針,スタンダード,東京汽船株式会社,株価関連指標,0,0,"ROA,ROE,キャッシュフロー,営業利益率,売上高,当期純利益率"
S100XRPQ,報酬,スタンダード,株式会社　ソルクシーズ,会計数字,0,0,
S100XRPQ,報酬,スタンダード,株式会社　ソルクシーズ,財務比率,0,0,
S100XRPQ,報酬,スタンダード,株式会社　ソルクシーズ,非財務指標,0,0,
S100XRPQ,報酬,スタンダード,株式会社　ソルクシーズ,株価関連指標,0,0,
S100XRPQ,方針,スタンダード,株式会社　ソルクシーズ,会計数字,0,1,"サステナビリティ,営業利益"
S100XRPQ,方針,スタンダード,株式会社　ソルクシーズ,財務比率,0,0,"サステナビリティ,営業利益"
S100XRPQ,方針,スタンダード,株式会社　ソルクシーズ,非財務指標,0,1,"サステナビリティ,営業利益"
S100XRPQ,方針,スタンダード,株式会社　ソルクシーズ,株価関連指標,0,0,"サステナビリティ,営業利益"
S100WS5Q,報酬,スタンダード,株式会社　ＴＨＥグローバル社,会計数字,0,0,
S100WS5Q,報酬,スタンダード,株式会社　ＴＨＥグローバル社,財務比率,0,0,
S100WS5Q,報酬,スタンダード,株式会社　ＴＨＥグローバル社,非財務指標,0,0,
S100WS5Q,報酬,スタンダード,株式会社　ＴＨＥグローバル社,株価関連指標,0,0,
S100WS5Q,方針,スタンダード,株式会社　ＴＨＥグローバル社,会計数字,0,0,"D/Eレシオ,ESG外部評価,自己資本比率"
S100WS5Q,方針,スタンダード,株式会社　ＴＨＥグローバル社,財務比率,1,1,"D/Eレシオ,ESG外部評価,自己資本比率"
S100WS5Q,方針,スタンダード,株式会社　ＴＨＥグローバル社,非財務指標,1,1,"D/Eレシオ,ESG外部評価,自己資本比率"
S100WS5Q,方針,スタンダード,株式会社　ＴＨＥグローバル社,株価関連指標,0,0,"D/Eレシオ,ESG外部評価,自己資本比率"
S100YIQV,報酬,スタンダード,株式会社アズパートナーズ,会計数字,0,0,
S100YIQV,報酬,スタンダード,株式会社アズパートナーズ,財務比率,0,0,
S100YIQV,報酬,スタンダード,株式会社アズパートナーズ,非財務指標,0,0,
S100YIQV,報酬,スタンダード,株式会社アズパートナーズ,株価関連指標,0,0,
S100YIQV,方針,スタンダード,株式会社アズパートナーズ,会計数字,1,1,"営業利益,自己資本比率"
S100YIQV,方針,スタンダード,株式会社アズパートナーズ,財務比率,0,1,"営業利益,自己資本比率"
S100YIQV,方針,スタンダード,株式会社アズパートナーズ,非財務指標,0,0,"営業利益,自己資本比率"
S100YIQV,方針,スタンダード,株式会社アズパートナーズ,株価関連指標,0,0,"営業利益,自己資本比率"
S100WW7U,報酬,スタンダード,株式会社アルチザネットワークス,会計数字,0,0,
S100WW7U,報酬,スタンダード,株式会社アルチザネットワークス,財務比率,0,0,
S100WW7U,報酬,スタンダード,株式会社アルチザネットワークス,非財務指標,0,0,
S100WW7U,報酬,スタンダード,株式会社アルチザネットワークス,株価関連指標,0,0,
S100WW7U,方針,スタンダード,株式会社アルチザネットワークス,会計数字,1,1,"キャッシュフロー,利益率"
S100WW7U,方針,スタンダード,株式会社アルチザネットワークス,財務比率,1,1,"キャッシュフロー,利益率"
S100WW7U,方針,スタンダード,株式会社アルチザネットワークス,非財務指標,0,0,"キャッシュフロー,利益率"
S100WW7U,方針,スタンダード,株式会社アルチザネットワークス,株価関連指標,0,0,"キャッシュフロー,利益率"
S100YCPU,報酬,スタンダード,株式会社エヌ・シー・エヌ,会計数字,0,0,
S100YCPU,報酬,スタンダード,株式会社エヌ・シー・エヌ,財務比率,0,0,
S100YCPU,報酬,スタンダード,株式会社エヌ・シー・エヌ,非財務指標,0,0,
S100YCPU,報酬,スタンダード,株式会社エヌ・シー・エヌ,株価関連指標,0,0,
S100YCPU,方針,スタンダード,株式会社エヌ・シー・エヌ,会計数字,1,1,"ROE,営業利益,営業利益率"
S100YCPU,方針,スタンダード,株式会社エヌ・シー・エヌ,財務比率,1,1,"ROE,営業利益,営業利益率"
S100YCPU,方針,スタンダード,株式会社エヌ・シー・エヌ,非財務指標,0,0,"ROE,営業利益,営業利益率"
S100YCPU,方針,スタンダード,株式会社エヌ・シー・エヌ,株価関連指標,0,0,"ROE,営業利益,営業利益率"
S100YLMI,報酬,スタンダード,株式会社エフティグループ,会計数字,0,0,
S100YLMI,報酬,スタンダード,株式会社エフティグループ,財務比率,0,0,
S100YLMI,報酬,スタンダード,株式会社エフティグループ,非財務指標,0,0,
S100YLMI,報酬,スタンダード,株式会社エフティグループ,株価関連指標,0,0,
S100YLMI,方針,スタンダード,株式会社エフティグループ,会計数字,1,1,"営業利益,売上収益"
S100YLMI,方針,スタンダード,株式会社エフティグループ,財務比率,0,0,"営業利益,売上収益"
S100YLMI,方針,スタンダード,株式会社エフティグループ,非財務指標,0,0,"営業利益,売上収益"
S100YLMI,方針,スタンダード,株式会社エフティグループ,株価関連指標,0,0,"営業利益,売上収益"
S100XCQ3,報酬,スタンダード,株式会社エリッツホールディングス,会計数字,0,0,
S100XCQ3,報酬,スタンダード,株式会社エリッツホールディングス,財務比率,0,0,
S100XCQ3,報酬,スタンダード,株式会社エリッツホールディングス,非財務指標,0,0,
S100XCQ3,報酬,スタンダード,株式会社エリッツホールディングス,株価関連指標,0,0,
S100XCQ3,方針,スタンダード,株式会社エリッツホールディングス,会計数字,1,1,"ROA,自己資本比率,資産合計"
S100XCQ3,方針,スタンダード,株式会社エリッツホールディングス,財務比率,1,1,"ROA,自己資本比率,資産合計"
S100XCQ3,方針,スタンダード,株式会社エリッツホールディングス,非財務指標,1,0,"ROA,自己資本比率,資産合計"
S100XCQ3,方針,スタンダード,株式会社エリッツホールディングス,株価関連指標,0,0,"ROA,自己資本比率,資産合計"
S100YKIK,報酬,スタンダード,株式会社オープンドア,会計数字,0,0,
S100YKIK,報酬,スタンダード,株式会社オープンドア,財務比率,0,0,
S100YKIK,報酬,スタンダード,株式会社オープンドア,非財務指標,0,0,
S100YKIK,報酬,スタンダード,株式会社オープンドア,株価関連指標,0,0,
S100YKIK,方針,スタンダード,株式会社オープンドア,会計数字,1,1,"営業利益,売上高"
S100YKIK,方針,スタンダード,株式会社オープンドア,財務比率,0,0,"営業利益,売上高"
S100YKIK,方針,スタンダード,株式会社オープンドア,非財務指標,0,0,"営業利益,売上高"
S100YKIK,方針,スタンダード,株式会社オープンドア,株価関連指標,0,0,"営業利益,売上高"
S100Y86A,報酬,スタンダード,株式会社ガーラ,会計数字,0,0,
S100Y86A,報酬,スタンダード,株式会社ガーラ,財務比率,0,0,
S100Y86A,報酬,スタンダード,株式会社ガーラ,非財務指標,0,0,
S100Y86A,報酬,スタンダード,株式会社ガーラ,株価関連指標,0,0,
S100Y86A,方針,スタンダード,株式会社ガーラ,会計数字,1,1,"キャッシュフロー,営業利益,売上高"
S100Y86A,方針,スタンダード,株式会社ガーラ,財務比率,0,0,"キャッシュフロー,営業利益,売上高"
S100Y86A,方針,スタンダード,株式会社ガーラ,非財務指標,0,0,"キャッシュフロー,営業利益,売上高"
S100Y86A,方針,スタンダード,株式会社ガーラ,株価関連指標,0,0,"キャッシュフロー,営業利益,売上高"
S100WWNJ,報酬,スタンダード,株式会社クロスフォー,会計数字,0,0,
S100WWNJ,報酬,スタンダード,株式会社クロスフォー,財務比率,0,0,
S100WWNJ,報酬,スタンダード,株式会社クロスフォー,非財務指標,0,0,
S100WWNJ,報酬,スタンダード,株式会社クロスフォー,株価関連指標,0,0,
S100WWNJ,方針,スタンダード,株式会社クロスフォー,会計数字,1,1,"エンゲージメント,キャッシュフロー,サステナビリティ,利益率,営業利益率"
S100WWNJ,方針,スタンダード,株式会社クロスフォー,財務比率,1,1,"エンゲージメント,キャッシュフロー,サステナビリティ,利益率,営業利益率"
S100WWNJ,方針,スタンダード,株式会社クロスフォー,非財務指標,0,1,"エンゲージメント,キャッシュフロー,サステナビリティ,利益率,営業利益率"
S100WWNJ,方針,スタンダード,株式会社クロスフォー,株価関連指標,0,0,"エンゲージメント,キャッシュフロー,サステナビリティ,利益率,営業利益率"
S100XHNL,報酬,スタンダード,株式会社ケア２１,会計数字,0,0,
S100XHNL,報酬,スタンダード,株式会社ケア２１,財務比率,0,0,
S100XHNL,報酬,スタンダード,株式会社ケア２１,非財務指標,0,0,
S100XHNL,報酬,スタンダード,株式会社ケア２１,株価関連指標,0,0,
S100XHNL,方針,スタンダード,株式会社ケア２１,会計数字,1,1,"ROE,利益率,売上高,経常利益率"
S100XHNL,方針,スタンダード,株式会社ケア２１,財務比率,1,1,"ROE,利益率,売上高,経常利益率"
S100XHNL,方針,スタンダード,株式会社ケア２１,非財務指標,0,0,"ROE,利益率,売上高,経常利益率"
S100XHNL,方針,スタンダード,株式会社ケア２１,株価関連指標,0,0,"ROE,利益率,売上高,経常利益率"
S100YFK9,報酬,スタンダード,株式会社ゲームカードホールディングス,会計数字,0,0,
S100YFK9,報酬,スタンダード,株式会社ゲームカードホールディングス,財務比率,0,0,
S100YFK9,報酬,スタンダード,株式会社ゲームカードホールディングス,非財務指標,0,0,
S100YFK9,報酬,スタンダード,株式会社ゲームカードホールディングス,株価関連指標,0,0,
S100YFK9,方針,スタンダード,株式会社ゲームカードホールディングス,会計数字,0,0,"ROA,ROE,サステナビリティ"
S100YFK9,方針,スタンダード,株式会社ゲームカードホールディングス,財務比率,1,1,"ROA,ROE,サステナビリティ"
S100YFK9,方針,スタンダード,株式会社ゲームカードホールディングス,非財務指標,0,1,"ROA,ROE,サステナビリティ"
S100YFK9,方針,スタンダード,株式会社ゲームカードホールディングス,株価関連指標,0,0,"ROA,ROE,サステナビリティ"
S100WM8L,報酬,スタンダード,株式会社シーラホールディングス,会計数字,0,0,
S100WM8L,報酬,スタンダード,株式会社シーラホールディングス,財務比率,0,0,
S100WM8L,報酬,スタンダード,株式会社シーラホールディングス,非財務指標,0,0,
S100WM8L,報酬,スタンダード,株式会社シーラホールディングス,株価関連指標,0,0,
S100WM8L,方針,スタンダード,株式会社シーラホールディングス,会計数字,1,1,"DOE,ROA,ROE,キャッシュフロー"
S100WM8L,方針,スタンダード,株式会社シーラホールディングス,財務比率,1,1,"DOE,ROA,ROE,キャッシュフロー"
S100WM8L,方針,スタンダード,株式会社シーラホールディングス,非財務指標,0,0,"DOE,ROA,ROE,キャッシュフロー"
S100WM8L,方針,スタンダード,株式会社シーラホールディングス,株価関連指標,1,1,"DOE,ROA,ROE,キャッシュフロー"
S100WRL1,報酬,スタンダード,株式会社ジェイテックコーポレーション,会計数字,0,0,
S100WRL1,報酬,スタンダード,株式会社ジェイテックコーポレーション,財務比率,0,0,
S100WRL1,報酬,スタンダード,株式会社ジェイテックコーポレーション,非財務指標,0,0,
S100WRL1,報酬,スタンダード,株式会社ジェイテックコーポレーション,株価関連指標,0,0,
S100WRL1,方針,スタンダード,株式会社ジェイテックコーポレーション,会計数字,0,1,"サステナビリティ,売上高"
S100WRL1,方針,スタンダード,株式会社ジェイテックコーポレーション,財務比率,0,0,"サステナビリティ,売上高"
S100WRL1,方針,スタンダード,株式会社ジェイテックコーポレーション,非財務指標,0,1,"サステナビリティ,売上高"
S100WRL1,方針,スタンダード,株式会社ジェイテックコーポレーション,株価関連指標,0,0,"サステナビリティ,売上高"
S100YJGG,報酬,スタンダード,株式会社ジェイ・イー・ティ,会計数字,0,0,
S100YJGG,報酬,スタンダード,株式会社ジェイ・イー・ティ,財務比率,0,0,
S100YJGG,報酬,スタンダード,株式会社ジェイ・イー・ティ,非財務指標,0,0,
S100YJGG,報酬,スタンダード,株式会社ジェイ・イー・ティ,株価関連指標,0,0,
S100YJGG,方針,スタンダード,株式会社ジェイ・イー・ティ,会計数字,1,1,"利益率,営業利益,営業利益率,売上高,当期純利益,経常利益"
S100YJGG,方針,スタンダード,株式会社ジェイ・イー・ティ,財務比率,1,1,"利益率,営業利益,営業利益率,売上高,当期純利益,経常利益"
S100YJGG,方針,スタンダード,株式会社ジェイ・イー・ティ,非財務指標,0,0,"利益率,営業利益,営業利益率,売上高,当期純利益,経常利益"
S100YJGG,方針,スタンダード,株式会社ジェイ・イー・ティ,株価関連指標,0,0,"利益率,営業利益,営業利益率,売上高,当期純利益,経常利益"
S100YH8N,報酬,スタンダード,株式会社セキュアヴェイル,会計数字,0,0,
S100YH8N,報酬,スタンダード,株式会社セキュアヴェイル,財務比率,0,0,
S100YH8N,報酬,スタンダード,株式会社セキュアヴェイル,非財務指標,0,0,
S100YH8N,報酬,スタンダード,株式会社セキュアヴェイル,株価関連指標,0,0,
S100YH8N,方針,スタンダード,株式会社セキュアヴェイル,会計数字,1,1,"PBR,ROE,営業利益,営業利益率,売上高"
S100YH8N,方針,スタンダード,株式会社セキュアヴェイル,財務比率,1,1,"PBR,ROE,営業利益,営業利益率,売上高"
S100YH8N,方針,スタンダード,株式会社セキュアヴェイル,非財務指標,0,0,"PBR,ROE,営業利益,営業利益率,売上高"
S100YH8N,方針,スタンダード,株式会社セキュアヴェイル,株価関連指標,1,1,"PBR,ROE,営業利益,営業利益率,売上高"
S100X5OA,報酬,スタンダード,株式会社セラク,会計数字,0,0,
S100X5OA,報酬,スタンダード,株式会社セラク,財務比率,0,0,
S100X5OA,報酬,スタンダード,株式会社セラク,非財務指標,0,0,
S100X5OA,報酬,スタンダード,株式会社セラク,株価関連指標,0,0,
S100X5OA,方針,スタンダード,株式会社セラク,会計数字,0,0,
S100X5OA,方針,スタンダード,株式会社セラク,財務比率,0,0,
S100X5OA,方針,スタンダード,株式会社セラク,非財務指標,0,0,
S100X5OA,方針,スタンダード,株式会社セラク,株価関連指標,0,0,
S100XMV5,報酬,スタンダード,株式会社ティムコ,会計数字,0,0,
S100XMV5,報酬,スタンダード,株式会社ティムコ,財務比率,0,0,
S100XMV5,報酬,スタンダード,株式会社ティムコ,非財務指標,0,0,
S100XMV5,報酬,スタンダード,株式会社ティムコ,株価関連指標,0,0,
S100XMV5,方針,スタンダード,株式会社ティムコ,会計数字,0,0,"営業利益率,売上総利益率"
S100XMV5,方針,スタンダード,株式会社ティムコ,財務比率,1,1,"営業利益率,売上総利益率"
S100XMV5,方針,スタンダード,株式会社ティムコ,非財務指標,0,0,"営業利益率,売上総利益率"
S100XMV5,方針,スタンダード,株式会社ティムコ,株価関連指標,0,0,"営業利益率,売上総利益率"
S100XVTU,報酬,スタンダード,株式会社ハウテレビジョン,会計数字,0,0,
S100XVTU,報酬,スタンダード,株式会社ハウテレビジョン,財務比率,0,0,
S100XVTU,報酬,スタンダード,株式会社ハウテレビジョン,非財務指標,0,0,
S100XVTU,報酬,スタンダード,株式会社ハウテレビジョン,株価関連指標,0,0,
S100XVTU,方針,スタンダード,株式会社ハウテレビジョン,会計数字,1,1,"EBITDA,利益率,営業利益,売上高"
S100XVTU,方針,スタンダード,株式会社ハウテレビジョン,財務比率,0,1,"EBITDA,利益率,営業利益,売上高"
S100XVTU,方針,スタンダード,株式会社ハウテレビジョン,非財務指標,0,0,"EBITDA,利益率,営業利益,売上高"
S100XVTU,方針,スタンダード,株式会社ハウテレビジョン,株価関連指標,0,0,"EBITDA,利益率,営業利益,売上高"
S100YDJ0,報酬,スタンダード,株式会社ハチバン,会計数字,0,0,
S100YDJ0,報酬,スタンダード,株式会社ハチバン,財務比率,0,0,
S100YDJ0,報酬,スタンダード,株式会社ハチバン,非財務指標,0,0,
S100YDJ0,報酬,スタンダード,株式会社ハチバン,株価関連指標,0,0,
S100YDJ0,方針,スタンダード,株式会社ハチバン,会計数字,1,1,"営業収益,売上高,経常利益"
S100YDJ0,方針,スタンダード,株式会社ハチバン,財務比率,0,0,"営業収益,売上高,経常利益"
S100YDJ0,方針,スタンダード,株式会社ハチバン,非財務指標,0,0,"営業収益,売上高,経常利益"
S100YDJ0,方針,スタンダード,株式会社ハチバン,株価関連指標,0,0,"営業収益,売上高,経常利益"
S100YF3L,報酬,スタンダード,株式会社ハークスレイ,会計数字,0,0,
S100YF3L,報酬,スタンダード,株式会社ハークスレイ,財務比率,0,0,
S100YF3L,報酬,スタンダード,株式会社ハークスレイ,非財務指標,0,0,
S100YF3L,報酬,スタンダード,株式会社ハークスレイ,株価関連指標,0,0,
S100YF3L,方針,スタンダード,株式会社ハークスレイ,会計数字,1,1,"EBITDA,EPS,PBR,ROE,サステナビリティ,売上高,当期純利益"
S100YF3L,方針,スタンダード,株式会社ハークスレイ,財務比率,1,1,"EBITDA,EPS,PBR,ROE,サステナビリティ,売上高,当期純利益"
S100YF3L,方針,スタンダード,株式会社ハークスレイ,非財務指標,0,1,"EBITDA,EPS,PBR,ROE,サステナビリティ,売上高,当期純利益"
S100YF3L,方針,スタンダード,株式会社ハークスレイ,株価関連指標,1,1,"EBITDA,EPS,PBR,ROE,サステナビリティ,売上高,当期純利益"
S100WLNQ,報酬,スタンダード,株式会社パシフィックネット,会計数字,0,0,
S100WLNQ,報酬,スタンダード,株式会社パシフィックネット,財務比率,0,0,
S100WLNQ,報酬,スタンダード,株式会社パシフィックネット,非財務指標,0,0,
S100WLNQ,報酬,スタンダード,株式会社パシフィックネット,株価関連指標,0,0,
S100WLNQ,方針,スタンダード,株式会社パシフィックネット,会計数字,1,1,"EBITDA,ROE,エンゲージメント,営業利益,売上高,経常利益,脱炭素/温室効果ガス"
S100WLNQ,方針,スタンダード,株式会社パシフィックネット,財務比率,1,1,"EBITDA,ROE,エンゲージメント,営業利益,売上高,経常利益,脱炭素/温室効果ガス"
S100WLNQ,方針,スタンダード,株式会社パシフィックネット,非財務指標,0,1,"EBITDA,ROE,エンゲージメント,営業利益,売上高,経常利益,脱炭素/温室効果ガス"
S100WLNQ,方針,スタンダード,株式会社パシフィックネット,株価関連指標,0,0,"EBITDA,ROE,エンゲージメント,営業利益,売上高,経常利益,脱炭素/温室効果ガス"
S100XCO8,報酬,スタンダード,株式会社ピクセラ,会計数字,0,0,
S100XCO8,報酬,スタンダード,株式会社ピクセラ,財務比率,0,0,
S100XCO8,報酬,スタンダード,株式会社ピクセラ,非財務指標,0,0,
S100XCO8,報酬,スタンダード,株式会社ピクセラ,株価関連指標,0,0,
S100XCO8,方針,スタンダード,株式会社ピクセラ,会計数字,0,0,"SDGs,エンゲージメント,利益率"
S100XCO8,方針,スタンダード,株式会社ピクセラ,財務比率,0,1,"SDGs,エンゲージメント,利益率"
S100XCO8,方針,スタンダード,株式会社ピクセラ,非財務指標,0,1,"SDGs,エンゲージメント,利益率"
S100XCO8,方針,スタンダード,株式会社ピクセラ,株価関連指標,0,0,"SDGs,エンゲージメント,利益率"
S100YK86,報酬,スタンダード,株式会社ファブリカホールディングス,会計数字,0,0,
S100YK86,報酬,スタンダード,株式会社ファブリカホールディングス,財務比率,0,0,
S100YK86,報酬,スタンダード,株式会社ファブリカホールディングス,非財務指標,0,0,
S100YK86,報酬,スタンダード,株式会社ファブリカホールディングス,株価関連指標,0,0,
S100YK86,方針,スタンダード,株式会社ファブリカホールディングス,会計数字,1,1,"EBITDA,ESG,売上高"
S100YK86,方針,スタンダード,株式会社ファブリカホールディングス,財務比率,0,0,"EBITDA,ESG,売上高"
S100YK86,方針,スタンダード,株式会社ファブリカホールディングス,非財務指標,0,1,"EBITDA,ESG,売上高"
S100YK86,方針,スタンダード,株式会社ファブリカホールディングス,株価関連指標,0,0,"EBITDA,ESG,売上高"
S100YFZB,報酬,スタンダード,株式会社プラコー,会計数字,0,0,
S100YFZB,報酬,スタンダード,株式会社プラコー,財務比率,0,0,
S100YFZB,報酬,スタンダード,株式会社プラコー,非財務指標,0,0,
S100YFZB,報酬,スタンダード,株式会社プラコー,株価関連指標,0,0,
S100YFZB,方針,スタンダード,株式会社プラコー,会計数字,1,1,売上高
S100YFZB,方針,スタンダード,株式会社プラコー,財務比率,0,0,売上高
S100YFZB,方針,スタンダード,株式会社プラコー,非財務指標,0,0,売上高
S100YFZB,方針,スタンダード,株式会社プラコー,株価関連指標,0,0,売上高
S100WW9E,報酬,スタンダード,株式会社プラネット,会計数字,0,0,
S100WW9E,報酬,スタンダード,株式会社プラネット,財務比率,0,0,
S100WW9E,報酬,スタンダード,株式会社プラネット,非財務指標,0,0,
S100WW9E,報酬,スタンダード,株式会社プラネット,株価関連指標,0,0,
S100WW9E,方針,スタンダード,株式会社プラネット,会計数字,1,1,"営業利益,営業利益率,売上高,経常利益率"
S100WW9E,方針,スタンダード,株式会社プラネット,財務比率,1,1,"営業利益,営業利益率,売上高,経常利益率"
S100WW9E,方針,スタンダード,株式会社プラネット,非財務指標,0,0,"営業利益,営業利益率,売上高,経常利益率"
S100WW9E,方針,スタンダード,株式会社プラネット,株価関連指標,0,0,"営業利益,営業利益率,売上高,経常利益率"
S100YHK4,報酬,スタンダード,株式会社マツオカコーポレーション,会計数字,0,0,
S100YHK4,報酬,スタンダード,株式会社マツオカコーポレーション,財務比率,0,0,
S100YHK4,報酬,スタンダード,株式会社マツオカコーポレーション,非財務指標,0,0,
S100YHK4,報酬,スタンダード,株式会社マツオカコーポレーション,株価関連指標,0,0,
S100YHK4,方針,スタンダード,株式会社マツオカコーポレーション,会計数字,1,1,"ROE,売上高,当期純利益,経常利益"
S100YHK4,方針,スタンダード,株式会社マツオカコーポレーション,財務比率,1,1,"ROE,売上高,当期純利益,経常利益"
S100YHK4,方針,スタンダード,株式会社マツオカコーポレーション,非財務指標,0,0,"ROE,売上高,当期純利益,経常利益"
S100YHK4,方針,スタンダード,株式会社マツオカコーポレーション,株価関連指標,0,0,"ROE,売上高,当期純利益,経常利益"
S100XCRL,報酬,スタンダード,株式会社ライオン事務器,会計数字,0,0,
S100XCRL,報酬,スタンダード,株式会社ライオン事務器,財務比率,0,0,
S100XCRL,報酬,スタンダード,株式会社ライオン事務器,非財務指標,0,0,
S100XCRL,報酬,スタンダード,株式会社ライオン事務器,株価関連指標,0,0,
S100XCRL,方針,スタンダード,株式会社ライオン事務器,会計数字,0,0,"SDGs,サステナビリティ"
S100XCRL,方針,スタンダード,株式会社ライオン事務器,財務比率,0,0,"SDGs,サステナビリティ"
S100XCRL,方針,スタンダード,株式会社ライオン事務器,非財務指標,0,1,"SDGs,サステナビリティ"
S100XCRL,方針,スタンダード,株式会社ライオン事務器,株価関連指標,0,0,"SDGs,サステナビリティ"
S100YHAZ,報酬,スタンダード,株式会社ライドオンエクスプレスホールディングス,会計数字,0,0,
S100YHAZ,報酬,スタンダード,株式会社ライドオンエクスプレスホールディングス,財務比率,0,0,
S100YHAZ,報酬,スタンダード,株式会社ライドオンエクスプレスホールディングス,非財務指標,0,0,
S100YHAZ,報酬,スタンダード,株式会社ライドオンエクスプレスホールディングス,株価関連指標,0,0,
S100YHAZ,方針,スタンダード,株式会社ライドオンエクスプレスホールディングス,会計数字,1,1,"サステナビリティ,売上高,当期純利益,経常利益"
S100YHAZ,方針,スタンダード,株式会社ライドオンエクスプレスホールディングス,財務比率,0,0,"サステナビリティ,売上高,当期純利益,経常利益"
S100YHAZ,方針,スタンダード,株式会社ライドオンエクスプレスホールディングス,非財務指標,0,1,"サステナビリティ,売上高,当期純利益,経常利益"
S100YHAZ,方針,スタンダード,株式会社ライドオンエクスプレスホールディングス,株価関連指標,0,0,"サステナビリティ,売上高,当期純利益,経常利益"
S100Y721,報酬,スタンダード,株式会社ランド,会計数字,0,0,
S100Y721,報酬,スタンダード,株式会社ランド,財務比率,0,0,
S100Y721,報酬,スタンダード,株式会社ランド,非財務指標,0,0,
S100Y721,報酬,スタンダード,株式会社ランド,株価関連指標,0,0,
S100Y721,方針,スタンダード,株式会社ランド,会計数字,0,0,"ESG,SDGs,脱炭素/温室効果ガス"
S100Y721,方針,スタンダード,株式会社ランド,財務比率,0,0,"ESG,SDGs,脱炭素/温室効果ガス"
S100Y721,方針,スタンダード,株式会社ランド,非財務指標,0,1,"ESG,SDGs,脱炭素/温室効果ガス"
S100Y721,方針,スタンダード,株式会社ランド,株価関連指標,0,0,"ESG,SDGs,脱炭素/温室効果ガス"
S100YDSY,報酬,スタンダード,株式会社ワイズホールディングス,会計数字,0,0,
S100YDSY,報酬,スタンダード,株式会社ワイズホールディングス,財務比率,0,0,
S100YDSY,報酬,スタンダード,株式会社ワイズホールディングス,非財務指標,0,0,
S100YDSY,報酬,スタンダード,株式会社ワイズホールディングス,株価関連指標,0,0,
S100YDSY,方針,スタンダード,株式会社ワイズホールディングス,会計数字,0,0,営業利益率
S100YDSY,方針,スタンダード,株式会社ワイズホールディングス,財務比率,1,1,営業利益率
S100YDSY,方針,スタンダード,株式会社ワイズホールディングス,非財務指標,0,0,営業利益率
S100YDSY,方針,スタンダード,株式会社ワイズホールディングス,株価関連指標,0,0,営業利益率
S100YKBG,報酬,スタンダード,株式会社北紡,会計数字,0,0,
S100YKBG,報酬,スタンダード,株式会社北紡,財務比率,0,0,
S100YKBG,報酬,スタンダード,株式会社北紡,非財務指標,0,0,
S100YKBG,報酬,スタンダード,株式会社北紡,株価関連指標,0,0,
S100YKBG,方針,スタンダード,株式会社北紡,会計数字,0,0,
S100YKBG,方針,スタンダード,株式会社北紡,財務比率,0,0,
S100YKBG,方針,スタンダード,株式会社北紡,非財務指標,0,0,
S100YKBG,方針,スタンダード,株式会社北紡,株価関連指標,0,0,
S100WJ4B,報酬,スタンダード,株式会社大光,会計数字,0,0,
S100WJ4B,報酬,スタンダード,株式会社大光,財務比率,0,0,
S100WJ4B,報酬,スタンダード,株式会社大光,非財務指標,0,0,
S100WJ4B,報酬,スタンダード,株式会社大光,株価関連指標,0,0,
S100WJ4B,方針,スタンダード,株式会社大光,会計数字,0,1,"営業利益,売上総利益,経常利益率"
S100WJ4B,方針,スタンダード,株式会社大光,財務比率,1,1,"営業利益,売上総利益,経常利益率"
S100WJ4B,方針,スタンダード,株式会社大光,非財務指標,0,0,"営業利益,売上総利益,経常利益率"
S100WJ4B,方針,スタンダード,株式会社大光,株価関連指標,0,0,"営業利益,売上総利益,経常利益率"
S100XBNR,報酬,スタンダード,株式会社大森屋,会計数字,0,0,
S100XBNR,報酬,スタンダード,株式会社大森屋,財務比率,0,0,
S100XBNR,報酬,スタンダード,株式会社大森屋,非財務指標,0,0,
S100XBNR,報酬,スタンダード,株式会社大森屋,株価関連指標,0,0,
S100XBNR,方針,スタンダード,株式会社大森屋,会計数字,0,0,"ROE,SDGs"
S100XBNR,方針,スタンダード,株式会社大森屋,財務比率,1,1,"ROE,SDGs"
S100XBNR,方針,スタンダード,株式会社大森屋,非財務指標,0,1,"ROE,SDGs"
S100XBNR,方針,スタンダード,株式会社大森屋,株価関連指標,0,0,"ROE,SDGs"
S100XAQC,報酬,スタンダード,株式会社情報企画,会計数字,0,0,
S100XAQC,報酬,スタンダード,株式会社情報企画,財務比率,0,0,
S100XAQC,報酬,スタンダード,株式会社情報企画,非財務指標,0,0,
S100XAQC,報酬,スタンダード,株式会社情報企画,株価関連指標,0,0,
S100XAQC,方針,スタンダード,株式会社情報企画,会計数字,1,1,"営業利益率,売上高"
S100XAQC,方針,スタンダード,株式会社情報企画,財務比率,1,1,"営業利益率,売上高"
S100XAQC,方針,スタンダード,株式会社情報企画,非財務指標,0,0,"営業利益率,売上高"
S100XAQC,方針,スタンダード,株式会社情報企画,株価関連指標,0,0,"営業利益率,売上高"
S100YLU7,報酬,スタンダード,株式会社日本一ソフトウェア,会計数字,0,0,
S100YLU7,報酬,スタンダード,株式会社日本一ソフトウェア,財務比率,0,0,
S100YLU7,報酬,スタンダード,株式会社日本一ソフトウェア,非財務指標,0,0,
S100YLU7,報酬,スタンダード,株式会社日本一ソフトウェア,株価関連指標,0,0,
S100YLU7,方針,スタンダード,株式会社日本一ソフトウェア,会計数字,1,1,"営業利益,売上高,経常利益"
S100YLU7,方針,スタンダード,株式会社日本一ソフトウェア,財務比率,0,0,"営業利益,売上高,経常利益"
S100YLU7,方針,スタンダード,株式会社日本一ソフトウェア,非財務指標,0,0,"営業利益,売上高,経常利益"
S100YLU7,方針,スタンダード,株式会社日本一ソフトウェア,株価関連指標,0,0,"営業利益,売上高,経常利益"
S100XUGC,報酬,スタンダード,株式会社日本抵抗器製作所,会計数字,0,0,
S100XUGC,報酬,スタンダード,株式会社日本抵抗器製作所,財務比率,0,0,
S100XUGC,報酬,スタンダード,株式会社日本抵抗器製作所,非財務指標,0,0,
S100XUGC,報酬,スタンダード,株式会社日本抵抗器製作所,株価関連指標,0,0,
S100XUGC,方針,スタンダード,株式会社日本抵抗器製作所,会計数字,0,0,SDGs
S100XUGC,方針,スタンダード,株式会社日本抵抗器製作所,財務比率,0,0,SDGs
S100XUGC,方針,スタンダード,株式会社日本抵抗器製作所,非財務指標,0,1,SDGs
S100XUGC,方針,スタンダード,株式会社日本抵抗器製作所,株価関連指標,0,0,SDGs
S100WLAB,報酬,スタンダード,株式会社ＧａｍｅＷｉｔｈ,会計数字,0,0,
S100WLAB,報酬,スタンダード,株式会社ＧａｍｅＷｉｔｈ,財務比率,0,0,
S100WLAB,報酬,スタンダード,株式会社ＧａｍｅＷｉｔｈ,非財務指標,0,0,
S100WLAB,報酬,スタンダード,株式会社ＧａｍｅＷｉｔｈ,株価関連指標,0,0,
S100WLAB,方針,スタンダード,株式会社ＧａｍｅＷｉｔｈ,会計数字,1,1,"営業利益,売上高"
S100WLAB,方針,スタンダード,株式会社ＧａｍｅＷｉｔｈ,財務比率,0,0,"営業利益,売上高"
S100WLAB,方針,スタンダード,株式会社ＧａｍｅＷｉｔｈ,非財務指標,0,0,"営業利益,売上高"
S100WLAB,方針,スタンダード,株式会社ＧａｍｅＷｉｔｈ,株価関連指標,0,0,"営業利益,売上高"
S100YM7I,報酬,スタンダード,株式会社ＳＤＳホールディングス,会計数字,0,0,
S100YM7I,報酬,スタンダード,株式会社ＳＤＳホールディングス,財務比率,0,0,
S100YM7I,報酬,スタンダード,株式会社ＳＤＳホールディングス,非財務指標,0,0,
S100YM7I,報酬,スタンダード,株式会社ＳＤＳホールディングス,株価関連指標,0,0,
S100YM7I,方針,スタンダード,株式会社ＳＤＳホールディングス,会計数字,0,0,
S100YM7I,方針,スタンダード,株式会社ＳＤＳホールディングス,財務比率,0,0,
S100YM7I,方針,スタンダード,株式会社ＳＤＳホールディングス,非財務指標,0,0,
S100YM7I,方針,スタンダード,株式会社ＳＤＳホールディングス,株価関連指標,0,0,
S100YH0Q,報酬,スタンダード,株式会社ＳＩＧグループ,会計数字,0,0,
S100YH0Q,報酬,スタンダード,株式会社ＳＩＧグループ,財務比率,0,0,
S100YH0Q,報酬,スタンダード,株式会社ＳＩＧグループ,非財務指標,0,0,
S100YH0Q,報酬,スタンダード,株式会社ＳＩＧグループ,株価関連指標,0,0,
S100YH0Q,方針,スタンダード,株式会社ＳＩＧグループ,会計数字,0,0,営業利益率
S100YH0Q,方針,スタンダード,株式会社ＳＩＧグループ,財務比率,1,1,営業利益率
S100YH0Q,方針,スタンダード,株式会社ＳＩＧグループ,非財務指標,0,0,営業利益率
S100YH0Q,方針,スタンダード,株式会社ＳＩＧグループ,株価関連指標,0,0,営業利益率
S100YJH1,報酬,スタンダード,森尾電機株式会社,会計数字,0,0,
S100YJH1,報酬,スタンダード,森尾電機株式会社,財務比率,0,0,
S100YJH1,報酬,スタンダード,森尾電機株式会社,非財務指標,0,0,
S100YJH1,報酬,スタンダード,森尾電機株式会社,株価関連指標,0,0,
S100YJH1,方針,スタンダード,森尾電機株式会社,会計数字,0,0,"ESG,ROE,SDGs,サステナビリティ,当期純利益率"
S100YJH1,方針,スタンダード,森尾電機株式会社,財務比率,1,1,"ESG,ROE,SDGs,サステナビリティ,当期純利益率"
S100YJH1,方針,スタンダード,森尾電機株式会社,非財務指標,0,1,"ESG,ROE,SDGs,サステナビリティ,当期純利益率"
S100YJH1,方針,スタンダード,森尾電機株式会社,株価関連指標,0,0,"ESG,ROE,SDGs,サステナビリティ,当期純利益率"
S100YK09,報酬,スタンダード,橋本総業ホールディングス株式会社,会計数字,0,0,
S100YK09,報酬,スタンダード,橋本総業ホールディングス株式会社,財務比率,0,0,
S100YK09,報酬,スタンダード,橋本総業ホールディングス株式会社,非財務指標,0,0,
S100YK09,報酬,スタンダード,橋本総業ホールディングス株式会社,株価関連指標,0,0,
S100YK09,方針,スタンダード,橋本総業ホールディングス株式会社,会計数字,1,1,"売上高,経常利益"
S100YK09,方針,スタンダード,橋本総業ホールディングス株式会社,財務比率,0,0,"売上高,経常利益"
S100YK09,方針,スタンダード,橋本総業ホールディングス株式会社,非財務指標,0,0,"売上高,経常利益"
S100YK09,方針,スタンダード,橋本総業ホールディングス株式会社,株価関連指標,0,0,"売上高,経常利益"
S100YGEP,報酬,スタンダード,滝沢ハム株式会社,会計数字,0,0,
S100YGEP,報酬,スタンダード,滝沢ハム株式会社,財務比率,0,0,
S100YGEP,報酬,スタンダード,滝沢ハム株式会社,非財務指標,0,0,
S100YGEP,報酬,スタンダード,滝沢ハム株式会社,株価関連指標,0,0,
S100YGEP,方針,スタンダード,滝沢ハム株式会社,会計数字,1,1,"EPS,営業利益率,当期純利益率,販売数量"
S100YGEP,方針,スタンダード,滝沢ハム株式会社,財務比率,1,1,"EPS,営業利益率,当期純利益率,販売数量"
S100YGEP,方針,スタンダード,滝沢ハム株式会社,非財務指標,0,1,"EPS,営業利益率,当期純利益率,販売数量"
S100YGEP,方針,スタンダード,滝沢ハム株式会社,株価関連指標,0,0,"EPS,営業利益率,当期純利益率,販売数量"
S100YH4P,報酬,スタンダード,田中精密工業株式会社,会計数字,0,0,
S100YH4P,報酬,スタンダード,田中精密工業株式会社,財務比率,0,0,
S100YH4P,報酬,スタンダード,田中精密工業株式会社,非財務指標,0,0,
S100YH4P,報酬,スタンダード,田中精密工業株式会社,株価関連指標,0,0,
S100YH4P,方針,スタンダード,田中精密工業株式会社,会計数字,1,1,"PBR,ROE,ROIC,営業利益,配当性向"
S100YH4P,方針,スタンダード,田中精密工業株式会社,財務比率,1,1,"PBR,ROE,ROIC,営業利益,配当性向"
S100YH4P,方針,スタンダード,田中精密工業株式会社,非財務指標,0,0,"PBR,ROE,ROIC,営業利益,配当性向"
S100YH4P,方針,スタンダード,田中精密工業株式会社,株価関連指標,1,1,"PBR,ROE,ROIC,営業利益,配当性向"
S100YISR,報酬,スタンダード,築地魚市場株式会社,会計数字,1,1,当期純利益
S100YISR,報酬,スタンダード,築地魚市場株式会社,財務比率,0,0,当期純利益
S100YISR,報酬,スタンダード,築地魚市場株式会社,非財務指標,0,0,当期純利益
S100YISR,報酬,スタンダード,築地魚市場株式会社,株価関連指標,0,0,当期純利益
S100YISR,方針,スタンダード,築地魚市場株式会社,会計数字,1,1,"PBR,ROE,営業利益,売上高,当期純利益,経常利益,配当性向"
S100YISR,方針,スタンダード,築地魚市場株式会社,財務比率,1,1,"PBR,ROE,営業利益,売上高,当期純利益,経常利益,配当性向"
S100YISR,方針,スタンダード,築地魚市場株式会社,非財務指標,0,0,"PBR,ROE,営業利益,売上高,当期純利益,経常利益,配当性向"
S100YISR,方針,スタンダード,築地魚市場株式会社,株価関連指標,1,1,"PBR,ROE,営業利益,売上高,当期純利益,経常利益,配当性向"
S100YFFX,報酬,スタンダード,西菱電機株式会社,会計数字,0,0,
S100YFFX,報酬,スタンダード,西菱電機株式会社,財務比率,0,0,
S100YFFX,報酬,スタンダード,西菱電機株式会社,非財務指標,0,0,
S100YFFX,報酬,スタンダード,西菱電機株式会社,株価関連指標,0,0,
S100YFFX,方針,スタンダード,西菱電機株式会社,会計数字,1,1,"売上高,技術力強化,経常利益"
S100YFFX,方針,スタンダード,西菱電機株式会社,財務比率,0,0,"売上高,技術力強化,経常利益"
S100YFFX,方針,スタンダード,西菱電機株式会社,非財務指標,0,1,"売上高,技術力強化,経常利益"
S100YFFX,方針,スタンダード,西菱電機株式会社,株価関連指標,0,0,"売上高,技術力強化,経常利益"
S100XUAO,報酬,スタンダード,高橋カーテンウォール工業株式会社,会計数字,0,0,
S100XUAO,報酬,スタンダード,高橋カーテンウォール工業株式会社,財務比率,0,0,
S100XUAO,報酬,スタンダード,高橋カーテンウォール工業株式会社,非財務指標,0,0,
S100XUAO,報酬,スタンダード,高橋カーテンウォール工業株式会社,株価関連指標,0,0,
S100XUAO,方針,スタンダード,高橋カーテンウォール工業株式会社,会計数字,0,0,"ROIC,SDGs,WACC,経常利益率,脱炭素/温室効果ガス"
S100XUAO,方針,スタンダード,高橋カーテンウォール工業株式会社,財務比率,1,1,"ROIC,SDGs,WACC,経常利益率,脱炭素/温室効果ガス"
S100XUAO,方針,スタンダード,高橋カーテンウォール工業株式会社,非財務指標,0,1,"ROIC,SDGs,WACC,経常利益率,脱炭素/温室効果ガス"
S100XUAO,方針,スタンダード,高橋カーテンウォール工業株式会社,株価関連指標,0,0,"ROIC,SDGs,WACC,経常利益率,脱炭素/温室効果ガス"
S100YO1C,報酬,スタンダード,ＫＬＡＳＳ株式会社,会計数字,0,0,
S100YO1C,報酬,スタンダード,ＫＬＡＳＳ株式会社,財務比率,0,0,
S100YO1C,報酬,スタンダード,ＫＬＡＳＳ株式会社,非財務指標,0,0,
S100YO1C,報酬,スタンダード,ＫＬＡＳＳ株式会社,株価関連指標,0,0,
S100YO1C,方針,スタンダード,ＫＬＡＳＳ株式会社,会計数字,0,0,"ROE,SDGs,サステナビリティ,利益率"
S100YO1C,方針,スタンダード,ＫＬＡＳＳ株式会社,財務比率,1,1,"ROE,SDGs,サステナビリティ,利益率"
S100YO1C,方針,スタンダード,ＫＬＡＳＳ株式会社,非財務指標,0,1,"ROE,SDGs,サステナビリティ,利益率"
S100YO1C,方針,スタンダード,ＫＬＡＳＳ株式会社,株価関連指標,0,0,"ROE,SDGs,サステナビリティ,利益率"
S100XSHI,報酬,スタンダード,ＯＡＴアグリオ株式会社,会計数字,0,0,
S100XSHI,報酬,スタンダード,ＯＡＴアグリオ株式会社,財務比率,0,0,
S100XSHI,報酬,スタンダード,ＯＡＴアグリオ株式会社,非財務指標,0,0,
S100XSHI,報酬,スタンダード,ＯＡＴアグリオ株式会社,株価関連指標,0,0,
S100XSHI,方針,スタンダード,ＯＡＴアグリオ株式会社,会計数字,0,0,"ESG,ROE,SDGs,営業利益率,自己資本比率"
S100XSHI,方針,スタンダード,ＯＡＴアグリオ株式会社,財務比率,1,1,"ESG,ROE,SDGs,営業利益率,自己資本比率"
S100XSHI,方針,スタンダード,ＯＡＴアグリオ株式会社,非財務指標,0,1,"ESG,ROE,SDGs,営業利益率,自己資本比率"
S100XSHI,方針,スタンダード,ＯＡＴアグリオ株式会社,株価関連指標,0,0,"ESG,ROE,SDGs,営業利益率,自己資本比率"
S100X7LO,報酬,スタンダード,ＴＨＥ　ＷＨＹ　ＨＯＷ　ＤＯ　ＣＯＭＰＡＮＹ株式会社,会計数字,0,0,
S100X7LO,報酬,スタンダード,ＴＨＥ　ＷＨＹ　ＨＯＷ　ＤＯ　ＣＯＭＰＡＮＹ株式会社,財務比率,0,0,
S100X7LO,報酬,スタンダード,ＴＨＥ　ＷＨＹ　ＨＯＷ　ＤＯ　ＣＯＭＰＡＮＹ株式会社,非財務指標,0,0,
S100X7LO,報酬,スタンダード,ＴＨＥ　ＷＨＹ　ＨＯＷ　ＤＯ　ＣＯＭＰＡＮＹ株式会社,株価関連指標,0,0,
S100X7LO,方針,スタンダード,ＴＨＥ　ＷＨＹ　ＨＯＷ　ＤＯ　ＣＯＭＰＡＮＹ株式会社,会計数字,1,1,"EBITDA,キャッシュフロー,営業利益,当期純利益"
S100X7LO,方針,スタンダード,ＴＨＥ　ＷＨＹ　ＨＯＷ　ＤＯ　ＣＯＭＰＡＮＹ株式会社,財務比率,0,0,"EBITDA,キャッシュフロー,営業利益,当期純利益"
S100X7LO,方針,スタンダード,ＴＨＥ　ＷＨＹ　ＨＯＷ　ＤＯ　ＣＯＭＰＡＮＹ株式会社,非財務指標,0,0,"EBITDA,キャッシュフロー,営業利益,当期純利益"
S100X7LO,方針,スタンダード,ＴＨＥ　ＷＨＹ　ＨＯＷ　ＤＯ　ＣＯＭＰＡＮＹ株式会社,株価関連指標,0,0,"EBITDA,キャッシュフロー,営業利益,当期純利益"
S100XAIS,報酬,スタンダード,アジア航測株式会社,会計数字,1,1,"営業利益,売上高"
S100XAIS,報酬,スタンダード,アジア航測株式会社,財務比率,0,0,"営業利益,売上高"
S100XAIS,報酬,スタンダード,アジア航測株式会社,非財務指標,0,0,"営業利益,売上高"
S100XAIS,報酬,スタンダード,アジア航測株式会社,株価関連指標,0,0,"営業利益,売上高"
S100XAIS,方針,スタンダード,アジア航測株式会社,会計数字,1,1,"ROE,サステナビリティ,営業利益,売上高,脱炭素/温室効果ガス,配当性向"
S100XAIS,方針,スタンダード,アジア航測株式会社,財務比率,1,1,"ROE,サステナビリティ,営業利益,売上高,脱炭素/温室効果ガス,配当性向"
S100XAIS,方針,スタンダード,アジア航測株式会社,非財務指標,0,1,"ROE,サステナビリティ,営業利益,売上高,脱炭素/温室効果ガス,配当性向"
S100XAIS,方針,スタンダード,アジア航測株式会社,株価関連指標,1,1,"ROE,サステナビリティ,営業利益,売上高,脱炭素/温室効果ガス,配当性向"
S100Y36L,報酬,スタンダード,イオン北海道株式会社,会計数字,1,1,"営業収益,経常利益"
S100Y36L,報酬,スタンダード,イオン北海道株式会社,財務比率,0,0,"営業収益,経常利益"
S100Y36L,報酬,スタンダード,イオン北海道株式会社,非財務指標,0,0,"営業収益,経常利益"
S100Y36L,報酬,スタンダード,イオン北海道株式会社,株価関連指標,0,0,"営業収益,経常利益"
S100Y36L,方針,スタンダード,イオン北海道株式会社,会計数字,1,1,"ROE,営業利益,営業利益率,売上高"
S100Y36L,方針,スタンダード,イオン北海道株式会社,財務比率,1,1,"ROE,営業利益,営業利益率,売上高"
S100Y36L,方針,スタンダード,イオン北海道株式会社,非財務指標,0,0,"ROE,営業利益,営業利益率,売上高"
S100Y36L,方針,スタンダード,イオン北海道株式会社,株価関連指標,0,0,"ROE,営業利益,営業利益率,売上高"
S100YE5G,報酬,スタンダード,イチカワ株式会社,会計数字,1,1,経常利益
S100YE5G,報酬,スタンダード,イチカワ株式会社,財務比率,0,0,経常利益
S100YE5G,報酬,スタンダード,イチカワ株式会社,非財務指標,0,0,経常利益
S100YE5G,報酬,スタンダード,イチカワ株式会社,株価関連指標,0,0,経常利益
S100YE5G,方針,スタンダード,イチカワ株式会社,会計数字,0,0,"SDGs,サステナビリティ,販売数量"
S100YE5G,方針,スタンダード,イチカワ株式会社,財務比率,0,0,"SDGs,サステナビリティ,販売数量"
S100YE5G,方針,スタンダード,イチカワ株式会社,非財務指標,0,1,"SDGs,サステナビリティ,販売数量"
S100YE5G,方針,スタンダード,イチカワ株式会社,株価関連指標,0,0,"SDGs,サステナビリティ,販売数量"
S100XUEF,報酬,スタンダード,クリエートメディック株式会社,会計数字,1,1,"ROE,営業利益,売上高"
S100XUEF,報酬,スタンダード,クリエートメディック株式会社,財務比率,1,1,"ROE,営業利益,売上高"
S100XUEF,報酬,スタンダード,クリエートメディック株式会社,非財務指標,0,0,"ROE,営業利益,売上高"
S100XUEF,報酬,スタンダード,クリエートメディック株式会社,株価関連指標,0,0,"ROE,営業利益,売上高"
S100XUEF,方針,スタンダード,クリエートメディック株式会社,会計数字,1,1,"ROE,利益率,営業利益,営業利益率,売上高"
S100XUEF,方針,スタンダード,クリエートメディック株式会社,財務比率,1,1,"ROE,利益率,営業利益,営業利益率,売上高"
S100XUEF,方針,スタンダード,クリエートメディック株式会社,非財務指標,0,0,"ROE,利益率,営業利益,営業利益率,売上高"
S100XUEF,方針,スタンダード,クリエートメディック株式会社,株価関連指標,0,0,"ROE,利益率,営業利益,営業利益率,売上高"
S100YJIQ,報酬,スタンダード,クワザワホールディングス株式会社,会計数字,1,1,"売上高,当期純利益,経常利益"
S100YJIQ,報酬,スタンダード,クワザワホールディングス株式会社,財務比率,0,0,"売上高,当期純利益,経常利益"
S100YJIQ,報酬,スタンダード,クワザワホールディングス株式会社,非財務指標,0,0,"売上高,当期純利益,経常利益"
S100YJIQ,報酬,スタンダード,クワザワホールディングス株式会社,株価関連指標,0,0,"売上高,当期純利益,経常利益"
S100YJIQ,方針,スタンダード,クワザワホールディングス株式会社,会計数字,1,1,"キャッシュフロー,売上総利益,経常利益,自己資本比率"
S100YJIQ,方針,スタンダード,クワザワホールディングス株式会社,財務比率,1,1,"キャッシュフロー,売上総利益,経常利益,自己資本比率"
S100YJIQ,方針,スタンダード,クワザワホールディングス株式会社,非財務指標,0,0,"キャッシュフロー,売上総利益,経常利益,自己資本比率"
S100YJIQ,方針,スタンダード,クワザワホールディングス株式会社,株価関連指標,0,0,"キャッシュフロー,売上総利益,経常利益,自己資本比率"
S100XSM3,報酬,スタンダード,グリーンランドリゾート株式会社,会計数字,1,1,"当期純利益,経常利益"
S100XSM3,報酬,スタンダード,グリーンランドリゾート株式会社,財務比率,0,0,"当期純利益,経常利益"
S100XSM3,報酬,スタンダード,グリーンランドリゾート株式会社,非財務指標,0,0,"当期純利益,経常利益"
S100XSM3,報酬,スタンダード,グリーンランドリゾート株式会社,株価関連指標,0,0,"当期純利益,経常利益"
S100XSM3,方針,スタンダード,グリーンランドリゾート株式会社,会計数字,0,0,"エンゲージメント,経常利益率"
S100XSM3,方針,スタンダード,グリーンランドリゾート株式会社,財務比率,1,1,"エンゲージメント,経常利益率"
S100XSM3,方針,スタンダード,グリーンランドリゾート株式会社,非財務指標,0,1,"エンゲージメント,経常利益率"
S100XSM3,方針,スタンダード,グリーンランドリゾート株式会社,株価関連指標,0,0,"エンゲージメント,経常利益率"
S100XUJB,報酬,スタンダード,サンデン株式会社,会計数字,1,1,"売上高,当期純利益"
S100XUJB,報酬,スタンダード,サンデン株式会社,財務比率,0,0,"売上高,当期純利益"
S100XUJB,報酬,スタンダード,サンデン株式会社,非財務指標,0,0,"売上高,当期純利益"
S100XUJB,報酬,スタンダード,サンデン株式会社,株価関連指標,0,0,"売上高,当期純利益"
S100XUJB,方針,スタンダード,サンデン株式会社,会計数字,1,1,"サステナビリティ,売上高,経常利益"
S100XUJB,方針,スタンダード,サンデン株式会社,財務比率,0,0,"サステナビリティ,売上高,経常利益"
S100XUJB,方針,スタンダード,サンデン株式会社,非財務指標,0,1,"サステナビリティ,売上高,経常利益"
S100XUJB,方針,スタンダード,サンデン株式会社,株価関連指標,0,0,"サステナビリティ,売上高,経常利益"
S100WKLO,報酬,スタンダード,シグマ光機株式会社,会計数字,1,1,営業利益
S100WKLO,報酬,スタンダード,シグマ光機株式会社,財務比率,0,0,営業利益
S100WKLO,報酬,スタンダード,シグマ光機株式会社,非財務指標,0,0,営業利益
S100WKLO,報酬,スタンダード,シグマ光機株式会社,株価関連指標,0,0,営業利益
S100WKLO,方針,スタンダード,シグマ光機株式会社,会計数字,1,1,"ESG,ROE,エンゲージメント,サステナビリティ,リスクマネジメント,営業利益,営業利益率,売上高,当期純利益"
S100WKLO,方針,スタンダード,シグマ光機株式会社,財務比率,1,1,"ESG,ROE,エンゲージメント,サステナビリティ,リスクマネジメント,営業利益,営業利益率,売上高,当期純利益"
S100WKLO,方針,スタンダード,シグマ光機株式会社,非財務指標,0,1,"ESG,ROE,エンゲージメント,サステナビリティ,リスクマネジメント,営業利益,営業利益率,売上高,当期純利益"
S100WKLO,方針,スタンダード,シグマ光機株式会社,株価関連指標,0,0,"ESG,ROE,エンゲージメント,サステナビリティ,リスクマネジメント,営業利益,営業利益率,売上高,当期純利益"
S100XT97,報酬,スタンダード,シンクレイヤ株式会社,会計数字,1,1,経常利益
S100XT97,報酬,スタンダード,シンクレイヤ株式会社,財務比率,0,0,経常利益
S100XT97,報酬,スタンダード,シンクレイヤ株式会社,非財務指標,0,0,経常利益
S100XT97,報酬,スタンダード,シンクレイヤ株式会社,株価関連指標,0,0,経常利益
S100XT97,方針,スタンダード,シンクレイヤ株式会社,会計数字,1,1,"営業利益,売上高,当期純利益率,経常利益"
S100XT97,方針,スタンダード,シンクレイヤ株式会社,財務比率,1,1,"営業利益,売上高,当期純利益率,経常利益"
S100XT97,方針,スタンダード,シンクレイヤ株式会社,非財務指標,0,0,"営業利益,売上高,当期純利益率,経常利益"
S100XT97,方針,スタンダード,シンクレイヤ株式会社,株価関連指標,0,0,"営業利益,売上高,当期純利益率,経常利益"
S100Y4Z8,報酬,スタンダード,タビオ株式会社,会計数字,1,1,営業利益
S100Y4Z8,報酬,スタンダード,タビオ株式会社,財務比率,0,0,営業利益
S100Y4Z8,報酬,スタンダード,タビオ株式会社,非財務指標,0,0,営業利益
S100Y4Z8,報酬,スタンダード,タビオ株式会社,株価関連指標,0,0,営業利益
S100Y4Z8,方針,スタンダード,タビオ株式会社,会計数字,0,0,
S100Y4Z8,方針,スタンダード,タビオ株式会社,財務比率,0,0,
S100Y4Z8,方針,スタンダード,タビオ株式会社,非財務指標,0,0,
S100Y4Z8,方針,スタンダード,タビオ株式会社,株価関連指標,0,0,
S100YL91,報酬,スタンダード,ディーブイエックス株式会社,会計数字,1,1,"ROE,営業利益"
S100YL91,報酬,スタンダード,ディーブイエックス株式会社,財務比率,1,1,"ROE,営業利益"
S100YL91,報酬,スタンダード,ディーブイエックス株式会社,非財務指標,0,0,"ROE,営業利益"
S100YL91,報酬,スタンダード,ディーブイエックス株式会社,株価関連指標,0,0,"ROE,営業利益"
S100YL91,方針,スタンダード,ディーブイエックス株式会社,会計数字,0,0,"ESG,ROE,サステナビリティ,利益率,営業利益率,当期純利益率"
S100YL91,方針,スタンダード,ディーブイエックス株式会社,財務比率,1,1,"ESG,ROE,サステナビリティ,利益率,営業利益率,当期純利益率"
S100YL91,方針,スタンダード,ディーブイエックス株式会社,非財務指標,0,1,"ESG,ROE,サステナビリティ,利益率,営業利益率,当期純利益率"
S100YL91,方針,スタンダード,ディーブイエックス株式会社,株価関連指標,0,0,"ESG,ROE,サステナビリティ,利益率,営業利益率,当期純利益率"
S100YG1N,報酬,スタンダード,ヒビノ株式会社,会計数字,1,1,"当期純利益,経常利益"
S100YG1N,報酬,スタンダード,ヒビノ株式会社,財務比率,0,0,"当期純利益,経常利益"
S100YG1N,報酬,スタンダード,ヒビノ株式会社,非財務指標,0,0,"当期純利益,経常利益"
S100YG1N,報酬,スタンダード,ヒビノ株式会社,株価関連指標,0,0,"当期純利益,経常利益"
S100YG1N,方針,スタンダード,ヒビノ株式会社,会計数字,1,1,"サステナビリティ,営業利益,売上高,売上高比,当期純利益,経常利益,自己資本比率"
S100YG1N,方針,スタンダード,ヒビノ株式会社,財務比率,1,1,"サステナビリティ,営業利益,売上高,売上高比,当期純利益,経常利益,自己資本比率"
S100YG1N,方針,スタンダード,ヒビノ株式会社,非財務指標,0,1,"サステナビリティ,営業利益,売上高,売上高比,当期純利益,経常利益,自己資本比率"
S100YG1N,方針,スタンダード,ヒビノ株式会社,株価関連指標,0,0,"サステナビリティ,営業利益,売上高,売上高比,当期純利益,経常利益,自己資本比率"
S100YJPR,報酬,スタンダード,ヒロセ通商株式会社,会計数字,1,1,経常利益
S100YJPR,報酬,スタンダード,ヒロセ通商株式会社,財務比率,0,0,経常利益
S100YJPR,報酬,スタンダード,ヒロセ通商株式会社,非財務指標,0,0,経常利益
S100YJPR,報酬,スタンダード,ヒロセ通商株式会社,株価関連指標,0,0,経常利益
S100YJPR,方針,スタンダード,ヒロセ通商株式会社,会計数字,1,1,"営業収益,自己資本規制比率"
S100YJPR,方針,スタンダード,ヒロセ通商株式会社,財務比率,1,1,"営業収益,自己資本規制比率"
S100YJPR,方針,スタンダード,ヒロセ通商株式会社,非財務指標,0,0,"営業収益,自己資本規制比率"
S100YJPR,方針,スタンダード,ヒロセ通商株式会社,株価関連指標,0,0,"営業収益,自己資本規制比率"
S100XYGD,報酬,スタンダード,ピープル株式会社,会計数字,0,0,ROE
S100XYGD,報酬,スタンダード,ピープル株式会社,財務比率,1,1,ROE
S100XYGD,報酬,スタンダード,ピープル株式会社,非財務指標,0,0,ROE
S100XYGD,報酬,スタンダード,ピープル株式会社,株価関連指標,0,0,ROE
S100XYGD,方針,スタンダード,ピープル株式会社,会計数字,0,0,"ROE,営業利益率"
S100XYGD,方針,スタンダード,ピープル株式会社,財務比率,1,1,"ROE,営業利益率"
S100XYGD,方針,スタンダード,ピープル株式会社,非財務指標,0,0,"ROE,営業利益率"
S100XYGD,方針,スタンダード,ピープル株式会社,株価関連指標,0,0,"ROE,営業利益率"
S100YPAA,報酬,スタンダード,リーダー電子株式会社,会計数字,1,1,営業利益
S100YPAA,報酬,スタンダード,リーダー電子株式会社,財務比率,0,0,営業利益
S100YPAA,報酬,スタンダード,リーダー電子株式会社,非財務指標,0,0,営業利益
S100YPAA,報酬,スタンダード,リーダー電子株式会社,株価関連指標,0,0,営業利益
S100YPAA,方針,スタンダード,リーダー電子株式会社,会計数字,1,1,"ESG,ROIC,サステナビリティ,売上高"
S100YPAA,方針,スタンダード,リーダー電子株式会社,財務比率,1,1,"ESG,ROIC,サステナビリティ,売上高"
S100YPAA,方針,スタンダード,リーダー電子株式会社,非財務指標,0,1,"ESG,ROIC,サステナビリティ,売上高"
S100YPAA,方針,スタンダード,リーダー電子株式会社,株価関連指標,0,0,"ESG,ROIC,サステナビリティ,売上高"
S100YMU3,報酬,スタンダード,三精テクノロジーズ株式会社,会計数字,1,1,"利益率,受注高,経常利益"
S100YMU3,報酬,スタンダード,三精テクノロジーズ株式会社,財務比率,1,1,"利益率,受注高,経常利益"
S100YMU3,報酬,スタンダード,三精テクノロジーズ株式会社,非財務指標,0,1,"利益率,受注高,経常利益"
S100YMU3,報酬,スタンダード,三精テクノロジーズ株式会社,株価関連指標,0,0,"利益率,受注高,経常利益"
S100YMU3,方針,スタンダード,三精テクノロジーズ株式会社,会計数字,0,0,"ESG,サステナビリティ,脱炭素/温室効果ガス"
S100YMU3,方針,スタンダード,三精テクノロジーズ株式会社,財務比率,0,0,"ESG,サステナビリティ,脱炭素/温室効果ガス"
S100YMU3,方針,スタンダード,三精テクノロジーズ株式会社,非財務指標,0,1,"ESG,サステナビリティ,脱炭素/温室効果ガス"
S100YMU3,方針,スタンダード,三精テクノロジーズ株式会社,株価関連指標,0,0,"ESG,サステナビリティ,脱炭素/温室効果ガス"
S100YFRP,報酬,スタンダード,中山福株式会社,会計数字,1,1,"営業利益,売上高,経常利益"
S100YFRP,報酬,スタンダード,中山福株式会社,財務比率,0,0,"営業利益,売上高,経常利益"
S100YFRP,報酬,スタンダード,中山福株式会社,非財務指標,0,0,"営業利益,売上高,経常利益"
S100YFRP,報酬,スタンダード,中山福株式会社,株価関連指標,0,0,"営業利益,売上高,経常利益"
S100YFRP,方針,スタンダード,中山福株式会社,会計数字,1,1,"SDGs,売上高,経常利益"
S100YFRP,方針,スタンダード,中山福株式会社,財務比率,0,0,"SDGs,売上高,経常利益"
S100YFRP,方針,スタンダード,中山福株式会社,非財務指標,0,1,"SDGs,売上高,経常利益"
S100YFRP,方針,スタンダード,中山福株式会社,株価関連指標,0,0,"SDGs,売上高,経常利益"
S100XTA9,報酬,スタンダード,京葉瓦斯株式会社,会計数字,1,1,当期純利益
S100XTA9,報酬,スタンダード,京葉瓦斯株式会社,財務比率,0,0,当期純利益
S100XTA9,報酬,スタンダード,京葉瓦斯株式会社,非財務指標,0,0,当期純利益
S100XTA9,報酬,スタンダード,京葉瓦斯株式会社,株価関連指標,0,0,当期純利益
S100XTA9,方針,スタンダード,京葉瓦斯株式会社,会計数字,0,0,"ROE,SDGs,エンゲージメント,脱炭素/温室効果ガス"
S100XTA9,方針,スタンダード,京葉瓦斯株式会社,財務比率,1,1,"ROE,SDGs,エンゲージメント,脱炭素/温室効果ガス"
S100XTA9,方針,スタンダード,京葉瓦斯株式会社,非財務指標,1,1,"ROE,SDGs,エンゲージメント,脱炭素/温室効果ガス"
S100XTA9,方針,スタンダード,京葉瓦斯株式会社,株価関連指標,0,0,"ROE,SDGs,エンゲージメント,脱炭素/温室効果ガス"
S100YJPO,報酬,スタンダード,京都機械工具株式会社,会計数字,1,1,売上高
S100YJPO,報酬,スタンダード,京都機械工具株式会社,財務比率,0,0,売上高
S100YJPO,報酬,スタンダード,京都機械工具株式会社,非財務指標,0,0,売上高
S100YJPO,報酬,スタンダード,京都機械工具株式会社,株価関連指標,0,0,売上高
S100YJPO,方針,スタンダード,京都機械工具株式会社,会計数字,1,1,"ESG,PBR,ROE,サステナビリティ,営業利益率,売上高,脱炭素/温室効果ガス"
S100YJPO,方針,スタンダード,京都機械工具株式会社,財務比率,1,1,"ESG,PBR,ROE,サステナビリティ,営業利益率,売上高,脱炭素/温室効果ガス"
S100YJPO,方針,スタンダード,京都機械工具株式会社,非財務指標,0,1,"ESG,PBR,ROE,サステナビリティ,営業利益率,売上高,脱炭素/温室効果ガス"
S100YJPO,方針,スタンダード,京都機械工具株式会社,株価関連指標,1,1,"ESG,PBR,ROE,サステナビリティ,営業利益率,売上高,脱炭素/温室効果ガス"
S100WL9D,報酬,スタンダード,室町ケミカル株式会社,会計数字,1,1,"ROE,営業利益"
S100WL9D,報酬,スタンダード,室町ケミカル株式会社,財務比率,1,1,"ROE,営業利益"
S100WL9D,報酬,スタンダード,室町ケミカル株式会社,非財務指標,0,0,"ROE,営業利益"
S100WL9D,報酬,スタンダード,室町ケミカル株式会社,株価関連指標,0,0,"ROE,営業利益"
S100WL9D,方針,スタンダード,室町ケミカル株式会社,会計数字,1,1,"EBITDA,ROE,エンゲージメント,営業利益,営業利益率,売上高,自己資本比率,配当性向"
S100WL9D,方針,スタンダード,室町ケミカル株式会社,財務比率,1,1,"EBITDA,ROE,エンゲージメント,営業利益,営業利益率,売上高,自己資本比率,配当性向"
S100WL9D,方針,スタンダード,室町ケミカル株式会社,非財務指標,0,1,"EBITDA,ROE,エンゲージメント,営業利益,営業利益率,売上高,自己資本比率,配当性向"
S100WL9D,方針,スタンダード,室町ケミカル株式会社,株価関連指標,1,1,"EBITDA,ROE,エンゲージメント,営業利益,営業利益率,売上高,自己資本比率,配当性向"
S100WK81,報酬,スタンダード,日本オラクル株式会社,会計数字,1,1,営業利益
S100WK81,報酬,スタンダード,日本オラクル株式会社,財務比率,0,0,営業利益
S100WK81,報酬,スタンダード,日本オラクル株式会社,非財務指標,0,0,営業利益
S100WK81,報酬,スタンダード,日本オラクル株式会社,株価関連指標,0,0,営業利益
S100WK81,方針,スタンダード,日本オラクル株式会社,会計数字,1,1,"EPS,営業利益,売上高"
S100WK81,方針,スタンダード,日本オラクル株式会社,財務比率,0,0,"EPS,営業利益,売上高"
S100WK81,方針,スタンダード,日本オラクル株式会社,非財務指標,0,0,"EPS,営業利益,売上高"
S100WK81,方針,スタンダード,日本オラクル株式会社,株価関連指標,0,0,"EPS,営業利益,売上高"
S100YFPM,報酬,スタンダード,日本興業株式会社,会計数字,1,1,"売上高,経常利益"
S100YFPM,報酬,スタンダード,日本興業株式会社,財務比率,0,0,"売上高,経常利益"
S100YFPM,報酬,スタンダード,日本興業株式会社,非財務指標,0,0,"売上高,経常利益"
S100YFPM,報酬,スタンダード,日本興業株式会社,株価関連指標,0,0,"売上高,経常利益"
S100YFPM,方針,スタンダード,日本興業株式会社,会計数字,0,0,"ESG,PBR,ROE,サステナビリティ,株主還元率,配当性向"
S100YFPM,方針,スタンダード,日本興業株式会社,財務比率,1,1,"ESG,PBR,ROE,サステナビリティ,株主還元率,配当性向"
S100YFPM,方針,スタンダード,日本興業株式会社,非財務指標,1,1,"ESG,PBR,ROE,サステナビリティ,株主還元率,配当性向"
S100YFPM,方針,スタンダード,日本興業株式会社,株価関連指標,1,1,"ESG,PBR,ROE,サステナビリティ,株主還元率,配当性向"
S100YHWG,報酬,スタンダード,日本電子材料株式会社,会計数字,0,0,経常利益率
S100YHWG,報酬,スタンダード,日本電子材料株式会社,財務比率,1,1,経常利益率
S100YHWG,報酬,スタンダード,日本電子材料株式会社,非財務指標,0,0,経常利益率
S100YHWG,報酬,スタンダード,日本電子材料株式会社,株価関連指標,0,0,経常利益率
S100YHWG,方針,スタンダード,日本電子材料株式会社,会計数字,1,1,"ESG,ROE,サステナビリティ,利益率,売上高,経常利益,経常利益率"
S100YHWG,方針,スタンダード,日本電子材料株式会社,財務比率,1,1,"ESG,ROE,サステナビリティ,利益率,売上高,経常利益,経常利益率"
S100YHWG,方針,スタンダード,日本電子材料株式会社,非財務指標,0,1,"ESG,ROE,サステナビリティ,利益率,売上高,経常利益,経常利益率"
S100YHWG,方針,スタンダード,日本電子材料株式会社,株価関連指標,0,0,"ESG,ROE,サステナビリティ,利益率,売上高,経常利益,経常利益率"
S100YHT5,報酬,スタンダード,旭情報サービス株式会社,会計数字,1,1,経常利益
S100YHT5,報酬,スタンダード,旭情報サービス株式会社,財務比率,0,0,経常利益
S100YHT5,報酬,スタンダード,旭情報サービス株式会社,非財務指標,0,0,経常利益
S100YHT5,報酬,スタンダード,旭情報サービス株式会社,株価関連指標,0,0,経常利益
S100YHT5,方針,スタンダード,旭情報サービス株式会社,会計数字,1,1,"エンゲージメント,サステナビリティ,リスクマネジメント,営業利益,売上高,配当性向"
S100YHT5,方針,スタンダード,旭情報サービス株式会社,財務比率,0,0,"エンゲージメント,サステナビリティ,リスクマネジメント,営業利益,売上高,配当性向"
S100YHT5,方針,スタンダード,旭情報サービス株式会社,非財務指標,0,1,"エンゲージメント,サステナビリティ,リスクマネジメント,営業利益,売上高,配当性向"
S100YHT5,方針,スタンダード,旭情報サービス株式会社,株価関連指標,1,1,"エンゲージメント,サステナビリティ,リスクマネジメント,営業利益,売上高,配当性向"
S100XSQ8,報酬,スタンダード,木徳神糧株式会社,会計数字,1,1,営業利益
S100XSQ8,報酬,スタンダード,木徳神糧株式会社,財務比率,0,0,営業利益
S100XSQ8,報酬,スタンダード,木徳神糧株式会社,非財務指標,0,0,営業利益
S100XSQ8,報酬,スタンダード,木徳神糧株式会社,株価関連指標,0,0,営業利益
S100XSQ8,方針,スタンダード,木徳神糧株式会社,会計数字,0,0,"DOE,ROE,サステナビリティ,営業利益率,当期純利益率"
S100XSQ8,方針,スタンダード,木徳神糧株式会社,財務比率,1,1,"DOE,ROE,サステナビリティ,営業利益率,当期純利益率"
S100XSQ8,方針,スタンダード,木徳神糧株式会社,非財務指標,0,1,"DOE,ROE,サステナビリティ,営業利益率,当期純利益率"
S100XSQ8,方針,スタンダード,木徳神糧株式会社,株価関連指標,1,1,"DOE,ROE,サステナビリティ,営業利益率,当期純利益率"
S100YKHR,報酬,スタンダード,東洋シヤッター株式会社,会計数字,1,1,"ROE,営業利益"
S100YKHR,報酬,スタンダード,東洋シヤッター株式会社,財務比率,1,1,"ROE,営業利益"
S100YKHR,報酬,スタンダード,東洋シヤッター株式会社,非財務指標,1,0,"ROE,営業利益"
S100YKHR,報酬,スタンダード,東洋シヤッター株式会社,株価関連指標,0,0,"ROE,営業利益"
S100YKHR,方針,スタンダード,東洋シヤッター株式会社,会計数字,1,1,"PBR,PER,ROE,エンゲージメント,サステナビリティ,営業利益,売上高,脱炭素/温室効果ガス,配当性向"
S100YKHR,方針,スタンダード,東洋シヤッター株式会社,財務比率,1,1,"PBR,PER,ROE,エンゲージメント,サステナビリティ,営業利益,売上高,脱炭素/温室効果ガス,配当性向"
S100YKHR,方針,スタンダード,東洋シヤッター株式会社,非財務指標,1,1,"PBR,PER,ROE,エンゲージメント,サステナビリティ,営業利益,売上高,脱炭素/温室効果ガス,配当性向"
S100YKHR,方針,スタンダード,東洋シヤッター株式会社,株価関連指標,1,1,"PBR,PER,ROE,エンゲージメント,サステナビリティ,営業利益,売上高,脱炭素/温室効果ガス,配当性向"
S100WLXE,報酬,スタンダード,東海ソフト株式会社,会計数字,1,1,"ROE,営業利益"
S100WLXE,報酬,スタンダード,東海ソフト株式会社,財務比率,1,1,"ROE,営業利益"
S100WLXE,報酬,スタンダード,東海ソフト株式会社,非財務指標,0,0,"ROE,営業利益"
S100WLXE,報酬,スタンダード,東海ソフト株式会社,株価関連指標,0,0,"ROE,営業利益"
S100WLXE,方針,スタンダード,東海ソフト株式会社,会計数字,0,1,"ROE,SDGs,サステナビリティ,営業利益,営業利益率,当期純利益率"
S100WLXE,方針,スタンダード,東海ソフト株式会社,財務比率,1,1,"ROE,SDGs,サステナビリティ,営業利益,営業利益率,当期純利益率"
S100WLXE,方針,スタンダード,東海ソフト株式会社,非財務指標,0,1,"ROE,SDGs,サステナビリティ,営業利益,営業利益率,当期純利益率"
S100WLXE,方針,スタンダード,東海ソフト株式会社,株価関連指標,0,0,"ROE,SDGs,サステナビリティ,営業利益,営業利益率,当期純利益率"
S100YGU8,報酬,スタンダード,東邦化学工業株式会社,会計数字,1,1,"ROE,営業利益,営業利益率,売上高,自己資本比率"
S100YGU8,報酬,スタンダード,東邦化学工業株式会社,財務比率,1,1,"ROE,営業利益,営業利益率,売上高,自己資本比率"
S100YGU8,報酬,スタンダード,東邦化学工業株式会社,非財務指標,0,0,"ROE,営業利益,営業利益率,売上高,自己資本比率"
S100YGU8,報酬,スタンダード,東邦化学工業株式会社,株価関連指標,0,0,"ROE,営業利益,営業利益率,売上高,自己資本比率"
S100YGU8,方針,スタンダード,東邦化学工業株式会社,会計数字,1,1,"ESG外部評価,PBR,ROE,サステナビリティ,営業利益,営業利益率,売上高,自己資本比率"
S100YGU8,方針,スタンダード,東邦化学工業株式会社,財務比率,1,1,"ESG外部評価,PBR,ROE,サステナビリティ,営業利益,営業利益率,売上高,自己資本比率"
S100YGU8,方針,スタンダード,東邦化学工業株式会社,非財務指標,0,1,"ESG外部評価,PBR,ROE,サステナビリティ,営業利益,営業利益率,売上高,自己資本比率"
S100YGU8,方針,スタンダード,東邦化学工業株式会社,株価関連指標,1,1,"ESG外部評価,PBR,ROE,サステナビリティ,営業利益,営業利益率,売上高,自己資本比率"
S100YFUZ,報酬,スタンダード,株式会社　富山銀行,会計数字,1,1,経常利益
S100YFUZ,報酬,スタンダード,株式会社　富山銀行,財務比率,0,0,経常利益
S100YFUZ,報酬,スタンダード,株式会社　富山銀行,非財務指標,0,0,経常利益
S100YFUZ,報酬,スタンダード,株式会社　富山銀行,株価関連指標,0,0,経常利益
S100YFUZ,方針,スタンダード,株式会社　富山銀行,会計数字,0,1,"コア業務純益,当期純利益"
S100YFUZ,方針,スタンダード,株式会社　富山銀行,財務比率,0,0,"コア業務純益,当期純利益"
S100YFUZ,方針,スタンダード,株式会社　富山銀行,非財務指標,0,0,"コア業務純益,当期純利益"
S100YFUZ,方針,スタンダード,株式会社　富山銀行,株価関連指標,0,0,"コア業務純益,当期純利益"
S100YLBY,報酬,スタンダード,株式会社　巴コーポレーション,会計数字,1,1,当期純利益
S100YLBY,報酬,スタンダード,株式会社　巴コーポレーション,財務比率,0,0,当期純利益
S100YLBY,報酬,スタンダード,株式会社　巴コーポレーション,非財務指標,0,0,当期純利益
S100YLBY,報酬,スタンダード,株式会社　巴コーポレーション,株価関連指標,0,0,当期純利益
S100YLBY,方針,スタンダード,株式会社　巴コーポレーション,会計数字,0,0,"PBR,ROE,利益率,営業利益率"
S100YLBY,方針,スタンダード,株式会社　巴コーポレーション,財務比率,1,1,"PBR,ROE,利益率,営業利益率"
S100YLBY,方針,スタンダード,株式会社　巴コーポレーション,非財務指標,0,0,"PBR,ROE,利益率,営業利益率"
S100YLBY,方針,スタンダード,株式会社　巴コーポレーション,株価関連指標,1,1,"PBR,ROE,利益率,営業利益率"
S100YI5M,報酬,スタンダード,株式会社　東　祥,会計数字,1,1,"ROE,売上高,経常利益"
S100YI5M,報酬,スタンダード,株式会社　東　祥,財務比率,1,1,"ROE,売上高,経常利益"
S100YI5M,報酬,スタンダード,株式会社　東　祥,非財務指標,0,0,"ROE,売上高,経常利益"
S100YI5M,報酬,スタンダード,株式会社　東　祥,株価関連指標,0,0,"ROE,売上高,経常利益"
S100YI5M,方針,スタンダード,株式会社　東　祥,会計数字,0,0,経常利益率
S100YI5M,方針,スタンダード,株式会社　東　祥,財務比率,1,1,経常利益率
S100YI5M,方針,スタンダード,株式会社　東　祥,非財務指標,1,0,経常利益率
S100YI5M,方針,スタンダード,株式会社　東　祥,株価関連指標,0,0,経常利益率
S100XB6O,報酬,スタンダード,株式会社エスケーエレクトロニクス,会計数字,1,1,当期純利益
S100XB6O,報酬,スタンダード,株式会社エスケーエレクトロニクス,財務比率,0,0,当期純利益
S100XB6O,報酬,スタンダード,株式会社エスケーエレクトロニクス,非財務指標,0,0,当期純利益
S100XB6O,報酬,スタンダード,株式会社エスケーエレクトロニクス,株価関連指標,0,0,当期純利益
S100XB6O,方針,スタンダード,株式会社エスケーエレクトロニクス,会計数字,0,0,"ROE,営業利益率"
S100XB6O,方針,スタンダード,株式会社エスケーエレクトロニクス,財務比率,1,1,"ROE,営業利益率"
S100XB6O,方針,スタンダード,株式会社エスケーエレクトロニクス,非財務指標,0,0,"ROE,営業利益率"
S100XB6O,方針,スタンダード,株式会社エスケーエレクトロニクス,株価関連指標,0,0,"ROE,営業利益率"
S100YKNO,報酬,スタンダード,株式会社エックスネット,会計数字,1,1,"ROE,営業利益,売上高,経常利益"
S100YKNO,報酬,スタンダード,株式会社エックスネット,財務比率,1,1,"ROE,営業利益,売上高,経常利益"
S100YKNO,報酬,スタンダード,株式会社エックスネット,非財務指標,0,0,"ROE,営業利益,売上高,経常利益"
S100YKNO,報酬,スタンダード,株式会社エックスネット,株価関連指標,0,0,"ROE,営業利益,売上高,経常利益"
S100YKNO,方針,スタンダード,株式会社エックスネット,会計数字,1,1,"ROE,営業利益,営業利益率,売上高,配当性向"
S100YKNO,方針,スタンダード,株式会社エックスネット,財務比率,1,1,"ROE,営業利益,営業利益率,売上高,配当性向"
S100YKNO,方針,スタンダード,株式会社エックスネット,非財務指標,0,0,"ROE,営業利益,営業利益率,売上高,配当性向"
S100YKNO,方針,スタンダード,株式会社エックスネット,株価関連指標,1,1,"ROE,営業利益,営業利益率,売上高,配当性向"
S100YK9E,報酬,スタンダード,株式会社エーアンドエーマテリアル,会計数字,1,1,営業利益
S100YK9E,報酬,スタンダード,株式会社エーアンドエーマテリアル,財務比率,0,0,営業利益
S100YK9E,報酬,スタンダード,株式会社エーアンドエーマテリアル,非財務指標,0,0,営業利益
S100YK9E,報酬,スタンダード,株式会社エーアンドエーマテリアル,株価関連指標,0,0,営業利益
S100YK9E,方針,スタンダード,株式会社エーアンドエーマテリアル,会計数字,0,0,"エンゲージメント,サステナビリティ"
S100YK9E,方針,スタンダード,株式会社エーアンドエーマテリアル,財務比率,0,0,"エンゲージメント,サステナビリティ"
S100YK9E,方針,スタンダード,株式会社エーアンドエーマテリアル,非財務指標,0,1,"エンゲージメント,サステナビリティ"
S100YK9E,方針,スタンダード,株式会社エーアンドエーマテリアル,株価関連指標,0,0,"エンゲージメント,サステナビリティ"
S100YJF6,報酬,スタンダード,株式会社オリジン,会計数字,1,1,"営業利益,売上高,経常利益"
S100YJF6,報酬,スタンダード,株式会社オリジン,財務比率,0,0,"営業利益,売上高,経常利益"
S100YJF6,報酬,スタンダード,株式会社オリジン,非財務指標,0,0,"営業利益,売上高,経常利益"
S100YJF6,報酬,スタンダード,株式会社オリジン,株価関連指標,0,0,"営業利益,売上高,経常利益"
S100YJF6,方針,スタンダード,株式会社オリジン,会計数字,1,1,"ROE,利益率,営業利益,当期純利益,経常利益"
S100YJF6,方針,スタンダード,株式会社オリジン,財務比率,1,1,"ROE,利益率,営業利益,当期純利益,経常利益"
S100YJF6,方針,スタンダード,株式会社オリジン,非財務指標,0,0,"ROE,利益率,営業利益,当期純利益,経常利益"
S100YJF6,方針,スタンダード,株式会社オリジン,株価関連指標,0,0,"ROE,利益率,営業利益,当期純利益,経常利益"
S100Y68C,報酬,スタンダード,株式会社シー・ヴイ・エス・ベイエリア,会計数字,1,1,営業利益
S100Y68C,報酬,スタンダード,株式会社シー・ヴイ・エス・ベイエリア,財務比率,0,0,営業利益
S100Y68C,報酬,スタンダード,株式会社シー・ヴイ・エス・ベイエリア,非財務指標,0,0,営業利益
S100Y68C,報酬,スタンダード,株式会社シー・ヴイ・エス・ベイエリア,株価関連指標,0,0,営業利益
S100Y68C,方針,スタンダード,株式会社シー・ヴイ・エス・ベイエリア,会計数字,1,1,"サステナビリティ,営業利益,売上高"
S100Y68C,方針,スタンダード,株式会社シー・ヴイ・エス・ベイエリア,財務比率,0,0,"サステナビリティ,営業利益,売上高"
S100Y68C,方針,スタンダード,株式会社シー・ヴイ・エス・ベイエリア,非財務指標,0,1,"サステナビリティ,営業利益,売上高"
S100Y68C,方針,スタンダード,株式会社シー・ヴイ・エス・ベイエリア,株価関連指標,0,0,"サステナビリティ,営業利益,売上高"
S100XHU3,報酬,スタンダード,株式会社ジェネレーションパス,会計数字,1,1,営業利益
S100XHU3,報酬,スタンダード,株式会社ジェネレーションパス,財務比率,0,0,営業利益
S100XHU3,報酬,スタンダード,株式会社ジェネレーションパス,非財務指標,0,0,営業利益
S100XHU3,報酬,スタンダード,株式会社ジェネレーションパス,株価関連指標,0,0,営業利益
S100XHU3,方針,スタンダード,株式会社ジェネレーションパス,会計数字,1,1,"利益率,売上高,経常利益"
S100XHU3,方針,スタンダード,株式会社ジェネレーションパス,財務比率,0,1,"利益率,売上高,経常利益"
S100XHU3,方針,スタンダード,株式会社ジェネレーションパス,非財務指標,0,0,"利益率,売上高,経常利益"
S100XHU3,方針,スタンダード,株式会社ジェネレーションパス,株価関連指標,0,0,"利益率,売上高,経常利益"
S100YEE9,報酬,スタンダード,株式会社セレコーポレーション,会計数字,1,1,"営業利益,売上総利益率"
S100YEE9,報酬,スタンダード,株式会社セレコーポレーション,財務比率,1,1,"営業利益,売上総利益率"
S100YEE9,報酬,スタンダード,株式会社セレコーポレーション,非財務指標,0,0,"営業利益,売上総利益率"
S100YEE9,報酬,スタンダード,株式会社セレコーポレーション,株価関連指標,0,0,"営業利益,売上総利益率"
S100YEE9,方針,スタンダード,株式会社セレコーポレーション,会計数字,1,1,"PBR,ROE,SDGs,営業利益,営業利益率,売上総利益率,売上高,時価総額"
S100YEE9,方針,スタンダード,株式会社セレコーポレーション,財務比率,1,1,"PBR,ROE,SDGs,営業利益,営業利益率,売上総利益率,売上高,時価総額"
S100YEE9,方針,スタンダード,株式会社セレコーポレーション,非財務指標,1,1,"PBR,ROE,SDGs,営業利益,営業利益率,売上総利益率,売上高,時価総額"
S100YEE9,方針,スタンダード,株式会社セレコーポレーション,株価関連指標,1,1,"PBR,ROE,SDGs,営業利益,営業利益率,売上総利益率,売上高,時価総額"
S100YGNU,報酬,スタンダード,株式会社ダイショー,会計数字,1,1,"売上高,経常利益"
S100YGNU,報酬,スタンダード,株式会社ダイショー,財務比率,0,0,"売上高,経常利益"
S100YGNU,報酬,スタンダード,株式会社ダイショー,非財務指標,0,0,"売上高,経常利益"
S100YGNU,報酬,スタンダード,株式会社ダイショー,株価関連指標,0,0,"売上高,経常利益"
S100YGNU,方針,スタンダード,株式会社ダイショー,会計数字,1,1,"SDGs,売上高,当期純利益,経常利益"
S100YGNU,方針,スタンダード,株式会社ダイショー,財務比率,0,0,"SDGs,売上高,当期純利益,経常利益"
S100YGNU,方針,スタンダード,株式会社ダイショー,非財務指標,0,1,"SDGs,売上高,当期純利益,経常利益"
S100YGNU,方針,スタンダード,株式会社ダイショー,株価関連指標,0,0,"SDGs,売上高,当期純利益,経常利益"
S100YBU2,報酬,スタンダード,株式会社データ・アプリケーション,会計数字,1,1,"営業利益,売上高,定性評価"
S100YBU2,報酬,スタンダード,株式会社データ・アプリケーション,財務比率,0,0,"営業利益,売上高,定性評価"
S100YBU2,報酬,スタンダード,株式会社データ・アプリケーション,非財務指標,0,1,"営業利益,売上高,定性評価"
S100YBU2,報酬,スタンダード,株式会社データ・アプリケーション,株価関連指標,0,0,"営業利益,売上高,定性評価"
S100YBU2,方針,スタンダード,株式会社データ・アプリケーション,会計数字,1,1,"DOE,EBITDA,ROE,売上高"
S100YBU2,方針,スタンダード,株式会社データ・アプリケーション,財務比率,1,1,"DOE,EBITDA,ROE,売上高"
S100YBU2,方針,スタンダード,株式会社データ・アプリケーション,非財務指標,0,0,"DOE,EBITDA,ROE,売上高"
S100YBU2,方針,スタンダード,株式会社データ・アプリケーション,株価関連指標,1,1,"DOE,EBITDA,ROE,売上高"
S100XU05,報酬,スタンダード,株式会社トライアイズ,会計数字,1,1,"営業利益,当期純利益,経常利益"
S100XU05,報酬,スタンダード,株式会社トライアイズ,財務比率,0,0,"営業利益,当期純利益,経常利益"
S100XU05,報酬,スタンダード,株式会社トライアイズ,非財務指標,0,0,"営業利益,当期純利益,経常利益"
S100XU05,報酬,スタンダード,株式会社トライアイズ,株価関連指標,0,0,"営業利益,当期純利益,経常利益"
S100XU05,方針,スタンダード,株式会社トライアイズ,会計数字,1,1,"ROE,営業利益,営業利益率"
S100XU05,方針,スタンダード,株式会社トライアイズ,財務比率,1,1,"ROE,営業利益,営業利益率"
S100XU05,方針,スタンダード,株式会社トライアイズ,非財務指標,0,0,"ROE,営業利益,営業利益率"
S100XU05,方針,スタンダード,株式会社トライアイズ,株価関連指標,0,0,"ROE,営業利益,営業利益率"
S100X5JM,報酬,スタンダード,株式会社トーセ,会計数字,1,1,当期純利益
S100X5JM,報酬,スタンダード,株式会社トーセ,財務比率,0,0,当期純利益
S100X5JM,報酬,スタンダード,株式会社トーセ,非財務指標,0,0,当期純利益
S100X5JM,報酬,スタンダード,株式会社トーセ,株価関連指標,0,0,当期純利益
S100X5JM,方針,スタンダード,株式会社トーセ,会計数字,1,1,"ROE,エンゲージメント,当期純利益,経常利益"
S100X5JM,方針,スタンダード,株式会社トーセ,財務比率,1,1,"ROE,エンゲージメント,当期純利益,経常利益"
S100X5JM,方針,スタンダード,株式会社トーセ,非財務指標,0,1,"ROE,エンゲージメント,当期純利益,経常利益"
S100X5JM,方針,スタンダード,株式会社トーセ,株価関連指標,0,0,"ROE,エンゲージメント,当期純利益,経常利益"
S100Y4LV,報酬,スタンダード,株式会社トーヨーアサノ,会計数字,1,1,"営業利益,売上高,当期純利益"
S100Y4LV,報酬,スタンダード,株式会社トーヨーアサノ,財務比率,0,0,"営業利益,売上高,当期純利益"
S100Y4LV,報酬,スタンダード,株式会社トーヨーアサノ,非財務指標,0,0,"営業利益,売上高,当期純利益"
S100Y4LV,報酬,スタンダード,株式会社トーヨーアサノ,株価関連指標,0,0,"営業利益,売上高,当期純利益"
S100Y4LV,方針,スタンダード,株式会社トーヨーアサノ,会計数字,1,1,"ROE,利益率,売上高,自己資本比率,配当性向"
S100Y4LV,方針,スタンダード,株式会社トーヨーアサノ,財務比率,1,1,"ROE,利益率,売上高,自己資本比率,配当性向"
S100Y4LV,方針,スタンダード,株式会社トーヨーアサノ,非財務指標,0,0,"ROE,利益率,売上高,自己資本比率,配当性向"
S100Y4LV,方針,スタンダード,株式会社トーヨーアサノ,株価関連指標,1,1,"ROE,利益率,売上高,自己資本比率,配当性向"
S100YF2C,報酬,スタンダード,株式会社ナカボーテック,会計数字,1,1,経常利益
S100YF2C,報酬,スタンダード,株式会社ナカボーテック,財務比率,0,0,経常利益
S100YF2C,報酬,スタンダード,株式会社ナカボーテック,非財務指標,0,0,経常利益
S100YF2C,報酬,スタンダード,株式会社ナカボーテック,株価関連指標,0,0,経常利益
S100YF2C,方針,スタンダード,株式会社ナカボーテック,会計数字,1,1,"ESG,ESG外部評価,エンゲージメント,サステナビリティ,売上高,経常利益"
S100YF2C,方針,スタンダード,株式会社ナカボーテック,財務比率,0,0,"ESG,ESG外部評価,エンゲージメント,サステナビリティ,売上高,経常利益"
S100YF2C,方針,スタンダード,株式会社ナカボーテック,非財務指標,1,1,"ESG,ESG外部評価,エンゲージメント,サステナビリティ,売上高,経常利益"
S100YF2C,方針,スタンダード,株式会社ナカボーテック,株価関連指標,0,0,"ESG,ESG外部評価,エンゲージメント,サステナビリティ,売上高,経常利益"
S100WQEO,報酬,スタンダード,株式会社ナガオカ,会計数字,1,1,当期純利益
S100WQEO,報酬,スタンダード,株式会社ナガオカ,財務比率,0,0,当期純利益
S100WQEO,報酬,スタンダード,株式会社ナガオカ,非財務指標,0,0,当期純利益
S100WQEO,報酬,スタンダード,株式会社ナガオカ,株価関連指標,0,0,当期純利益
S100WQEO,方針,スタンダード,株式会社ナガオカ,会計数字,1,1,"売上高,当期純利益"
S100WQEO,方針,スタンダード,株式会社ナガオカ,財務比率,0,0,"売上高,当期純利益"
S100WQEO,方針,スタンダード,株式会社ナガオカ,非財務指標,0,0,"売上高,当期純利益"
S100WQEO,方針,スタンダード,株式会社ナガオカ,株価関連指標,0,0,"売上高,当期純利益"
S100YIRK,報酬,スタンダード,株式会社ヒラノテクシード,会計数字,1,1,営業利益
S100YIRK,報酬,スタンダード,株式会社ヒラノテクシード,財務比率,0,0,営業利益
S100YIRK,報酬,スタンダード,株式会社ヒラノテクシード,非財務指標,0,0,営業利益
S100YIRK,報酬,スタンダード,株式会社ヒラノテクシード,株価関連指標,0,0,営業利益
S100YIRK,方針,スタンダード,株式会社ヒラノテクシード,会計数字,1,1,"キャッシュフロー,経常利益率"
S100YIRK,方針,スタンダード,株式会社ヒラノテクシード,財務比率,1,1,"キャッシュフロー,経常利益率"
S100YIRK,方針,スタンダード,株式会社ヒラノテクシード,非財務指標,0,0,"キャッシュフロー,経常利益率"
S100YIRK,方針,スタンダード,株式会社ヒラノテクシード,株価関連指標,0,0,"キャッシュフロー,経常利益率"
S100XGUB,報酬,スタンダード,株式会社フォーシーズＨＤ,会計数字,1,1,当期純利益
S100XGUB,報酬,スタンダード,株式会社フォーシーズＨＤ,財務比率,0,0,当期純利益
S100XGUB,報酬,スタンダード,株式会社フォーシーズＨＤ,非財務指標,0,0,当期純利益
S100XGUB,報酬,スタンダード,株式会社フォーシーズＨＤ,株価関連指標,0,0,当期純利益
S100XGUB,方針,スタンダード,株式会社フォーシーズＨＤ,会計数字,0,0,
S100XGUB,方針,スタンダード,株式会社フォーシーズＨＤ,財務比率,0,0,
S100XGUB,方針,スタンダード,株式会社フォーシーズＨＤ,非財務指標,0,0,
S100XGUB,方針,スタンダード,株式会社フォーシーズＨＤ,株価関連指標,0,0,
S100WX02,報酬,スタンダード,株式会社ブラス,会計数字,0,0,
S100WX02,報酬,スタンダード,株式会社ブラス,財務比率,0,0,
S100WX02,報酬,スタンダード,株式会社ブラス,非財務指標,0,0,
S100WX02,報酬,スタンダード,株式会社ブラス,株価関連指標,0,0,
S100WX02,方針,スタンダード,株式会社ブラス,会計数字,1,1,"キャッシュフロー,売上高,経常利益,経常利益率"
S100WX02,方針,スタンダード,株式会社ブラス,財務比率,1,1,"キャッシュフロー,売上高,経常利益,経常利益率"
S100WX02,方針,スタンダード,株式会社ブラス,非財務指標,0,0,"キャッシュフロー,売上高,経常利益,経常利益率"
S100WX02,方針,スタンダード,株式会社ブラス,株価関連指標,0,0,"キャッシュフロー,売上高,経常利益,経常利益率"
S100YN5U,報酬,スタンダード,株式会社ポプラ,会計数字,1,1,"営業利益,当期純利益"
S100YN5U,報酬,スタンダード,株式会社ポプラ,財務比率,0,0,"営業利益,当期純利益"
S100YN5U,報酬,スタンダード,株式会社ポプラ,非財務指標,0,0,"営業利益,当期純利益"
S100YN5U,報酬,スタンダード,株式会社ポプラ,株価関連指標,0,0,"営業利益,当期純利益"
S100YN5U,方針,スタンダード,株式会社ポプラ,会計数字,1,1,"ROIC,営業利益,売上高"
S100YN5U,方針,スタンダード,株式会社ポプラ,財務比率,1,1,"ROIC,営業利益,売上高"
S100YN5U,方針,スタンダード,株式会社ポプラ,非財務指標,0,0,"ROIC,営業利益,売上高"
S100YN5U,方針,スタンダード,株式会社ポプラ,株価関連指標,0,0,"ROIC,営業利益,売上高"
S100YN3H,報酬,スタンダード,株式会社マキヤ,会計数字,1,1,経常利益
S100YN3H,報酬,スタンダード,株式会社マキヤ,財務比率,0,0,経常利益
S100YN3H,報酬,スタンダード,株式会社マキヤ,非財務指標,0,0,経常利益
S100YN3H,報酬,スタンダード,株式会社マキヤ,株価関連指標,0,0,経常利益
S100YN3H,方針,スタンダード,株式会社マキヤ,会計数字,1,1,"DOE,ROA,ROE,ROI,サステナビリティ,売上総利益,売上総利益率,売上高,棚卸資産回転率,経常利益率,脱炭素/温室効果ガス,配当性向"
S100YN3H,方針,スタンダード,株式会社マキヤ,財務比率,1,1,"DOE,ROA,ROE,ROI,サステナビリティ,売上総利益,売上総利益率,売上高,棚卸資産回転率,経常利益率,脱炭素/温室効果ガス,配当性向"
S100YN3H,方針,スタンダード,株式会社マキヤ,非財務指標,0,1,"DOE,ROA,ROE,ROI,サステナビリティ,売上総利益,売上総利益率,売上高,棚卸資産回転率,経常利益率,脱炭素/温室効果ガス,配当性向"
S100YN3H,方針,スタンダード,株式会社マキヤ,株価関連指標,1,1,"DOE,ROA,ROE,ROI,サステナビリティ,売上総利益,売上総利益率,売上高,棚卸資産回転率,経常利益率,脱炭素/温室効果ガス,配当性向"
S100Y6B9,報酬,スタンダード,株式会社マルゼン,会計数字,1,1,経常利益
S100Y6B9,報酬,スタンダード,株式会社マルゼン,財務比率,0,0,経常利益
S100Y6B9,報酬,スタンダード,株式会社マルゼン,非財務指標,0,0,経常利益
S100Y6B9,報酬,スタンダード,株式会社マルゼン,株価関連指標,0,0,経常利益
S100Y6B9,方針,スタンダード,株式会社マルゼン,会計数字,1,1,"EPS,ROE,SDGs,利益率,売上高"
S100Y6B9,方針,スタンダード,株式会社マルゼン,財務比率,1,1,"EPS,ROE,SDGs,利益率,売上高"
S100Y6B9,方針,スタンダード,株式会社マルゼン,非財務指標,0,1,"EPS,ROE,SDGs,利益率,売上高"
S100Y6B9,方針,スタンダード,株式会社マルゼン,株価関連指標,0,0,"EPS,ROE,SDGs,利益率,売上高"
S100YHKP,報酬,スタンダード,株式会社ヤギ,会計数字,1,1,"当期純利益,経常利益"
S100YHKP,報酬,スタンダード,株式会社ヤギ,財務比率,0,0,"当期純利益,経常利益"
S100YHKP,報酬,スタンダード,株式会社ヤギ,非財務指標,0,0,"当期純利益,経常利益"
S100YHKP,報酬,スタンダード,株式会社ヤギ,株価関連指標,0,0,"当期純利益,経常利益"
S100YHKP,方針,スタンダード,株式会社ヤギ,会計数字,1,1,"PBR,ROE,営業利益,売上高,当期純利益,経常利益"
S100YHKP,方針,スタンダード,株式会社ヤギ,財務比率,1,1,"PBR,ROE,営業利益,売上高,当期純利益,経常利益"
S100YHKP,方針,スタンダード,株式会社ヤギ,非財務指標,0,0,"PBR,ROE,営業利益,売上高,当期純利益,経常利益"
S100YHKP,方針,スタンダード,株式会社ヤギ,株価関連指標,1,1,"PBR,ROE,営業利益,売上高,当期純利益,経常利益"
S100YGWG,報酬,スタンダード,株式会社リニカル,会計数字,1,1,"営業利益,売上高,当期純利益"
S100YGWG,報酬,スタンダード,株式会社リニカル,財務比率,0,0,"営業利益,売上高,当期純利益"
S100YGWG,報酬,スタンダード,株式会社リニカル,非財務指標,0,0,"営業利益,売上高,当期純利益"
S100YGWG,報酬,スタンダード,株式会社リニカル,株価関連指標,1,0,"営業利益,売上高,当期純利益"
S100YGWG,方針,スタンダード,株式会社リニカル,会計数字,1,1,"EPS,PER,売上高,当期純利益,自己資本比率"
S100YGWG,方針,スタンダード,株式会社リニカル,財務比率,0,1,"EPS,PER,売上高,当期純利益,自己資本比率"
S100YGWG,方針,スタンダード,株式会社リニカル,非財務指標,0,0,"EPS,PER,売上高,当期純利益,自己資本比率"
S100YGWG,方針,スタンダード,株式会社リニカル,株価関連指標,0,1,"EPS,PER,売上高,当期純利益,自己資本比率"
S100YGO7,報酬,スタンダード,株式会社ロブテックス,会計数字,1,1,当期純利益
S100YGO7,報酬,スタンダード,株式会社ロブテックス,財務比率,0,0,当期純利益
S100YGO7,報酬,スタンダード,株式会社ロブテックス,非財務指標,0,0,当期純利益
S100YGO7,報酬,スタンダード,株式会社ロブテックス,株価関連指標,0,0,当期純利益
S100YGO7,方針,スタンダード,株式会社ロブテックス,会計数字,1,1,"キャッシュフロー,営業利益,売上高,当期純利益,経常利益"
S100YGO7,方針,スタンダード,株式会社ロブテックス,財務比率,0,0,"キャッシュフロー,営業利益,売上高,当期純利益,経常利益"
S100YGO7,方針,スタンダード,株式会社ロブテックス,非財務指標,0,0,"キャッシュフロー,営業利益,売上高,当期純利益,経常利益"
S100YGO7,方針,スタンダード,株式会社ロブテックス,株価関連指標,0,0,"キャッシュフロー,営業利益,売上高,当期純利益,経常利益"
S100X626,報酬,スタンダード,株式会社ワッツ,会計数字,1,1,当期純利益
S100X626,報酬,スタンダード,株式会社ワッツ,財務比率,0,0,当期純利益
S100X626,報酬,スタンダード,株式会社ワッツ,非財務指標,0,0,当期純利益
S100X626,報酬,スタンダード,株式会社ワッツ,株価関連指標,0,0,当期純利益
S100X626,方針,スタンダード,株式会社ワッツ,会計数字,0,1,"ESG,ROE,SDGs,売上高,当期純利益率,経常利益率"
S100X626,方針,スタンダード,株式会社ワッツ,財務比率,1,1,"ESG,ROE,SDGs,売上高,当期純利益率,経常利益率"
S100X626,方針,スタンダード,株式会社ワッツ,非財務指標,0,1,"ESG,ROE,SDGs,売上高,当期純利益率,経常利益率"
S100X626,方針,スタンダード,株式会社ワッツ,株価関連指標,0,0,"ESG,ROE,SDGs,売上高,当期純利益率,経常利益率"
S100YBPW,報酬,スタンダード,株式会社大冷,会計数字,1,1,"当期純利益,経常利益"
S100YBPW,報酬,スタンダード,株式会社大冷,財務比率,0,0,"当期純利益,経常利益"
S100YBPW,報酬,スタンダード,株式会社大冷,非財務指標,0,0,"当期純利益,経常利益"
S100YBPW,報酬,スタンダード,株式会社大冷,株価関連指標,0,0,"当期純利益,経常利益"
S100YBPW,方針,スタンダード,株式会社大冷,会計数字,1,1,"ROA,ROE,売上高,経常利益,経常利益率,配当性向"
S100YBPW,方針,スタンダード,株式会社大冷,財務比率,1,1,"ROA,ROE,売上高,経常利益,経常利益率,配当性向"
S100YBPW,方針,スタンダード,株式会社大冷,非財務指標,0,0,"ROA,ROE,売上高,経常利益,経常利益率,配当性向"
S100YBPW,方針,スタンダード,株式会社大冷,株価関連指標,1,1,"ROA,ROE,売上高,経常利益,経常利益率,配当性向"
S100YI8J,報酬,スタンダード,株式会社大本組,会計数字,1,1,"受注高,営業利益"
S100YI8J,報酬,スタンダード,株式会社大本組,財務比率,0,0,"受注高,営業利益"
S100YI8J,報酬,スタンダード,株式会社大本組,非財務指標,0,1,"受注高,営業利益"
S100YI8J,報酬,スタンダード,株式会社大本組,株価関連指標,0,0,"受注高,営業利益"
S100YI8J,方針,スタンダード,株式会社大本組,会計数字,1,1,"ROE,利益率,営業利益率,売上高,自己資本比率,配当性向"
S100YI8J,方針,スタンダード,株式会社大本組,財務比率,1,1,"ROE,利益率,営業利益率,売上高,自己資本比率,配当性向"
S100YI8J,方針,スタンダード,株式会社大本組,非財務指標,0,0,"ROE,利益率,営業利益率,売上高,自己資本比率,配当性向"
S100YI8J,方針,スタンダード,株式会社大本組,株価関連指標,1,1,"ROE,利益率,営業利益率,売上高,自己資本比率,配当性向"
S100YHKN,報酬,スタンダード,株式会社大東銀行,会計数字,1,1,当期純利益
S100YHKN,報酬,スタンダード,株式会社大東銀行,財務比率,0,0,当期純利益
S100YHKN,報酬,スタンダード,株式会社大東銀行,非財務指標,0,0,当期純利益
S100YHKN,報酬,スタンダード,株式会社大東銀行,株価関連指標,0,0,当期純利益
S100YHKN,方針,スタンダード,株式会社大東銀行,会計数字,1,1,"ESG,ROE,SDGs,コア業務純益,サステナビリティ,当期純利益,自己資本比率"
S100YHKN,方針,スタンダード,株式会社大東銀行,財務比率,1,1,"ESG,ROE,SDGs,コア業務純益,サステナビリティ,当期純利益,自己資本比率"
S100YHKN,方針,スタンダード,株式会社大東銀行,非財務指標,0,1,"ESG,ROE,SDGs,コア業務純益,サステナビリティ,当期純利益,自己資本比率"
S100YHKN,方針,スタンダード,株式会社大東銀行,株価関連指標,0,0,"ESG,ROE,SDGs,コア業務純益,サステナビリティ,当期純利益,自己資本比率"
S100YFSO,報酬,スタンダード,株式会社弘電社,会計数字,1,1,"売上高,当期純利益,経常利益"
S100YFSO,報酬,スタンダード,株式会社弘電社,財務比率,0,0,"売上高,当期純利益,経常利益"
S100YFSO,報酬,スタンダード,株式会社弘電社,非財務指標,0,0,"売上高,当期純利益,経常利益"
S100YFSO,報酬,スタンダード,株式会社弘電社,株価関連指標,0,0,"売上高,当期純利益,経常利益"
S100YFSO,方針,スタンダード,株式会社弘電社,会計数字,1,1,"ROE,サステナビリティ,営業利益,当期純利益"
S100YFSO,方針,スタンダード,株式会社弘電社,財務比率,1,1,"ROE,サステナビリティ,営業利益,当期純利益"
S100YFSO,方針,スタンダード,株式会社弘電社,非財務指標,0,1,"ROE,サステナビリティ,営業利益,当期純利益"
S100YFSO,方針,スタンダード,株式会社弘電社,株価関連指標,0,0,"ROE,サステナビリティ,営業利益,当期純利益"
S100YKQB,報酬,スタンダード,株式会社朝日ラバー,会計数字,1,1,"営業利益,売上高"
S100YKQB,報酬,スタンダード,株式会社朝日ラバー,財務比率,0,0,"営業利益,売上高"
S100YKQB,報酬,スタンダード,株式会社朝日ラバー,非財務指標,0,0,"営業利益,売上高"
S100YKQB,報酬,スタンダード,株式会社朝日ラバー,株価関連指標,0,0,"営業利益,売上高"
S100YKQB,方針,スタンダード,株式会社朝日ラバー,会計数字,1,1,"営業利益率,売上高"
S100YKQB,方針,スタンダード,株式会社朝日ラバー,財務比率,1,1,"営業利益率,売上高"
S100YKQB,方針,スタンダード,株式会社朝日ラバー,非財務指標,0,0,"営業利益率,売上高"
S100YKQB,方針,スタンダード,株式会社朝日ラバー,株価関連指標,0,0,"営業利益率,売上高"
S100YGJS,報酬,スタンダード,株式会社焼肉坂井ホールディングス,会計数字,1,1,"営業利益,売上高,当期純利益,経常利益"
S100YGJS,報酬,スタンダード,株式会社焼肉坂井ホールディングス,財務比率,0,0,"営業利益,売上高,当期純利益,経常利益"
S100YGJS,報酬,スタンダード,株式会社焼肉坂井ホールディングス,非財務指標,0,0,"営業利益,売上高,当期純利益,経常利益"
S100YGJS,報酬,スタンダード,株式会社焼肉坂井ホールディングス,株価関連指標,0,0,"営業利益,売上高,当期純利益,経常利益"
S100YGJS,方針,スタンダード,株式会社焼肉坂井ホールディングス,会計数字,1,1,"EBITDA,キャッシュフロー,営業利益"
S100YGJS,方針,スタンダード,株式会社焼肉坂井ホールディングス,財務比率,0,0,"EBITDA,キャッシュフロー,営業利益"
S100YGJS,方針,スタンダード,株式会社焼肉坂井ホールディングス,非財務指標,0,0,"EBITDA,キャッシュフロー,営業利益"
S100YGJS,方針,スタンダード,株式会社焼肉坂井ホールディングス,株価関連指標,0,0,"EBITDA,キャッシュフロー,営業利益"
S100XT2K,報酬,スタンダード,株式会社白洋舍,会計数字,1,1,"ROE,売上高,経常利益"
S100XT2K,報酬,スタンダード,株式会社白洋舍,財務比率,1,1,"ROE,売上高,経常利益"
S100XT2K,報酬,スタンダード,株式会社白洋舍,非財務指標,0,0,"ROE,売上高,経常利益"
S100XT2K,報酬,スタンダード,株式会社白洋舍,株価関連指標,0,0,"ROE,売上高,経常利益"
S100XT2K,方針,スタンダード,株式会社白洋舍,会計数字,0,0,"ESG,PBR,ROE,ROIC,サステナビリティ,当期純利益率"
S100XT2K,方針,スタンダード,株式会社白洋舍,財務比率,1,1,"ESG,PBR,ROE,ROIC,サステナビリティ,当期純利益率"
S100XT2K,方針,スタンダード,株式会社白洋舍,非財務指標,0,1,"ESG,PBR,ROE,ROIC,サステナビリティ,当期純利益率"
S100XT2K,方針,スタンダード,株式会社白洋舍,株価関連指標,1,1,"ESG,PBR,ROE,ROIC,サステナビリティ,当期純利益率"
S100YDE9,報酬,スタンダード,株式会社石川製作所,会計数字,1,1,"営業利益,経常利益"
S100YDE9,報酬,スタンダード,株式会社石川製作所,財務比率,0,0,"営業利益,経常利益"
S100YDE9,報酬,スタンダード,株式会社石川製作所,非財務指標,0,0,"営業利益,経常利益"
S100YDE9,報酬,スタンダード,株式会社石川製作所,株価関連指標,0,0,"営業利益,経常利益"
S100YDE9,方針,スタンダード,株式会社石川製作所,会計数字,0,0,
S100YDE9,方針,スタンダード,株式会社石川製作所,財務比率,0,0,
S100YDE9,方針,スタンダード,株式会社石川製作所,非財務指標,0,0,
S100YDE9,方針,スタンダード,株式会社石川製作所,株価関連指標,0,0,
S100XTA7,報酬,スタンダード,株式会社船場,会計数字,1,1,"営業利益,売上高,当期純利益"
S100XTA7,報酬,スタンダード,株式会社船場,財務比率,0,0,"営業利益,売上高,当期純利益"
S100XTA7,報酬,スタンダード,株式会社船場,非財務指標,0,0,"営業利益,売上高,当期純利益"
S100XTA7,報酬,スタンダード,株式会社船場,株価関連指標,0,0,"営業利益,売上高,当期純利益"
S100XTA7,方針,スタンダード,株式会社船場,会計数字,0,0,"SDGs,サステナビリティ"
S100XTA7,方針,スタンダード,株式会社船場,財務比率,0,0,"SDGs,サステナビリティ"
S100XTA7,方針,スタンダード,株式会社船場,非財務指標,0,1,"SDGs,サステナビリティ"
S100XTA7,方針,スタンダード,株式会社船場,株価関連指標,0,0,"SDGs,サステナビリティ"
S100YK8S,報酬,スタンダード,株式会社藤商事,会計数字,1,1,経常利益
S100YK8S,報酬,スタンダード,株式会社藤商事,財務比率,0,0,経常利益
S100YK8S,報酬,スタンダード,株式会社藤商事,非財務指標,0,0,経常利益
S100YK8S,報酬,スタンダード,株式会社藤商事,株価関連指標,0,0,経常利益
S100YK8S,方針,スタンダード,株式会社藤商事,会計数字,1,1,経常利益
S100YK8S,方針,スタンダード,株式会社藤商事,財務比率,0,0,経常利益
S100YK8S,方針,スタンダード,株式会社藤商事,非財務指標,0,0,経常利益
S100YK8S,方針,スタンダード,株式会社藤商事,株価関連指標,0,0,経常利益
S100YJZJ,報酬,スタンダード,株式会社高知銀行,会計数字,1,1,当期純利益
S100YJZJ,報酬,スタンダード,株式会社高知銀行,財務比率,0,0,当期純利益
S100YJZJ,報酬,スタンダード,株式会社高知銀行,非財務指標,0,0,当期純利益
S100YJZJ,報酬,スタンダード,株式会社高知銀行,株価関連指標,0,0,当期純利益
S100YJZJ,方針,スタンダード,株式会社高知銀行,会計数字,1,1,当期純利益
S100YJZJ,方針,スタンダード,株式会社高知銀行,財務比率,0,0,当期純利益
S100YJZJ,方針,スタンダード,株式会社高知銀行,非財務指標,1,0,当期純利益
S100YJZJ,方針,スタンダード,株式会社高知銀行,株価関連指標,0,0,当期純利益
S100YHOV,報酬,スタンダード,株式会社ＢＳＮメディアホールディングス,会計数字,1,1,"営業利益,売上高"
S100YHOV,報酬,スタンダード,株式会社ＢＳＮメディアホールディングス,財務比率,0,0,"営業利益,売上高"
S100YHOV,報酬,スタンダード,株式会社ＢＳＮメディアホールディングス,非財務指標,0,0,"営業利益,売上高"
S100YHOV,報酬,スタンダード,株式会社ＢＳＮメディアホールディングス,株価関連指標,0,0,"営業利益,売上高"
S100YHOV,方針,スタンダード,株式会社ＢＳＮメディアホールディングス,会計数字,0,0,
S100YHOV,方針,スタンダード,株式会社ＢＳＮメディアホールディングス,財務比率,0,0,
S100YHOV,方針,スタンダード,株式会社ＢＳＮメディアホールディングス,非財務指標,0,0,
S100YHOV,方針,スタンダード,株式会社ＢＳＮメディアホールディングス,株価関連指標,0,0,
S100WL1X,報酬,スタンダード,株式会社ＩＧポート,会計数字,1,1,"ROE,経常利益"
S100WL1X,報酬,スタンダード,株式会社ＩＧポート,財務比率,1,1,"ROE,経常利益"
S100WL1X,報酬,スタンダード,株式会社ＩＧポート,非財務指標,0,0,"ROE,経常利益"
S100WL1X,報酬,スタンダード,株式会社ＩＧポート,株価関連指標,0,0,"ROE,経常利益"
S100WL1X,方針,スタンダード,株式会社ＩＧポート,会計数字,1,1,"ROE,キャッシュフロー"
S100WL1X,方針,スタンダード,株式会社ＩＧポート,財務比率,1,1,"ROE,キャッシュフロー"
S100WL1X,方針,スタンダード,株式会社ＩＧポート,非財務指標,0,0,"ROE,キャッシュフロー"
S100WL1X,方針,スタンダード,株式会社ＩＧポート,株価関連指標,0,0,"ROE,キャッシュフロー"
S100YIX3,報酬,スタンダード,浅香工業株式会社,会計数字,0,0,経常利益率
S100YIX3,報酬,スタンダード,浅香工業株式会社,財務比率,1,1,経常利益率
S100YIX3,報酬,スタンダード,浅香工業株式会社,非財務指標,0,0,経常利益率
S100YIX3,報酬,スタンダード,浅香工業株式会社,株価関連指標,0,0,経常利益率
S100YIX3,方針,スタンダード,浅香工業株式会社,会計数字,1,1,"ROE,利益率,営業利益,売上総利益,売上高,当期純利益,経常利益"
S100YIX3,方針,スタンダード,浅香工業株式会社,財務比率,1,1,"ROE,利益率,営業利益,売上総利益,売上高,当期純利益,経常利益"
S100YIX3,方針,スタンダード,浅香工業株式会社,非財務指標,0,0,"ROE,利益率,営業利益,売上総利益,売上高,当期純利益,経常利益"
S100YIX3,方針,スタンダード,浅香工業株式会社,株価関連指標,0,0,"ROE,利益率,営業利益,売上総利益,売上高,当期純利益,経常利益"
S100YD8G,報酬,スタンダード,特殊電極株式会社,会計数字,1,1,"営業利益,売上高"
S100YD8G,報酬,スタンダード,特殊電極株式会社,財務比率,0,0,"営業利益,売上高"
S100YD8G,報酬,スタンダード,特殊電極株式会社,非財務指標,0,0,"営業利益,売上高"
S100YD8G,報酬,スタンダード,特殊電極株式会社,株価関連指標,0,0,"営業利益,売上高"
S100YD8G,方針,スタンダード,特殊電極株式会社,会計数字,1,1,"ESG,SDGs,サステナビリティ,営業利益,売上総利益,売上高,売上高比,廃棄物削減,経常利益"
S100YD8G,方針,スタンダード,特殊電極株式会社,財務比率,0,1,"ESG,SDGs,サステナビリティ,営業利益,売上総利益,売上高,売上高比,廃棄物削減,経常利益"
S100YD8G,方針,スタンダード,特殊電極株式会社,非財務指標,1,1,"ESG,SDGs,サステナビリティ,営業利益,売上総利益,売上高,売上高比,廃棄物削減,経常利益"
S100YD8G,方針,スタンダード,特殊電極株式会社,株価関連指標,0,0,"ESG,SDGs,サステナビリティ,営業利益,売上総利益,売上高,売上高比,廃棄物削減,経常利益"
S100YEOH,報酬,スタンダード,竹田ｉＰホールディングス株式会社,会計数字,1,1,当期純利益
S100YEOH,報酬,スタンダード,竹田ｉＰホールディングス株式会社,財務比率,0,0,当期純利益
S100YEOH,報酬,スタンダード,竹田ｉＰホールディングス株式会社,非財務指標,0,0,当期純利益
S100YEOH,報酬,スタンダード,竹田ｉＰホールディングス株式会社,株価関連指標,0,0,当期純利益
S100YEOH,方針,スタンダード,竹田ｉＰホールディングス株式会社,会計数字,1,1,"PBR,ROE,エンゲージメント,サステナビリティ,営業利益,営業利益率,売上高,女性管理職比率,当期純利益,経常利益,脱炭素/温室効果ガス,配当性向,非財務指標"
S100YEOH,方針,スタンダード,竹田ｉＰホールディングス株式会社,財務比率,1,1,"PBR,ROE,エンゲージメント,サステナビリティ,営業利益,営業利益率,売上高,女性管理職比率,当期純利益,経常利益,脱炭素/温室効果ガス,配当性向,非財務指標"
S100YEOH,方針,スタンダード,竹田ｉＰホールディングス株式会社,非財務指標,1,1,"PBR,ROE,エンゲージメント,サステナビリティ,営業利益,営業利益率,売上高,女性管理職比率,当期純利益,経常利益,脱炭素/温室効果ガス,配当性向,非財務指標"
S100YEOH,方針,スタンダード,竹田ｉＰホールディングス株式会社,株価関連指標,1,1,"PBR,ROE,エンゲージメント,サステナビリティ,営業利益,営業利益率,売上高,女性管理職比率,当期純利益,経常利益,脱炭素/温室効果ガス,配当性向,非財務指標"
S100YN3J,報酬,スタンダード,鈴茂器工株式会社,会計数字,1,1,"ROE,営業利益,売上高"
S100YN3J,報酬,スタンダード,鈴茂器工株式会社,財務比率,1,1,"ROE,営業利益,売上高"
S100YN3J,報酬,スタンダード,鈴茂器工株式会社,非財務指標,0,0,"ROE,営業利益,売上高"
S100YN3J,報酬,スタンダード,鈴茂器工株式会社,株価関連指標,0,0,"ROE,営業利益,売上高"
S100YN3J,方針,スタンダード,鈴茂器工株式会社,会計数字,1,1,"ROE,営業利益,売上高,株主還元率"
S100YN3J,方針,スタンダード,鈴茂器工株式会社,財務比率,1,1,"ROE,営業利益,売上高,株主還元率"
S100YN3J,方針,スタンダード,鈴茂器工株式会社,非財務指標,0,0,"ROE,営業利益,売上高,株主還元率"
S100YN3J,方針,スタンダード,鈴茂器工株式会社,株価関連指標,1,1,"ROE,営業利益,売上高,株主還元率"
S100XAL6,報酬,スタンダード,ＩＭＶ株式会社,会計数字,1,1,"営業利益,売上高"
S100XAL6,報酬,スタンダード,ＩＭＶ株式会社,財務比率,0,0,"営業利益,売上高"
S100XAL6,報酬,スタンダード,ＩＭＶ株式会社,非財務指標,0,0,"営業利益,売上高"
S100XAL6,報酬,スタンダード,ＩＭＶ株式会社,株価関連指標,0,0,"営業利益,売上高"
S100XAL6,方針,スタンダード,ＩＭＶ株式会社,会計数字,0,0,"ESG,ROIC,SDGs"
S100XAL6,方針,スタンダード,ＩＭＶ株式会社,財務比率,1,1,"ESG,ROIC,SDGs"
S100XAL6,方針,スタンダード,ＩＭＶ株式会社,非財務指標,0,1,"ESG,ROIC,SDGs"
S100XAL6,方針,スタンダード,ＩＭＶ株式会社,株価関連指標,0,0,"ESG,ROIC,SDGs"
S100XB5N,報酬,スタンダード,ＯＢＡＲＡ　ＧＲＯＵＰ株式会社,会計数字,1,1,当期純利益
S100XB5N,報酬,スタンダード,ＯＢＡＲＡ　ＧＲＯＵＰ株式会社,財務比率,0,0,当期純利益
S100XB5N,報酬,スタンダード,ＯＢＡＲＡ　ＧＲＯＵＰ株式会社,非財務指標,0,0,当期純利益
S100XB5N,報酬,スタンダード,ＯＢＡＲＡ　ＧＲＯＵＰ株式会社,株価関連指標,0,0,当期純利益
S100XB5N,方針,スタンダード,ＯＢＡＲＡ　ＧＲＯＵＰ株式会社,会計数字,0,0,"ROE,自己資本比率"
S100XB5N,方針,スタンダード,ＯＢＡＲＡ　ＧＲＯＵＰ株式会社,財務比率,1,1,"ROE,自己資本比率"
S100XB5N,方針,スタンダード,ＯＢＡＲＡ　ＧＲＯＵＰ株式会社,非財務指標,0,0,"ROE,自己資本比率"
S100XB5N,方針,スタンダード,ＯＢＡＲＡ　ＧＲＯＵＰ株式会社,株価関連指標,0,0,"ROE,自己資本比率"
S100YJ3G,報酬,スタンダード,ＳＥＭＩＴＥＣ株式会社,会計数字,1,1,営業利益
S100YJ3G,報酬,スタンダード,ＳＥＭＩＴＥＣ株式会社,財務比率,0,0,営業利益
S100YJ3G,報酬,スタンダード,ＳＥＭＩＴＥＣ株式会社,非財務指標,0,0,営業利益
S100YJ3G,報酬,スタンダード,ＳＥＭＩＴＥＣ株式会社,株価関連指標,0,0,営業利益
S100YJ3G,方針,スタンダード,ＳＥＭＩＴＥＣ株式会社,会計数字,1,1,営業利益
S100YJ3G,方針,スタンダード,ＳＥＭＩＴＥＣ株式会社,財務比率,0,0,営業利益
S100YJ3G,方針,スタンダード,ＳＥＭＩＴＥＣ株式会社,非財務指標,0,0,営業利益
S100YJ3G,方針,スタンダード,ＳＥＭＩＴＥＣ株式会社,株価関連指標,0,0,営業利益
S100XTY8,報酬,スタンダード,サイオス株式会社,会計数字,1,1,"EBITDA,ROIC,TSR,売上高,当期純利益,株価成長率"
S100XTY8,報酬,スタンダード,サイオス株式会社,財務比率,1,1,"EBITDA,ROIC,TSR,売上高,当期純利益,株価成長率"
S100XTY8,報酬,スタンダード,サイオス株式会社,非財務指標,0,0,"EBITDA,ROIC,TSR,売上高,当期純利益,株価成長率"
S100XTY8,報酬,スタンダード,サイオス株式会社,株価関連指標,1,1,"EBITDA,ROIC,TSR,売上高,当期純利益,株価成長率"
S100XTY8,方針,スタンダード,サイオス株式会社,会計数字,1,1,"EBITDA,ROIC,キャッシュフロー,サステナビリティ,売上高比"
S100XTY8,方針,スタンダード,サイオス株式会社,財務比率,1,1,"EBITDA,ROIC,キャッシュフロー,サステナビリティ,売上高比"
S100XTY8,方針,スタンダード,サイオス株式会社,非財務指標,0,1,"EBITDA,ROIC,キャッシュフロー,サステナビリティ,売上高比"
S100XTY8,方針,スタンダード,サイオス株式会社,株価関連指標,0,0,"EBITDA,ROIC,キャッシュフロー,サステナビリティ,売上高比"
S100WQ1K,報酬,スタンダード,一正蒲鉾株式会社,会計数字,1,1,"ROE,サステナビリティ,営業利益,営業利益率,売上高,脱炭素/温室効果ガス"
S100WQ1K,報酬,スタンダード,一正蒲鉾株式会社,財務比率,1,1,"ROE,サステナビリティ,営業利益,営業利益率,売上高,脱炭素/温室効果ガス"
S100WQ1K,報酬,スタンダード,一正蒲鉾株式会社,非財務指標,1,1,"ROE,サステナビリティ,営業利益,営業利益率,売上高,脱炭素/温室効果ガス"
S100WQ1K,報酬,スタンダード,一正蒲鉾株式会社,株価関連指標,0,0,"ROE,サステナビリティ,営業利益,営業利益率,売上高,脱炭素/温室効果ガス"
S100WQ1K,方針,スタンダード,一正蒲鉾株式会社,会計数字,1,1,"ESG,ROE,ROIC,SDGs,サステナビリティ,営業利益,売上高,脱炭素/温室効果ガス,自己資本比率"
S100WQ1K,方針,スタンダード,一正蒲鉾株式会社,財務比率,1,1,"ESG,ROE,ROIC,SDGs,サステナビリティ,営業利益,売上高,脱炭素/温室効果ガス,自己資本比率"
S100WQ1K,方針,スタンダード,一正蒲鉾株式会社,非財務指標,1,1,"ESG,ROE,ROIC,SDGs,サステナビリティ,営業利益,売上高,脱炭素/温室効果ガス,自己資本比率"
S100WQ1K,方針,スタンダード,一正蒲鉾株式会社,株価関連指標,0,0,"ESG,ROE,ROIC,SDGs,サステナビリティ,営業利益,売上高,脱炭素/温室効果ガス,自己資本比率"
S100YF2U,報酬,スタンダード,株式会社テクノ菱和,会計数字,1,1,"ESG,PBR,ROE,経常利益,脱炭素/温室効果ガス,非財務指標"
S100YF2U,報酬,スタンダード,株式会社テクノ菱和,財務比率,1,1,"ESG,PBR,ROE,経常利益,脱炭素/温室効果ガス,非財務指標"
S100YF2U,報酬,スタンダード,株式会社テクノ菱和,非財務指標,0,1,"ESG,PBR,ROE,経常利益,脱炭素/温室効果ガス,非財務指標"
S100YF2U,報酬,スタンダード,株式会社テクノ菱和,株価関連指標,1,1,"ESG,PBR,ROE,経常利益,脱炭素/温室効果ガス,非財務指標"
S100YF2U,方針,スタンダード,株式会社テクノ菱和,会計数字,1,1,"ESG,PBR,ROE,SDGs,売上高,経常利益"
S100YF2U,方針,スタンダード,株式会社テクノ菱和,財務比率,1,1,"ESG,PBR,ROE,SDGs,売上高,経常利益"
S100YF2U,方針,スタンダード,株式会社テクノ菱和,非財務指標,0,1,"ESG,PBR,ROE,SDGs,売上高,経常利益"
S100YF2U,方針,スタンダード,株式会社テクノ菱和,株価関連指標,1,1,"ESG,PBR,ROE,SDGs,売上高,経常利益"
S100YGNC,報酬,スタンダード,空港施設株式会社,会計数字,1,1,"ROE,営業利益,当期純利益,非財務指標"
S100YGNC,報酬,スタンダード,空港施設株式会社,財務比率,1,1,"ROE,営業利益,当期純利益,非財務指標"
S100YGNC,報酬,スタンダード,空港施設株式会社,非財務指標,0,1,"ROE,営業利益,当期純利益,非財務指標"
S100YGNC,報酬,スタンダード,空港施設株式会社,株価関連指標,0,0,"ROE,営業利益,当期純利益,非財務指標"
S100YGNC,方針,スタンダード,空港施設株式会社,会計数字,1,1,"ROE,売上高,当期純利益"
S100YGNC,方針,スタンダード,空港施設株式会社,財務比率,1,1,"ROE,売上高,当期純利益"
S100YGNC,方針,スタンダード,空港施設株式会社,非財務指標,0,0,"ROE,売上高,当期純利益"
S100YGNC,方針,スタンダード,空港施設株式会社,株価関連指標,0,0,"ROE,売上高,当期純利益"
S100WQ4P,報酬,プライム,キュービーネットホールディングス株式会社,会計数字,0,0,
S100WQ4P,報酬,プライム,キュービーネットホールディングス株式会社,財務比率,0,0,
S100WQ4P,報酬,プライム,キュービーネットホールディングス株式会社,非財務指標,0,0,
S100WQ4P,報酬,プライム,キュービーネットホールディングス株式会社,株価関連指標,0,0,
S100WQ4P,方針,プライム,キュービーネットホールディングス株式会社,会計数字,1,1,"サステナビリティ,売上収益"
S100WQ4P,方針,プライム,キュービーネットホールディングス株式会社,財務比率,0,0,"サステナビリティ,売上収益"
S100WQ4P,方針,プライム,キュービーネットホールディングス株式会社,非財務指標,0,1,"サステナビリティ,売上収益"
S100WQ4P,方針,プライム,キュービーネットホールディングス株式会社,株価関連指標,0,0,"サステナビリティ,売上収益"
S100XB3E,報酬,プライム,パラカ株式会社,会計数字,0,0,
S100XB3E,報酬,プライム,パラカ株式会社,財務比率,0,0,
S100XB3E,報酬,プライム,パラカ株式会社,非財務指標,0,0,
S100XB3E,報酬,プライム,パラカ株式会社,株価関連指標,0,0,
S100XB3E,方針,プライム,パラカ株式会社,会計数字,1,1,"キャッシュフロー,利益率,売上総利益,売上総利益率,売上高,自己資本比率"
S100XB3E,方針,プライム,パラカ株式会社,財務比率,1,1,"キャッシュフロー,利益率,売上総利益,売上総利益率,売上高,自己資本比率"
S100XB3E,方針,プライム,パラカ株式会社,非財務指標,1,0,"キャッシュフロー,利益率,売上総利益,売上総利益率,売上高,自己資本比率"
S100XB3E,方針,プライム,パラカ株式会社,株価関連指標,0,0,"キャッシュフロー,利益率,売上総利益,売上総利益率,売上高,自己資本比率"
S100XZNA,報酬,プライム,ポールトゥウィンホールディングス株式会社,会計数字,0,0,
S100XZNA,報酬,プライム,ポールトゥウィンホールディングス株式会社,財務比率,0,0,
S100XZNA,報酬,プライム,ポールトゥウィンホールディングス株式会社,非財務指標,0,0,
S100XZNA,報酬,プライム,ポールトゥウィンホールディングス株式会社,株価関連指標,0,0,
S100XZNA,方針,プライム,ポールトゥウィンホールディングス株式会社,会計数字,1,1,"DOE,ROIC,WACC,売上高,当期純利益,株主還元率"
S100XZNA,方針,プライム,ポールトゥウィンホールディングス株式会社,財務比率,1,1,"DOE,ROIC,WACC,売上高,当期純利益,株主還元率"
S100XZNA,方針,プライム,ポールトゥウィンホールディングス株式会社,非財務指標,0,0,"DOE,ROIC,WACC,売上高,当期純利益,株主還元率"
S100XZNA,方針,プライム,ポールトゥウィンホールディングス株式会社,株価関連指標,1,1,"DOE,ROIC,WACC,売上高,当期純利益,株主還元率"
S100YE2O,報酬,プライム,ヤマエグループホールディングス株式会社,会計数字,0,0,
S100YE2O,報酬,プライム,ヤマエグループホールディングス株式会社,財務比率,0,0,
S100YE2O,報酬,プライム,ヤマエグループホールディングス株式会社,非財務指標,0,0,
S100YE2O,報酬,プライム,ヤマエグループホールディングス株式会社,株価関連指標,0,0,
S100YE2O,方針,プライム,ヤマエグループホールディングス株式会社,会計数字,1,1,"ROE,サステナビリティ,売上高,経常利益,経常利益率,非財務指標"
S100YE2O,方針,プライム,ヤマエグループホールディングス株式会社,財務比率,1,1,"ROE,サステナビリティ,売上高,経常利益,経常利益率,非財務指標"
S100YE2O,方針,プライム,ヤマエグループホールディングス株式会社,非財務指標,1,1,"ROE,サステナビリティ,売上高,経常利益,経常利益率,非財務指標"
S100YE2O,方針,プライム,ヤマエグループホールディングス株式会社,株価関連指標,0,0,"ROE,サステナビリティ,売上高,経常利益,経常利益率,非財務指標"
S100WLRT,報酬,プライム,ライク株式会社,会計数字,0,0,
S100WLRT,報酬,プライム,ライク株式会社,財務比率,0,0,
S100WLRT,報酬,プライム,ライク株式会社,非財務指標,0,0,
S100WLRT,報酬,プライム,ライク株式会社,株価関連指標,0,0,
S100WLRT,方針,プライム,ライク株式会社,会計数字,0,0,
S100WLRT,方針,プライム,ライク株式会社,財務比率,0,0,
S100WLRT,方針,プライム,ライク株式会社,非財務指標,0,0,
S100WLRT,方針,プライム,ライク株式会社,株価関連指標,0,0,
S100WQAH,報酬,プライム,前田工繊株式会社,会計数字,0,0,
S100WQAH,報酬,プライム,前田工繊株式会社,財務比率,0,0,
S100WQAH,報酬,プライム,前田工繊株式会社,非財務指標,0,0,
S100WQAH,報酬,プライム,前田工繊株式会社,株価関連指標,0,0,
S100WQAH,方針,プライム,前田工繊株式会社,会計数字,1,1,"EBITDA,ROE,ROIC,営業利益,営業利益率"
S100WQAH,方針,プライム,前田工繊株式会社,財務比率,1,1,"EBITDA,ROE,ROIC,営業利益,営業利益率"
S100WQAH,方針,プライム,前田工繊株式会社,非財務指標,0,0,"EBITDA,ROE,ROIC,営業利益,営業利益率"
S100WQAH,方針,プライム,前田工繊株式会社,株価関連指標,0,0,"EBITDA,ROE,ROIC,営業利益,営業利益率"
S100YGML,報酬,プライム,大日精化工業株式会社,会計数字,0,0,
S100YGML,報酬,プライム,大日精化工業株式会社,財務比率,0,0,
S100YGML,報酬,プライム,大日精化工業株式会社,非財務指標,0,0,
S100YGML,報酬,プライム,大日精化工業株式会社,株価関連指標,1,0,
S100YGML,方針,プライム,大日精化工業株式会社,会計数字,1,1,"ESG,ROA,ROE,エンゲージメント,サステナビリティ,売上高,技術力強化,脱炭素/温室効果ガス"
S100YGML,方針,プライム,大日精化工業株式会社,財務比率,1,1,"ESG,ROA,ROE,エンゲージメント,サステナビリティ,売上高,技術力強化,脱炭素/温室効果ガス"
S100YGML,方針,プライム,大日精化工業株式会社,非財務指標,1,1,"ESG,ROA,ROE,エンゲージメント,サステナビリティ,売上高,技術力強化,脱炭素/温室効果ガス"
S100YGML,方針,プライム,大日精化工業株式会社,株価関連指標,0,0,"ESG,ROA,ROE,エンゲージメント,サステナビリティ,売上高,技術力強化,脱炭素/温室効果ガス"
S100YK40,報酬,プライム,小野建株式会社,会計数字,0,0,
S100YK40,報酬,プライム,小野建株式会社,財務比率,0,0,
S100YK40,報酬,プライム,小野建株式会社,非財務指標,0,0,
S100YK40,報酬,プライム,小野建株式会社,株価関連指標,0,0,
S100YK40,方針,プライム,小野建株式会社,会計数字,1,1,"EBITDA,ROE,サステナビリティ,営業利益,売上高,販売数量"
S100YK40,方針,プライム,小野建株式会社,財務比率,1,1,"EBITDA,ROE,サステナビリティ,営業利益,売上高,販売数量"
S100YK40,方針,プライム,小野建株式会社,非財務指標,0,1,"EBITDA,ROE,サステナビリティ,営業利益,売上高,販売数量"
S100YK40,方針,プライム,小野建株式会社,株価関連指標,0,0,"EBITDA,ROE,サステナビリティ,営業利益,売上高,販売数量"
S100WQNM,報酬,プライム,朝日インテック株式会社,会計数字,1,0,
S100WQNM,報酬,プライム,朝日インテック株式会社,財務比率,0,0,
S100WQNM,報酬,プライム,朝日インテック株式会社,非財務指標,0,0,
S100WQNM,報酬,プライム,朝日インテック株式会社,株価関連指標,0,0,
S100WQNM,方針,プライム,朝日インテック株式会社,会計数字,1,1,"ROE,ROIC,サステナビリティ,リスクマネジメント,営業利益,営業利益率,売上高"
S100WQNM,方針,プライム,朝日インテック株式会社,財務比率,1,1,"ROE,ROIC,サステナビリティ,リスクマネジメント,営業利益,営業利益率,売上高"
S100WQNM,方針,プライム,朝日インテック株式会社,非財務指標,0,1,"ROE,ROIC,サステナビリティ,リスクマネジメント,営業利益,営業利益率,売上高"
S100WQNM,方針,プライム,朝日インテック株式会社,株価関連指標,0,0,"ROE,ROIC,サステナビリティ,リスクマネジメント,営業利益,営業利益率,売上高"
S100YG3O,報酬,プライム,株式会社　コロワイド,会計数字,0,0,
S100YG3O,報酬,プライム,株式会社　コロワイド,財務比率,0,0,
S100YG3O,報酬,プライム,株式会社　コロワイド,非財務指標,0,0,
S100YG3O,報酬,プライム,株式会社　コロワイド,株価関連指標,0,0,
S100YG3O,方針,プライム,株式会社　コロワイド,会計数字,1,1,売上収益
S100YG3O,方針,プライム,株式会社　コロワイド,財務比率,0,0,売上収益
S100YG3O,方針,プライム,株式会社　コロワイド,非財務指標,0,0,売上収益
S100YG3O,方針,プライム,株式会社　コロワイド,株価関連指標,0,0,売上収益
S100YENS,報酬,プライム,株式会社　愛媛銀行,会計数字,0,0,
S100YENS,報酬,プライム,株式会社　愛媛銀行,財務比率,0,0,
S100YENS,報酬,プライム,株式会社　愛媛銀行,非財務指標,0,0,
S100YENS,報酬,プライム,株式会社　愛媛銀行,株価関連指標,0,0,
S100YENS,方針,プライム,株式会社　愛媛銀行,会計数字,1,1,"PBR,ROE,サステナビリティ,当期純利益,自己資本比率,配当性向"
S100YENS,方針,プライム,株式会社　愛媛銀行,財務比率,1,1,"PBR,ROE,サステナビリティ,当期純利益,自己資本比率,配当性向"
S100YENS,方針,プライム,株式会社　愛媛銀行,非財務指標,0,1,"PBR,ROE,サステナビリティ,当期純利益,自己資本比率,配当性向"
S100YENS,方針,プライム,株式会社　愛媛銀行,株価関連指標,1,1,"PBR,ROE,サステナビリティ,当期純利益,自己資本比率,配当性向"
S100XGOW,報酬,プライム,株式会社カナモト,会計数字,0,0,
S100XGOW,報酬,プライム,株式会社カナモト,財務比率,0,0,
S100XGOW,報酬,プライム,株式会社カナモト,非財務指標,0,0,
S100XGOW,報酬,プライム,株式会社カナモト,株価関連指標,0,0,
S100XGOW,方針,プライム,株式会社カナモト,会計数字,1,1,"EBITDA,ROE,ROI,サステナビリティ,営業利益,売上高,自己資本比率"
S100XGOW,方針,プライム,株式会社カナモト,財務比率,1,1,"EBITDA,ROE,ROI,サステナビリティ,営業利益,売上高,自己資本比率"
S100XGOW,方針,プライム,株式会社カナモト,非財務指標,0,1,"EBITDA,ROE,ROI,サステナビリティ,営業利益,売上高,自己資本比率"
S100XGOW,方針,プライム,株式会社カナモト,株価関連指標,0,0,"EBITDA,ROE,ROI,サステナビリティ,営業利益,売上高,自己資本比率"
S100X61U,報酬,プライム,株式会社カーブスホールディングス,会計数字,0,0,
S100X61U,報酬,プライム,株式会社カーブスホールディングス,財務比率,0,0,
S100X61U,報酬,プライム,株式会社カーブスホールディングス,非財務指標,0,0,
S100X61U,報酬,プライム,株式会社カーブスホールディングス,株価関連指標,0,0,
S100X61U,方針,プライム,株式会社カーブスホールディングス,会計数字,1,1,"EBITDA,ROIC,フリーキャッシュフロー,営業利益,営業利益率,売上総利益率,売上高"
S100X61U,方針,プライム,株式会社カーブスホールディングス,財務比率,1,1,"EBITDA,ROIC,フリーキャッシュフロー,営業利益,営業利益率,売上総利益率,売上高"
S100X61U,方針,プライム,株式会社カーブスホールディングス,非財務指標,0,0,"EBITDA,ROIC,フリーキャッシュフロー,営業利益,営業利益率,売上総利益率,売上高"
S100X61U,方針,プライム,株式会社カーブスホールディングス,株価関連指標,0,0,"EBITDA,ROIC,フリーキャッシュフロー,営業利益,営業利益率,売上総利益率,売上高"
S100YGWW,報酬,プライム,株式会社グルメ杵屋,会計数字,1,1,当期純利益
S100YGWW,報酬,プライム,株式会社グルメ杵屋,財務比率,0,0,当期純利益
S100YGWW,報酬,プライム,株式会社グルメ杵屋,非財務指標,0,0,当期純利益
S100YGWW,報酬,プライム,株式会社グルメ杵屋,株価関連指標,0,0,当期純利益
S100YGWW,方針,プライム,株式会社グルメ杵屋,会計数字,0,0,"当期純利益率,経常利益率,配当性向"
S100YGWW,方針,プライム,株式会社グルメ杵屋,財務比率,1,1,"当期純利益率,経常利益率,配当性向"
S100YGWW,方針,プライム,株式会社グルメ杵屋,非財務指標,0,0,"当期純利益率,経常利益率,配当性向"
S100YGWW,方針,プライム,株式会社グルメ杵屋,株価関連指標,1,1,"当期純利益率,経常利益率,配当性向"
S100XC38,報酬,プライム,株式会社チャーム・ケア・コーポレーション,会計数字,0,0,
S100XC38,報酬,プライム,株式会社チャーム・ケア・コーポレーション,財務比率,0,0,
S100XC38,報酬,プライム,株式会社チャーム・ケア・コーポレーション,非財務指標,0,0,
S100XC38,報酬,プライム,株式会社チャーム・ケア・コーポレーション,株価関連指標,0,0,
S100XC38,方針,プライム,株式会社チャーム・ケア・コーポレーション,会計数字,1,1,"売上高,経常利益,経常利益率"
S100XC38,方針,プライム,株式会社チャーム・ケア・コーポレーション,財務比率,1,1,"売上高,経常利益,経常利益率"
S100XC38,方針,プライム,株式会社チャーム・ケア・コーポレーション,非財務指標,0,0,"売上高,経常利益,経常利益率"
S100XC38,方針,プライム,株式会社チャーム・ケア・コーポレーション,株価関連指標,0,0,"売上高,経常利益,経常利益率"
S100YIB5,報酬,プライム,株式会社デジタルガレージ,会計数字,0,0,
S100YIB5,報酬,プライム,株式会社デジタルガレージ,財務比率,0,0,
S100YIB5,報酬,プライム,株式会社デジタルガレージ,非財務指標,0,0,
S100YIB5,報酬,プライム,株式会社デジタルガレージ,株価関連指標,0,0,
S100YIB5,方針,プライム,株式会社デジタルガレージ,会計数字,1,1,"キャッシュフロー,持分法投資利益,税引前利益,配当性向"
S100YIB5,方針,プライム,株式会社デジタルガレージ,財務比率,0,0,"キャッシュフロー,持分法投資利益,税引前利益,配当性向"
S100YIB5,方針,プライム,株式会社デジタルガレージ,非財務指標,0,0,"キャッシュフロー,持分法投資利益,税引前利益,配当性向"
S100YIB5,方針,プライム,株式会社デジタルガレージ,株価関連指標,1,1,"キャッシュフロー,持分法投資利益,税引前利益,配当性向"
S100YD1A,報酬,プライム,株式会社ドリームインキュベータ,会計数字,1,0,
S100YD1A,報酬,プライム,株式会社ドリームインキュベータ,財務比率,0,0,
S100YD1A,報酬,プライム,株式会社ドリームインキュベータ,非財務指標,0,0,
S100YD1A,報酬,プライム,株式会社ドリームインキュベータ,株価関連指標,0,0,
S100YD1A,方針,プライム,株式会社ドリームインキュベータ,会計数字,1,1,"営業利益,営業利益率,売上高,当期純利益"
S100YD1A,方針,プライム,株式会社ドリームインキュベータ,財務比率,1,1,"営業利益,営業利益率,売上高,当期純利益"
S100YD1A,方針,プライム,株式会社ドリームインキュベータ,非財務指標,0,0,"営業利益,営業利益率,売上高,当期純利益"
S100YD1A,方針,プライム,株式会社ドリームインキュベータ,株価関連指標,0,0,"営業利益,営業利益率,売上高,当期純利益"
S100YBXW,報酬,プライム,株式会社ハマキョウレックス,会計数字,0,0,
S100YBXW,報酬,プライム,株式会社ハマキョウレックス,財務比率,0,0,
S100YBXW,報酬,プライム,株式会社ハマキョウレックス,非財務指標,0,0,
S100YBXW,報酬,プライム,株式会社ハマキョウレックス,株価関連指標,0,0,
S100YBXW,方針,プライム,株式会社ハマキョウレックス,会計数字,1,1,"EPS,ESG,ROE,SDGs,営業収益,当期純利益率,経常利益率,脱炭素/温室効果ガス"
S100YBXW,方針,プライム,株式会社ハマキョウレックス,財務比率,1,1,"EPS,ESG,ROE,SDGs,営業収益,当期純利益率,経常利益率,脱炭素/温室効果ガス"
S100YBXW,方針,プライム,株式会社ハマキョウレックス,非財務指標,1,1,"EPS,ESG,ROE,SDGs,営業収益,当期純利益率,経常利益率,脱炭素/温室効果ガス"
S100YBXW,方針,プライム,株式会社ハマキョウレックス,株価関連指標,0,0,"EPS,ESG,ROE,SDGs,営業収益,当期純利益率,経常利益率,脱炭素/温室効果ガス"
S100XT8X,報酬,プライム,株式会社ブロンコビリー,会計数字,0,0,
S100XT8X,報酬,プライム,株式会社ブロンコビリー,財務比率,0,0,
S100XT8X,報酬,プライム,株式会社ブロンコビリー,非財務指標,0,0,
S100XT8X,報酬,プライム,株式会社ブロンコビリー,株価関連指標,0,0,
S100XT8X,方針,プライム,株式会社ブロンコビリー,会計数字,0,0,経常利益率
S100XT8X,方針,プライム,株式会社ブロンコビリー,財務比率,1,1,経常利益率
S100XT8X,方針,プライム,株式会社ブロンコビリー,非財務指標,0,0,経常利益率
S100XT8X,方針,プライム,株式会社ブロンコビリー,株価関連指標,0,0,経常利益率
S100YIA1,報酬,プライム,株式会社ＣＫサンエツ,会計数字,0,0,
S100YIA1,報酬,プライム,株式会社ＣＫサンエツ,財務比率,0,0,
S100YIA1,報酬,プライム,株式会社ＣＫサンエツ,非財務指標,0,0,
S100YIA1,報酬,プライム,株式会社ＣＫサンエツ,株価関連指標,0,0,
S100YIA1,方針,プライム,株式会社ＣＫサンエツ,会計数字,1,1,"営業利益,経常利益"
S100YIA1,方針,プライム,株式会社ＣＫサンエツ,財務比率,0,0,"営業利益,経常利益"
S100YIA1,方針,プライム,株式会社ＣＫサンエツ,非財務指標,0,0,"営業利益,経常利益"
S100YIA1,方針,プライム,株式会社ＣＫサンエツ,株価関連指標,0,0,"営業利益,経常利益"
S100XN8S,報酬,プライム,株式会社ＦＰパートナー,会計数字,0,0,
S100XN8S,報酬,プライム,株式会社ＦＰパートナー,財務比率,0,0,
S100XN8S,報酬,プライム,株式会社ＦＰパートナー,非財務指標,0,0,
S100XN8S,報酬,プライム,株式会社ＦＰパートナー,株価関連指標,0,0,
S100XN8S,方針,プライム,株式会社ＦＰパートナー,会計数字,1,1,"ESG外部評価,営業利益,売上高"
S100XN8S,方針,プライム,株式会社ＦＰパートナー,財務比率,0,0,"ESG外部評価,営業利益,売上高"
S100XN8S,方針,プライム,株式会社ＦＰパートナー,非財務指標,1,1,"ESG外部評価,営業利益,売上高"
S100XN8S,方針,プライム,株式会社ＦＰパートナー,株価関連指標,0,0,"ESG外部評価,営業利益,売上高"
S100YFQH,報酬,プライム,株式会社ＧＥＮＯＶＡ,会計数字,0,0,
S100YFQH,報酬,プライム,株式会社ＧＥＮＯＶＡ,財務比率,0,0,
S100YFQH,報酬,プライム,株式会社ＧＥＮＯＶＡ,非財務指標,0,0,
S100YFQH,報酬,プライム,株式会社ＧＥＮＯＶＡ,株価関連指標,0,0,
S100YFQH,方針,プライム,株式会社ＧＥＮＯＶＡ,会計数字,1,1,"エンゲージメント,キャッシュフロー,営業利益,営業利益率,売上高"
S100YFQH,方針,プライム,株式会社ＧＥＮＯＶＡ,財務比率,1,1,"エンゲージメント,キャッシュフロー,営業利益,営業利益率,売上高"
S100YFQH,方針,プライム,株式会社ＧＥＮＯＶＡ,非財務指標,1,1,"エンゲージメント,キャッシュフロー,営業利益,営業利益率,売上高"
S100YFQH,方針,プライム,株式会社ＧＥＮＯＶＡ,株価関連指標,0,0,"エンゲージメント,キャッシュフロー,営業利益,営業利益率,売上高"
S100Y0I2,報酬,プライム,Ｊａｐａｎ　Ｅｙｅｗｅａｒ　Ｈｏｌｄｉｎｇｓ株式会社,会計数字,0,0,
S100Y0I2,報酬,プライム,Ｊａｐａｎ　Ｅｙｅｗｅａｒ　Ｈｏｌｄｉｎｇｓ株式会社,財務比率,0,0,
S100Y0I2,報酬,プライム,Ｊａｐａｎ　Ｅｙｅｗｅａｒ　Ｈｏｌｄｉｎｇｓ株式会社,非財務指標,0,0,
S100Y0I2,報酬,プライム,Ｊａｐａｎ　Ｅｙｅｗｅａｒ　Ｈｏｌｄｉｎｇｓ株式会社,株価関連指標,0,0,
S100Y0I2,方針,プライム,Ｊａｐａｎ　Ｅｙｅｗｅａｒ　Ｈｏｌｄｉｎｇｓ株式会社,会計数字,1,1,EBITDA
S100Y0I2,方針,プライム,Ｊａｐａｎ　Ｅｙｅｗｅａｒ　Ｈｏｌｄｉｎｇｓ株式会社,財務比率,0,0,EBITDA
S100Y0I2,方針,プライム,Ｊａｐａｎ　Ｅｙｅｗｅａｒ　Ｈｏｌｄｉｎｇｓ株式会社,非財務指標,0,0,EBITDA
S100Y0I2,方針,プライム,Ｊａｐａｎ　Ｅｙｅｗｅａｒ　Ｈｏｌｄｉｎｇｓ株式会社,株価関連指標,0,0,EBITDA
S100YJFL,報酬,プライム,アマノ株式会社,会計数字,1,1,"ROE,営業利益,売上高"
S100YJFL,報酬,プライム,アマノ株式会社,財務比率,1,1,"ROE,営業利益,売上高"
S100YJFL,報酬,プライム,アマノ株式会社,非財務指標,0,0,"ROE,営業利益,売上高"
S100YJFL,報酬,プライム,アマノ株式会社,株価関連指標,0,0,"ROE,営業利益,売上高"
S100YJFL,方針,プライム,アマノ株式会社,会計数字,1,1,"ROE,営業利益,営業利益率,売上高,当期純利益,経常利益"
S100YJFL,方針,プライム,アマノ株式会社,財務比率,1,1,"ROE,営業利益,営業利益率,売上高,当期純利益,経常利益"
S100YJFL,方針,プライム,アマノ株式会社,非財務指標,0,0,"ROE,営業利益,営業利益率,売上高,当期純利益,経常利益"
S100YJFL,方針,プライム,アマノ株式会社,株価関連指標,0,0,"ROE,営業利益,営業利益率,売上高,当期純利益,経常利益"
S100Y53G,報酬,プライム,イオンフィナンシャルサービス株式会社,会計数字,1,1,"営業収益,経常利益"
S100Y53G,報酬,プライム,イオンフィナンシャルサービス株式会社,財務比率,0,0,"営業収益,経常利益"
S100Y53G,報酬,プライム,イオンフィナンシャルサービス株式会社,非財務指標,0,0,"営業収益,経常利益"
S100Y53G,報酬,プライム,イオンフィナンシャルサービス株式会社,株価関連指標,0,0,"営業収益,経常利益"
S100Y53G,方針,プライム,イオンフィナンシャルサービス株式会社,会計数字,0,0,ROE
S100Y53G,方針,プライム,イオンフィナンシャルサービス株式会社,財務比率,1,1,ROE
S100Y53G,方針,プライム,イオンフィナンシャルサービス株式会社,非財務指標,0,0,ROE
S100Y53G,方針,プライム,イオンフィナンシャルサービス株式会社,株価関連指標,0,0,ROE
S100YG4Z,報酬,プライム,エスペック株式会社,会計数字,1,1,"営業利益,営業利益率,売上高"
S100YG4Z,報酬,プライム,エスペック株式会社,財務比率,1,1,"営業利益,営業利益率,売上高"
S100YG4Z,報酬,プライム,エスペック株式会社,非財務指標,0,0,"営業利益,営業利益率,売上高"
S100YG4Z,報酬,プライム,エスペック株式会社,株価関連指標,0,0,"営業利益,営業利益率,売上高"
S100YG4Z,方針,プライム,エスペック株式会社,会計数字,1,1,"ESG,ROE,サステナビリティ,リスクマネジメント,受注高,営業利益,営業利益率,売上高,当期純利益,自己資本比率"
S100YG4Z,方針,プライム,エスペック株式会社,財務比率,1,1,"ESG,ROE,サステナビリティ,リスクマネジメント,受注高,営業利益,営業利益率,売上高,当期純利益,自己資本比率"
S100YG4Z,方針,プライム,エスペック株式会社,非財務指標,0,1,"ESG,ROE,サステナビリティ,リスクマネジメント,受注高,営業利益,営業利益率,売上高,当期純利益,自己資本比率"
S100YG4Z,方針,プライム,エスペック株式会社,株価関連指標,0,0,"ESG,ROE,サステナビリティ,リスクマネジメント,受注高,営業利益,営業利益率,売上高,当期純利益,自己資本比率"
S100YHI9,報酬,プライム,キャリアリンク株式会社,会計数字,1,1,当期純利益
S100YHI9,報酬,プライム,キャリアリンク株式会社,財務比率,0,0,当期純利益
S100YHI9,報酬,プライム,キャリアリンク株式会社,非財務指標,0,0,当期純利益
S100YHI9,報酬,プライム,キャリアリンク株式会社,株価関連指標,0,0,当期純利益
S100YHI9,方針,プライム,キャリアリンク株式会社,会計数字,1,1,"ROE,営業利益,営業利益率,売上高,当期純利益,当期純利益率"
S100YHI9,方針,プライム,キャリアリンク株式会社,財務比率,1,1,"ROE,営業利益,営業利益率,売上高,当期純利益,当期純利益率"
S100YHI9,方針,プライム,キャリアリンク株式会社,非財務指標,0,0,"ROE,営業利益,営業利益率,売上高,当期純利益,当期純利益率"
S100YHI9,方針,プライム,キャリアリンク株式会社,株価関連指標,0,0,"ROE,営業利益,営業利益率,売上高,当期純利益,当期純利益率"
S100YC07,報酬,プライム,コニシ株式会社,会計数字,1,1,"営業利益,当期純利益"
S100YC07,報酬,プライム,コニシ株式会社,財務比率,0,0,"営業利益,当期純利益"
S100YC07,報酬,プライム,コニシ株式会社,非財務指標,0,0,"営業利益,当期純利益"
S100YC07,報酬,プライム,コニシ株式会社,株価関連指標,0,0,"営業利益,当期純利益"
S100YC07,方針,プライム,コニシ株式会社,会計数字,1,1,"EBITDA,ROE,営業利益,営業利益率,売上高,当期純利益率"
S100YC07,方針,プライム,コニシ株式会社,財務比率,1,1,"EBITDA,ROE,営業利益,営業利益率,売上高,当期純利益率"
S100YC07,方針,プライム,コニシ株式会社,非財務指標,0,0,"EBITDA,ROE,営業利益,営業利益率,売上高,当期純利益率"
S100YC07,方針,プライム,コニシ株式会社,株価関連指標,0,0,"EBITDA,ROE,営業利益,営業利益率,売上高,当期純利益率"
S100YGKR,報酬,プライム,サンフロンティア不動産株式会社,会計数字,1,1,経常利益
S100YGKR,報酬,プライム,サンフロンティア不動産株式会社,財務比率,0,0,経常利益
S100YGKR,報酬,プライム,サンフロンティア不動産株式会社,非財務指標,0,0,経常利益
S100YGKR,報酬,プライム,サンフロンティア不動産株式会社,株価関連指標,0,0,経常利益
S100YGKR,方針,プライム,サンフロンティア不動産株式会社,会計数字,1,1,"ROE,売上高,経常利益,経常利益率,自己資本比率"
S100YGKR,方針,プライム,サンフロンティア不動産株式会社,財務比率,1,1,"ROE,売上高,経常利益,経常利益率,自己資本比率"
S100YGKR,方針,プライム,サンフロンティア不動産株式会社,非財務指標,0,0,"ROE,売上高,経常利益,経常利益率,自己資本比率"
S100YGKR,方針,プライム,サンフロンティア不動産株式会社,株価関連指標,0,0,"ROE,売上高,経常利益,経常利益率,自己資本比率"
S100YMZS,報酬,プライム,シュッピン株式会社,会計数字,1,1,"営業利益,時価総額"
S100YMZS,報酬,プライム,シュッピン株式会社,財務比率,0,0,"営業利益,時価総額"
S100YMZS,報酬,プライム,シュッピン株式会社,非財務指標,0,0,"営業利益,時価総額"
S100YMZS,報酬,プライム,シュッピン株式会社,株価関連指標,0,1,"営業利益,時価総額"
S100YMZS,方針,プライム,シュッピン株式会社,会計数字,0,0,"ROE,利益率,棚卸資産回転率,経常利益率"
S100YMZS,方針,プライム,シュッピン株式会社,財務比率,1,1,"ROE,利益率,棚卸資産回転率,経常利益率"
S100YMZS,方針,プライム,シュッピン株式会社,非財務指標,0,0,"ROE,利益率,棚卸資産回転率,経常利益率"
S100YMZS,方針,プライム,シュッピン株式会社,株価関連指標,0,0,"ROE,利益率,棚卸資産回転率,経常利益率"
S100YCU0,報酬,プライム,デンカ株式会社,会計数字,1,1,"営業利益,非財務目標"
S100YCU0,報酬,プライム,デンカ株式会社,財務比率,0,0,"営業利益,非財務目標"
S100YCU0,報酬,プライム,デンカ株式会社,非財務指標,0,1,"営業利益,非財務目標"
S100YCU0,報酬,プライム,デンカ株式会社,株価関連指標,0,0,"営業利益,非財務目標"
S100YCU0,方針,プライム,デンカ株式会社,会計数字,1,1,"ROE,ROIC,サステナビリティ,営業利益,当期純利益,株主還元率"
S100YCU0,方針,プライム,デンカ株式会社,財務比率,1,1,"ROE,ROIC,サステナビリティ,営業利益,当期純利益,株主還元率"
S100YCU0,方針,プライム,デンカ株式会社,非財務指標,0,1,"ROE,ROIC,サステナビリティ,営業利益,当期純利益,株主還元率"
S100YCU0,方針,プライム,デンカ株式会社,株価関連指標,1,1,"ROE,ROIC,サステナビリティ,営業利益,当期純利益,株主還元率"
S100YIWE,報酬,プライム,ニチモウ株式会社,会計数字,1,1,経常利益
S100YIWE,報酬,プライム,ニチモウ株式会社,財務比率,0,0,経常利益
S100YIWE,報酬,プライム,ニチモウ株式会社,非財務指標,0,0,経常利益
S100YIWE,報酬,プライム,ニチモウ株式会社,株価関連指標,0,0,経常利益
S100YIWE,方針,プライム,ニチモウ株式会社,会計数字,1,1,"ROE,ROIC,営業利益,売上高,経常利益"
S100YIWE,方針,プライム,ニチモウ株式会社,財務比率,1,1,"ROE,ROIC,営業利益,売上高,経常利益"
S100YIWE,方針,プライム,ニチモウ株式会社,非財務指標,0,0,"ROE,ROIC,営業利益,売上高,経常利益"
S100YIWE,方針,プライム,ニチモウ株式会社,株価関連指標,0,0,"ROE,ROIC,営業利益,売上高,経常利益"
S100YEIE,報酬,プライム,ハリマ化成グループ株式会社,会計数字,1,1,"営業利益,当期純利益"
S100YEIE,報酬,プライム,ハリマ化成グループ株式会社,財務比率,0,0,"営業利益,当期純利益"
S100YEIE,報酬,プライム,ハリマ化成グループ株式会社,非財務指標,0,0,"営業利益,当期純利益"
S100YEIE,報酬,プライム,ハリマ化成グループ株式会社,株価関連指標,0,0,"営業利益,当期純利益"
S100YEIE,方針,プライム,ハリマ化成グループ株式会社,会計数字,1,1,"ESG,ROE,営業利益,営業利益率,売上高,脱炭素/温室効果ガス"
S100YEIE,方針,プライム,ハリマ化成グループ株式会社,財務比率,1,1,"ESG,ROE,営業利益,営業利益率,売上高,脱炭素/温室効果ガス"
S100YEIE,方針,プライム,ハリマ化成グループ株式会社,非財務指標,1,1,"ESG,ROE,営業利益,営業利益率,売上高,脱炭素/温室効果ガス"
S100YEIE,方針,プライム,ハリマ化成グループ株式会社,株価関連指標,0,0,"ESG,ROE,営業利益,営業利益率,売上高,脱炭素/温室効果ガス"
S100YFJB,報酬,プライム,フリュー株式会社,会計数字,1,1,経常利益
S100YFJB,報酬,プライム,フリュー株式会社,財務比率,0,0,経常利益
S100YFJB,報酬,プライム,フリュー株式会社,非財務指標,0,0,経常利益
S100YFJB,報酬,プライム,フリュー株式会社,株価関連指標,0,0,経常利益
S100YFJB,方針,プライム,フリュー株式会社,会計数字,0,0,ROE
S100YFJB,方針,プライム,フリュー株式会社,財務比率,1,1,ROE
S100YFJB,方針,プライム,フリュー株式会社,非財務指標,0,0,ROE
S100YFJB,方針,プライム,フリュー株式会社,株価関連指標,0,0,ROE
S100YK9A,報酬,プライム,ユー・エム・シー・エレクトロニクス株式会社,会計数字,1,1,"営業利益,当期純利益"
S100YK9A,報酬,プライム,ユー・エム・シー・エレクトロニクス株式会社,財務比率,0,0,"営業利益,当期純利益"
S100YK9A,報酬,プライム,ユー・エム・シー・エレクトロニクス株式会社,非財務指標,0,0,"営業利益,当期純利益"
S100YK9A,報酬,プライム,ユー・エム・シー・エレクトロニクス株式会社,株価関連指標,0,0,"営業利益,当期純利益"
S100YK9A,方針,プライム,ユー・エム・シー・エレクトロニクス株式会社,会計数字,0,0,営業利益率
S100YK9A,方針,プライム,ユー・エム・シー・エレクトロニクス株式会社,財務比率,1,1,営業利益率
S100YK9A,方針,プライム,ユー・エム・シー・エレクトロニクス株式会社,非財務指標,0,0,営業利益率
S100YK9A,方針,プライム,ユー・エム・シー・エレクトロニクス株式会社,株価関連指標,0,0,営業利益率
S100WW0E,報酬,プライム,ラクスル株式会社,会計数字,1,1,売上総利益
S100WW0E,報酬,プライム,ラクスル株式会社,財務比率,0,0,売上総利益
S100WW0E,報酬,プライム,ラクスル株式会社,非財務指標,0,0,売上総利益
S100WW0E,報酬,プライム,ラクスル株式会社,株価関連指標,0,0,売上総利益
S100WW0E,方針,プライム,ラクスル株式会社,会計数字,1,1,"EBITDA,キャッシュフロー,営業利益,売上総利益,売上総利益率,売上高,当期純利益"
S100WW0E,方針,プライム,ラクスル株式会社,財務比率,1,1,"EBITDA,キャッシュフロー,営業利益,売上総利益,売上総利益率,売上高,当期純利益"
S100WW0E,方針,プライム,ラクスル株式会社,非財務指標,1,0,"EBITDA,キャッシュフロー,営業利益,売上総利益,売上総利益率,売上高,当期純利益"
S100WW0E,方針,プライム,ラクスル株式会社,株価関連指標,0,0,"EBITDA,キャッシュフロー,営業利益,売上総利益,売上総利益率,売上高,当期純利益"
S100XTB1,報酬,プライム,リガク・ホールディングス株式会社,会計数字,1,1,"EBITDA,売上高"
S100XTB1,報酬,プライム,リガク・ホールディングス株式会社,財務比率,0,0,"EBITDA,売上高"
S100XTB1,報酬,プライム,リガク・ホールディングス株式会社,非財務指標,0,0,"EBITDA,売上高"
S100XTB1,報酬,プライム,リガク・ホールディングス株式会社,株価関連指標,0,0,"EBITDA,売上高"
S100XTB1,方針,プライム,リガク・ホールディングス株式会社,会計数字,1,1,"EBITDA,エンゲージメント,利益率,営業利益,営業利益率,売上収益,売上高"
S100XTB1,方針,プライム,リガク・ホールディングス株式会社,財務比率,1,1,"EBITDA,エンゲージメント,利益率,営業利益,営業利益率,売上収益,売上高"
S100XTB1,方針,プライム,リガク・ホールディングス株式会社,非財務指標,0,1,"EBITDA,エンゲージメント,利益率,営業利益,営業利益率,売上収益,売上高"
S100XTB1,方針,プライム,リガク・ホールディングス株式会社,株価関連指標,0,0,"EBITDA,エンゲージメント,利益率,営業利益,営業利益率,売上収益,売上高"
S100YDME,報酬,プライム,レイズネクスト株式会社,会計数字,1,1,営業利益
S100YDME,報酬,プライム,レイズネクスト株式会社,財務比率,0,0,営業利益
S100YDME,報酬,プライム,レイズネクスト株式会社,非財務指標,0,0,営業利益
S100YDME,報酬,プライム,レイズネクスト株式会社,株価関連指標,0,0,営業利益
S100YDME,方針,プライム,レイズネクスト株式会社,会計数字,1,1,"DOE,ROE,営業利益,当期純利益,当期純利益率,配当性向"
S100YDME,方針,プライム,レイズネクスト株式会社,財務比率,1,1,"DOE,ROE,営業利益,当期純利益,当期純利益率,配当性向"
S100YDME,方針,プライム,レイズネクスト株式会社,非財務指標,0,0,"DOE,ROE,営業利益,当期純利益,当期純利益率,配当性向"
S100YDME,方針,プライム,レイズネクスト株式会社,株価関連指標,1,1,"DOE,ROE,営業利益,当期純利益,当期純利益率,配当性向"
S100WQ7F,報酬,プライム,レーザーテック株式会社,会計数字,1,1,当期純利益
S100WQ7F,報酬,プライム,レーザーテック株式会社,財務比率,0,0,当期純利益
S100WQ7F,報酬,プライム,レーザーテック株式会社,非財務指標,0,0,当期純利益
S100WQ7F,報酬,プライム,レーザーテック株式会社,株価関連指標,0,0,当期純利益
S100WQ7F,方針,プライム,レーザーテック株式会社,会計数字,0,0,営業利益率
S100WQ7F,方針,プライム,レーザーテック株式会社,財務比率,1,1,営業利益率
S100WQ7F,方針,プライム,レーザーテック株式会社,非財務指標,0,0,営業利益率
S100WQ7F,方針,プライム,レーザーテック株式会社,株価関連指標,0,0,営業利益率
S100YJLB,報酬,プライム,三菱製紙株式会社,会計数字,1,1,"営業利益,売上高"
S100YJLB,報酬,プライム,三菱製紙株式会社,財務比率,0,0,"営業利益,売上高"
S100YJLB,報酬,プライム,三菱製紙株式会社,非財務指標,0,0,"営業利益,売上高"
S100YJLB,報酬,プライム,三菱製紙株式会社,株価関連指標,0,0,"営業利益,売上高"
S100YJLB,方針,プライム,三菱製紙株式会社,会計数字,1,1,"ROE,ROIC,SDGs,営業利益,売上高"
S100YJLB,方針,プライム,三菱製紙株式会社,財務比率,1,1,"ROE,ROIC,SDGs,営業利益,売上高"
S100YJLB,方針,プライム,三菱製紙株式会社,非財務指標,0,1,"ROE,ROIC,SDGs,営業利益,売上高"
S100YJLB,方針,プライム,三菱製紙株式会社,株価関連指標,0,0,"ROE,ROIC,SDGs,営業利益,売上高"
S100YGSJ,報酬,プライム,中国塗料株式会社,会計数字,1,1,"ESG,売上高,当期純利益,脱炭素/温室効果ガス"
S100YGSJ,報酬,プライム,中国塗料株式会社,財務比率,0,0,"ESG,売上高,当期純利益,脱炭素/温室効果ガス"
S100YGSJ,報酬,プライム,中国塗料株式会社,非財務指標,1,1,"ESG,売上高,当期純利益,脱炭素/温室効果ガス"
S100YGSJ,報酬,プライム,中国塗料株式会社,株価関連指標,0,0,"ESG,売上高,当期純利益,脱炭素/温室効果ガス"
S100YGSJ,方針,プライム,中国塗料株式会社,会計数字,1,1,"DOE,EBITDA,ROE,サステナビリティ,営業利益,営業利益率,売上高,当期純利益,脱炭素/温室効果ガス"
S100YGSJ,方針,プライム,中国塗料株式会社,財務比率,1,1,"DOE,EBITDA,ROE,サステナビリティ,営業利益,営業利益率,売上高,当期純利益,脱炭素/温室効果ガス"
S100YGSJ,方針,プライム,中国塗料株式会社,非財務指標,1,1,"DOE,EBITDA,ROE,サステナビリティ,営業利益,営業利益率,売上高,当期純利益,脱炭素/温室効果ガス"
S100YGSJ,方針,プライム,中国塗料株式会社,株価関連指標,1,1,"DOE,EBITDA,ROE,サステナビリティ,営業利益,営業利益率,売上高,当期純利益,脱炭素/温室効果ガス"
S100XA3X,報酬,プライム,加藤産業株式会社,会計数字,1,1,経常利益
S100XA3X,報酬,プライム,加藤産業株式会社,財務比率,0,0,経常利益
S100XA3X,報酬,プライム,加藤産業株式会社,非財務指標,0,0,経常利益
S100XA3X,報酬,プライム,加藤産業株式会社,株価関連指標,0,0,経常利益
S100XA3X,方針,プライム,加藤産業株式会社,会計数字,0,0,"サステナビリティ,脱炭素/温室効果ガス"
S100XA3X,方針,プライム,加藤産業株式会社,財務比率,0,0,"サステナビリティ,脱炭素/温室効果ガス"
S100XA3X,方針,プライム,加藤産業株式会社,非財務指標,0,1,"サステナビリティ,脱炭素/温室効果ガス"
S100XA3X,方針,プライム,加藤産業株式会社,株価関連指標,0,0,"サステナビリティ,脱炭素/温室効果ガス"
S100YDWY,報酬,プライム,北海道電力株式会社,会計数字,1,1,"DOE,経常利益"
S100YDWY,報酬,プライム,北海道電力株式会社,財務比率,0,0,"DOE,経常利益"
S100YDWY,報酬,プライム,北海道電力株式会社,非財務指標,0,0,"DOE,経常利益"
S100YDWY,報酬,プライム,北海道電力株式会社,株価関連指標,1,1,"DOE,経常利益"
S100YDWY,方針,プライム,北海道電力株式会社,会計数字,0,0,"SDGs,脱炭素/温室効果ガス"
S100YDWY,方針,プライム,北海道電力株式会社,財務比率,0,0,"SDGs,脱炭素/温室効果ガス"
S100YDWY,方針,プライム,北海道電力株式会社,非財務指標,1,1,"SDGs,脱炭素/温室効果ガス"
S100YDWY,方針,プライム,北海道電力株式会社,株価関連指標,0,0,"SDGs,脱炭素/温室効果ガス"
S100YDZX,報酬,プライム,帝国通信工業株式会社,会計数字,1,1,"営業利益,売上高"
S100YDZX,報酬,プライム,帝国通信工業株式会社,財務比率,0,0,"営業利益,売上高"
S100YDZX,報酬,プライム,帝国通信工業株式会社,非財務指標,0,0,"営業利益,売上高"
S100YDZX,報酬,プライム,帝国通信工業株式会社,株価関連指標,0,0,"営業利益,売上高"
S100YDZX,方針,プライム,帝国通信工業株式会社,会計数字,1,1,"DOE,ROE,サステナビリティ,利益率,営業利益,営業利益率,売上高,脱炭素/温室効果ガス,自己資本比率"
S100YDZX,方針,プライム,帝国通信工業株式会社,財務比率,1,1,"DOE,ROE,サステナビリティ,利益率,営業利益,営業利益率,売上高,脱炭素/温室効果ガス,自己資本比率"
S100YDZX,方針,プライム,帝国通信工業株式会社,非財務指標,1,1,"DOE,ROE,サステナビリティ,利益率,営業利益,営業利益率,売上高,脱炭素/温室効果ガス,自己資本比率"
S100YDZX,方針,プライム,帝国通信工業株式会社,株価関連指標,1,1,"DOE,ROE,サステナビリティ,利益率,営業利益,営業利益率,売上高,脱炭素/温室効果ガス,自己資本比率"
S100Y9N3,報酬,プライム,愛三工業株式会社,会計数字,1,1,営業利益
S100Y9N3,報酬,プライム,愛三工業株式会社,財務比率,0,0,営業利益
S100Y9N3,報酬,プライム,愛三工業株式会社,非財務指標,0,0,営業利益
S100Y9N3,報酬,プライム,愛三工業株式会社,株価関連指標,0,0,営業利益
S100Y9N3,方針,プライム,愛三工業株式会社,会計数字,1,1,"ROE,営業利益率,売上高"
S100Y9N3,方針,プライム,愛三工業株式会社,財務比率,1,1,"ROE,営業利益率,売上高"
S100Y9N3,方針,プライム,愛三工業株式会社,非財務指標,0,0,"ROE,営業利益率,売上高"
S100Y9N3,方針,プライム,愛三工業株式会社,株価関連指標,0,0,"ROE,営業利益率,売上高"
S100YBKB,報酬,プライム,文化シヤッター株式会社,会計数字,1,1,"ROE,ROIC,営業利益,売上高,当期純利益"
S100YBKB,報酬,プライム,文化シヤッター株式会社,財務比率,1,1,"ROE,ROIC,営業利益,売上高,当期純利益"
S100YBKB,報酬,プライム,文化シヤッター株式会社,非財務指標,0,0,"ROE,ROIC,営業利益,売上高,当期純利益"
S100YBKB,報酬,プライム,文化シヤッター株式会社,株価関連指標,0,0,"ROE,ROIC,営業利益,売上高,当期純利益"
S100YBKB,方針,プライム,文化シヤッター株式会社,会計数字,1,1,"ESG,ROE,ROIC,SDGs,エンゲージメント,サステナビリティ,営業利益,営業利益率,売上高,脱炭素/温室効果ガス"
S100YBKB,方針,プライム,文化シヤッター株式会社,財務比率,1,1,"ESG,ROE,ROIC,SDGs,エンゲージメント,サステナビリティ,営業利益,営業利益率,売上高,脱炭素/温室効果ガス"
S100YBKB,方針,プライム,文化シヤッター株式会社,非財務指標,0,1,"ESG,ROE,ROIC,SDGs,エンゲージメント,サステナビリティ,営業利益,営業利益率,売上高,脱炭素/温室効果ガス"
S100YBKB,方針,プライム,文化シヤッター株式会社,株価関連指標,0,0,"ESG,ROE,ROIC,SDGs,エンゲージメント,サステナビリティ,営業利益,営業利益率,売上高,脱炭素/温室効果ガス"
S100XA5Q,報酬,プライム,新日本製薬株式会社,会計数字,1,1,"営業利益,売上高"
S100XA5Q,報酬,プライム,新日本製薬株式会社,財務比率,0,0,"営業利益,売上高"
S100XA5Q,報酬,プライム,新日本製薬株式会社,非財務指標,0,0,"営業利益,売上高"
S100XA5Q,報酬,プライム,新日本製薬株式会社,株価関連指標,0,0,"営業利益,売上高"
S100XA5Q,方針,プライム,新日本製薬株式会社,会計数字,1,1,"ROE,営業利益,営業利益率,売上高,配当性向"
S100XA5Q,方針,プライム,新日本製薬株式会社,財務比率,1,1,"ROE,営業利益,営業利益率,売上高,配当性向"
S100XA5Q,方針,プライム,新日本製薬株式会社,非財務指標,0,0,"ROE,営業利益,営業利益率,売上高,配当性向"
S100XA5Q,方針,プライム,新日本製薬株式会社,株価関連指標,1,1,"ROE,営業利益,営業利益率,売上高,配当性向"
S100YHJ7,報酬,プライム,新電元工業株式会社,会計数字,0,0,ESG
S100YHJ7,報酬,プライム,新電元工業株式会社,財務比率,0,0,ESG
S100YHJ7,報酬,プライム,新電元工業株式会社,非財務指標,1,1,ESG
S100YHJ7,報酬,プライム,新電元工業株式会社,株価関連指標,0,0,ESG
S100YHJ7,方針,プライム,新電元工業株式会社,会計数字,1,1,"PBR,ROA,ROE,サステナビリティ,営業利益率,売上高"
S100YHJ7,方針,プライム,新電元工業株式会社,財務比率,1,1,"PBR,ROA,ROE,サステナビリティ,営業利益率,売上高"
S100YHJ7,方針,プライム,新電元工業株式会社,非財務指標,0,1,"PBR,ROA,ROE,サステナビリティ,営業利益率,売上高"
S100YHJ7,方針,プライム,新電元工業株式会社,株価関連指標,1,1,"PBR,ROA,ROE,サステナビリティ,営業利益率,売上高"
S100YI1J,報酬,プライム,日本コンクリート工業株式会社,会計数字,1,1,"営業利益,時価総額,経常利益"
S100YI1J,報酬,プライム,日本コンクリート工業株式会社,財務比率,0,0,"営業利益,時価総額,経常利益"
S100YI1J,報酬,プライム,日本コンクリート工業株式会社,非財務指標,0,0,"営業利益,時価総額,経常利益"
S100YI1J,報酬,プライム,日本コンクリート工業株式会社,株価関連指標,1,1,"営業利益,時価総額,経常利益"
S100YI1J,方針,プライム,日本コンクリート工業株式会社,会計数字,1,1,"ESG,サステナビリティ,売上高,脱炭素/温室効果ガス"
S100YI1J,方針,プライム,日本コンクリート工業株式会社,財務比率,0,0,"ESG,サステナビリティ,売上高,脱炭素/温室効果ガス"
S100YI1J,方針,プライム,日本コンクリート工業株式会社,非財務指標,0,1,"ESG,サステナビリティ,売上高,脱炭素/温室効果ガス"
S100YI1J,方針,プライム,日本コンクリート工業株式会社,株価関連指標,0,0,"ESG,サステナビリティ,売上高,脱炭素/温室効果ガス"
S100Y9BG,報酬,プライム,日本テレビホールディングス株式会社,会計数字,1,1,"営業利益,売上高"
S100Y9BG,報酬,プライム,日本テレビホールディングス株式会社,財務比率,0,0,"営業利益,売上高"
S100Y9BG,報酬,プライム,日本テレビホールディングス株式会社,非財務指標,0,0,"営業利益,売上高"
S100Y9BG,報酬,プライム,日本テレビホールディングス株式会社,株価関連指標,0,0,"営業利益,売上高"
S100Y9BG,方針,プライム,日本テレビホールディングス株式会社,会計数字,1,1,"ESG,ESG外部評価,キャッシュフロー,サステナビリティ,営業利益,売上高,株主還元率,脱炭素/温室効果ガス"
S100Y9BG,方針,プライム,日本テレビホールディングス株式会社,財務比率,0,0,"ESG,ESG外部評価,キャッシュフロー,サステナビリティ,営業利益,売上高,株主還元率,脱炭素/温室効果ガス"
S100Y9BG,方針,プライム,日本テレビホールディングス株式会社,非財務指標,0,1,"ESG,ESG外部評価,キャッシュフロー,サステナビリティ,営業利益,売上高,株主還元率,脱炭素/温室効果ガス"
S100Y9BG,方針,プライム,日本テレビホールディングス株式会社,株価関連指標,1,1,"ESG,ESG外部評価,キャッシュフロー,サステナビリティ,営業利益,売上高,株主還元率,脱炭素/温室効果ガス"
S100YIDU,報酬,プライム,日特建設株式会社,会計数字,1,1,営業利益
S100YIDU,報酬,プライム,日特建設株式会社,財務比率,0,0,営業利益
S100YIDU,報酬,プライム,日特建設株式会社,非財務指標,0,0,営業利益
S100YIDU,報酬,プライム,日特建設株式会社,株価関連指標,0,0,営業利益
S100YIDU,方針,プライム,日特建設株式会社,会計数字,1,1,"DOE,EBITDA,PBR,ROE,ROIC,キャッシュフロー,サステナビリティ,営業利益,営業利益率,売上高,時価総額,脱炭素/温室効果ガス"
S100YIDU,方針,プライム,日特建設株式会社,財務比率,1,1,"DOE,EBITDA,PBR,ROE,ROIC,キャッシュフロー,サステナビリティ,営業利益,営業利益率,売上高,時価総額,脱炭素/温室効果ガス"
S100YIDU,方針,プライム,日特建設株式会社,非財務指標,0,1,"DOE,EBITDA,PBR,ROE,ROIC,キャッシュフロー,サステナビリティ,営業利益,営業利益率,売上高,時価総額,脱炭素/温室効果ガス"
S100YIDU,方針,プライム,日特建設株式会社,株価関連指標,1,1,"DOE,EBITDA,PBR,ROE,ROIC,キャッシュフロー,サステナビリティ,営業利益,営業利益率,売上高,時価総額,脱炭素/温室効果ガス"
S100XB87,報酬,プライム,日精エー・エス・ビー機械株式会社,会計数字,1,1,"売上高,当期純利益"
S100XB87,報酬,プライム,日精エー・エス・ビー機械株式会社,財務比率,0,0,"売上高,当期純利益"
S100XB87,報酬,プライム,日精エー・エス・ビー機械株式会社,非財務指標,0,0,"売上高,当期純利益"
S100XB87,報酬,プライム,日精エー・エス・ビー機械株式会社,株価関連指標,0,0,"売上高,当期純利益"
S100XB87,方針,プライム,日精エー・エス・ビー機械株式会社,会計数字,1,1,"ESG,ROE,エンゲージメント,サステナビリティ,営業利益,売上総利益,売上高比,経常利益,脱炭素/温室効果ガス,配当性向"
S100XB87,方針,プライム,日精エー・エス・ビー機械株式会社,財務比率,1,1,"ESG,ROE,エンゲージメント,サステナビリティ,営業利益,売上総利益,売上高比,経常利益,脱炭素/温室効果ガス,配当性向"
S100XB87,方針,プライム,日精エー・エス・ビー機械株式会社,非財務指標,1,1,"ESG,ROE,エンゲージメント,サステナビリティ,営業利益,売上総利益,売上高比,経常利益,脱炭素/温室効果ガス,配当性向"
S100XB87,方針,プライム,日精エー・エス・ビー機械株式会社,株価関連指標,1,1,"ESG,ROE,エンゲージメント,サステナビリティ,営業利益,売上総利益,売上高比,経常利益,脱炭素/温室効果ガス,配当性向"
S100YCGY,報酬,プライム,東亜建設工業株式会社,会計数字,1,1,"ESG,サステナビリティ,労働安全,受注高,営業利益,当期純利益,経常利益,脱炭素/温室効果ガス"
S100YCGY,報酬,プライム,東亜建設工業株式会社,財務比率,0,0,"ESG,サステナビリティ,労働安全,受注高,営業利益,当期純利益,経常利益,脱炭素/温室効果ガス"
S100YCGY,報酬,プライム,東亜建設工業株式会社,非財務指標,0,1,"ESG,サステナビリティ,労働安全,受注高,営業利益,当期純利益,経常利益,脱炭素/温室効果ガス"
S100YCGY,報酬,プライム,東亜建設工業株式会社,株価関連指標,1,0,"ESG,サステナビリティ,労働安全,受注高,営業利益,当期純利益,経常利益,脱炭素/温室効果ガス"
S100YCGY,方針,プライム,東亜建設工業株式会社,会計数字,1,1,"ROE,サステナビリティ,営業利益,売上高,配当性向"
S100YCGY,方針,プライム,東亜建設工業株式会社,財務比率,1,1,"ROE,サステナビリティ,営業利益,売上高,配当性向"
S100YCGY,方針,プライム,東亜建設工業株式会社,非財務指標,0,1,"ROE,サステナビリティ,営業利益,売上高,配当性向"
S100YCGY,方針,プライム,東亜建設工業株式会社,株価関連指標,1,1,"ROE,サステナビリティ,営業利益,売上高,配当性向"
S100YMS0,報酬,プライム,東京計器株式会社,会計数字,1,1,"ROE,営業利益,営業利益率,売上高,当期純利益"
S100YMS0,報酬,プライム,東京計器株式会社,財務比率,1,1,"ROE,営業利益,営業利益率,売上高,当期純利益"
S100YMS0,報酬,プライム,東京計器株式会社,非財務指標,0,0,"ROE,営業利益,営業利益率,売上高,当期純利益"
S100YMS0,報酬,プライム,東京計器株式会社,株価関連指標,0,0,"ROE,営業利益,営業利益率,売上高,当期純利益"
S100YMS0,方針,プライム,東京計器株式会社,会計数字,1,1,"ESG,ROE,ROIC,SDGs,サステナビリティ,利益率,営業利益,営業利益率,売上高"
S100YMS0,方針,プライム,東京計器株式会社,財務比率,1,1,"ESG,ROE,ROIC,SDGs,サステナビリティ,利益率,営業利益,営業利益率,売上高"
S100YMS0,方針,プライム,東京計器株式会社,非財務指標,0,1,"ESG,ROE,ROIC,SDGs,サステナビリティ,利益率,営業利益,営業利益率,売上高"
S100YMS0,方針,プライム,東京計器株式会社,株価関連指標,0,0,"ESG,ROE,ROIC,SDGs,サステナビリティ,利益率,営業利益,営業利益率,売上高"
S100YI4K,報酬,プライム,東洋エンジニアリング株式会社,会計数字,1,1,当期純利益
S100YI4K,報酬,プライム,東洋エンジニアリング株式会社,財務比率,0,0,当期純利益
S100YI4K,報酬,プライム,東洋エンジニアリング株式会社,非財務指標,0,0,当期純利益
S100YI4K,報酬,プライム,東洋エンジニアリング株式会社,株価関連指標,0,0,当期純利益
S100YI4K,方針,プライム,東洋エンジニアリング株式会社,会計数字,1,1,"受注高,営業利益,売上総利益,当期純利益,経常利益,脱炭素/温室効果ガス"
S100YI4K,方針,プライム,東洋エンジニアリング株式会社,財務比率,0,0,"受注高,営業利益,売上総利益,当期純利益,経常利益,脱炭素/温室効果ガス"
S100YI4K,方針,プライム,東洋エンジニアリング株式会社,非財務指標,0,1,"受注高,営業利益,売上総利益,当期純利益,経常利益,脱炭素/温室効果ガス"
S100YI4K,方針,プライム,東洋エンジニアリング株式会社,株価関連指標,0,0,"受注高,営業利益,売上総利益,当期純利益,経常利益,脱炭素/温室効果ガス"
S100YI2P,報酬,プライム,東邦亜鉛株式会社,会計数字,1,1,営業利益
S100YI2P,報酬,プライム,東邦亜鉛株式会社,財務比率,0,0,営業利益
S100YI2P,報酬,プライム,東邦亜鉛株式会社,非財務指標,0,0,営業利益
S100YI2P,報酬,プライム,東邦亜鉛株式会社,株価関連指標,0,0,営業利益
S100YI2P,方針,プライム,東邦亜鉛株式会社,会計数字,0,0,
S100YI2P,方針,プライム,東邦亜鉛株式会社,財務比率,0,0,
S100YI2P,方針,プライム,東邦亜鉛株式会社,非財務指標,0,0,
S100YI2P,方針,プライム,東邦亜鉛株式会社,株価関連指標,0,0,
S100YK4B,報酬,プライム,株式会社　ヤマウラ,会計数字,1,1,経常利益
S100YK4B,報酬,プライム,株式会社　ヤマウラ,財務比率,0,0,経常利益
S100YK4B,報酬,プライム,株式会社　ヤマウラ,非財務指標,0,0,経常利益
S100YK4B,報酬,プライム,株式会社　ヤマウラ,株価関連指標,0,0,経常利益
S100YK4B,方針,プライム,株式会社　ヤマウラ,会計数字,0,0,"DOE,ESG,ROE,サステナビリティ,当期純利益率,脱炭素/温室効果ガス,自己資本比率"
S100YK4B,方針,プライム,株式会社　ヤマウラ,財務比率,1,1,"DOE,ESG,ROE,サステナビリティ,当期純利益率,脱炭素/温室効果ガス,自己資本比率"
S100YK4B,方針,プライム,株式会社　ヤマウラ,非財務指標,0,1,"DOE,ESG,ROE,サステナビリティ,当期純利益率,脱炭素/温室効果ガス,自己資本比率"
S100YK4B,方針,プライム,株式会社　ヤマウラ,株価関連指標,1,1,"DOE,ESG,ROE,サステナビリティ,当期純利益率,脱炭素/温室効果ガス,自己資本比率"
S100YEVF,報酬,プライム,株式会社あらた,会計数字,1,1,経常利益
S100YEVF,報酬,プライム,株式会社あらた,財務比率,0,0,経常利益
S100YEVF,報酬,プライム,株式会社あらた,非財務指標,0,0,経常利益
S100YEVF,報酬,プライム,株式会社あらた,株価関連指標,0,0,経常利益
S100YEVF,方針,プライム,株式会社あらた,会計数字,1,1,"EBITDA,ESG,ROE,ROIC,サステナビリティ,売上総利益,売上総利益率,売上高,経常利益,販売数量,配当性向"
S100YEVF,方針,プライム,株式会社あらた,財務比率,1,1,"EBITDA,ESG,ROE,ROIC,サステナビリティ,売上総利益,売上総利益率,売上高,経常利益,販売数量,配当性向"
S100YEVF,方針,プライム,株式会社あらた,非財務指標,0,1,"EBITDA,ESG,ROE,ROIC,サステナビリティ,売上総利益,売上総利益率,売上高,経常利益,販売数量,配当性向"
S100YEVF,方針,プライム,株式会社あらた,株価関連指標,1,1,"EBITDA,ESG,ROE,ROIC,サステナビリティ,売上総利益,売上総利益率,売上高,経常利益,販売数量,配当性向"
S100YFY8,報酬,プライム,株式会社きんでん,会計数字,1,1,営業利益
S100YFY8,報酬,プライム,株式会社きんでん,財務比率,0,0,営業利益
S100YFY8,報酬,プライム,株式会社きんでん,非財務指標,0,0,営業利益
S100YFY8,報酬,プライム,株式会社きんでん,株価関連指標,0,0,営業利益
S100YFY8,方針,プライム,株式会社きんでん,会計数字,1,1,"営業利益,売上高,当期純利益,経常利益"
S100YFY8,方針,プライム,株式会社きんでん,財務比率,0,0,"営業利益,売上高,当期純利益,経常利益"
S100YFY8,方針,プライム,株式会社きんでん,非財務指標,0,0,"営業利益,売上高,当期純利益,経常利益"
S100YFY8,方針,プライム,株式会社きんでん,株価関連指標,0,0,"営業利益,売上高,当期純利益,経常利益"
S100YHGY,報酬,プライム,株式会社たけびし,会計数字,1,1,当期純利益
S100YHGY,報酬,プライム,株式会社たけびし,財務比率,0,0,当期純利益
S100YHGY,報酬,プライム,株式会社たけびし,非財務指標,0,0,当期純利益
S100YHGY,報酬,プライム,株式会社たけびし,株価関連指標,0,0,当期純利益
S100YHGY,方針,プライム,株式会社たけびし,会計数字,0,0,
S100YHGY,方針,プライム,株式会社たけびし,財務比率,0,0,
S100YHGY,方針,プライム,株式会社たけびし,非財務指標,1,0,
S100YHGY,方針,プライム,株式会社たけびし,株価関連指標,0,0,
S100XSYR,報酬,プライム,株式会社やまびこ,会計数字,1,1,"ROE,当期純利益,経常利益"
S100XSYR,報酬,プライム,株式会社やまびこ,財務比率,1,1,"ROE,当期純利益,経常利益"
S100XSYR,報酬,プライム,株式会社やまびこ,非財務指標,0,0,"ROE,当期純利益,経常利益"
S100XSYR,報酬,プライム,株式会社やまびこ,株価関連指標,0,0,"ROE,当期純利益,経常利益"
S100XSYR,方針,プライム,株式会社やまびこ,会計数字,1,1,"ROE,営業利益率,売上高"
S100XSYR,方針,プライム,株式会社やまびこ,財務比率,1,1,"ROE,営業利益率,売上高"
S100XSYR,方針,プライム,株式会社やまびこ,非財務指標,0,0,"ROE,営業利益率,売上高"
S100XSYR,方針,プライム,株式会社やまびこ,株価関連指標,0,0,"ROE,営業利益率,売上高"
S100YC2P,報酬,プライム,株式会社イエローハット,会計数字,0,0,経常利益率
S100YC2P,報酬,プライム,株式会社イエローハット,財務比率,1,1,経常利益率
S100YC2P,報酬,プライム,株式会社イエローハット,非財務指標,0,0,経常利益率
S100YC2P,報酬,プライム,株式会社イエローハット,株価関連指標,0,0,経常利益率
S100YC2P,方針,プライム,株式会社イエローハット,会計数字,1,1,"ROE,営業利益,売上高,株主還元率,経常利益,配当性向"
S100YC2P,方針,プライム,株式会社イエローハット,財務比率,1,1,"ROE,営業利益,売上高,株主還元率,経常利益,配当性向"
S100YC2P,方針,プライム,株式会社イエローハット,非財務指標,0,0,"ROE,営業利益,売上高,株主還元率,経常利益,配当性向"
S100YC2P,方針,プライム,株式会社イエローハット,株価関連指標,1,1,"ROE,営業利益,売上高,株主還元率,経常利益,配当性向"
S100WQAK,報酬,プライム,株式会社インテージホールディングス,会計数字,1,1,営業利益
S100WQAK,報酬,プライム,株式会社インテージホールディングス,財務比率,0,0,営業利益
S100WQAK,報酬,プライム,株式会社インテージホールディングス,非財務指標,0,0,営業利益
S100WQAK,報酬,プライム,株式会社インテージホールディングス,株価関連指標,0,0,営業利益
S100WQAK,方針,プライム,株式会社インテージホールディングス,会計数字,1,1,"ESG,ROE,SDGs,サステナビリティ,営業利益,売上高,配当性向"
S100WQAK,方針,プライム,株式会社インテージホールディングス,財務比率,1,1,"ESG,ROE,SDGs,サステナビリティ,営業利益,売上高,配当性向"
S100WQAK,方針,プライム,株式会社インテージホールディングス,非財務指標,0,1,"ESG,ROE,SDGs,サステナビリティ,営業利益,売上高,配当性向"
S100WQAK,方針,プライム,株式会社インテージホールディングス,株価関連指標,1,1,"ESG,ROE,SDGs,サステナビリティ,営業利益,売上高,配当性向"
S100WWX8,報酬,プライム,株式会社エターナルホスピタリティグループ,会計数字,1,1,当期純利益
S100WWX8,報酬,プライム,株式会社エターナルホスピタリティグループ,財務比率,0,0,当期純利益
S100WWX8,報酬,プライム,株式会社エターナルホスピタリティグループ,非財務指標,0,0,当期純利益
S100WWX8,報酬,プライム,株式会社エターナルホスピタリティグループ,株価関連指標,0,0,当期純利益
S100WWX8,方針,プライム,株式会社エターナルホスピタリティグループ,会計数字,1,1,"ROE,売上高,自己資本比率"
S100WWX8,方針,プライム,株式会社エターナルホスピタリティグループ,財務比率,1,1,"ROE,売上高,自己資本比率"
S100WWX8,方針,プライム,株式会社エターナルホスピタリティグループ,非財務指標,1,0,"ROE,売上高,自己資本比率"
S100WWX8,方針,プライム,株式会社エターナルホスピタリティグループ,株価関連指標,0,0,"ROE,売上高,自己資本比率"
S100YFDV,報酬,プライム,株式会社オカムラ,会計数字,1,1,"SDGs,営業利益,定性評価,経常利益"
S100YFDV,報酬,プライム,株式会社オカムラ,財務比率,0,0,"SDGs,営業利益,定性評価,経常利益"
S100YFDV,報酬,プライム,株式会社オカムラ,非財務指標,0,1,"SDGs,営業利益,定性評価,経常利益"
S100YFDV,報酬,プライム,株式会社オカムラ,株価関連指標,0,0,"SDGs,営業利益,定性評価,経常利益"
S100YFDV,方針,プライム,株式会社オカムラ,会計数字,1,1,"ROE,サステナビリティ,営業利益,営業利益率,売上高,配当性向"
S100YFDV,方針,プライム,株式会社オカムラ,財務比率,1,1,"ROE,サステナビリティ,営業利益,営業利益率,売上高,配当性向"
S100YFDV,方針,プライム,株式会社オカムラ,非財務指標,0,1,"ROE,サステナビリティ,営業利益,営業利益率,売上高,配当性向"
S100YFDV,方針,プライム,株式会社オカムラ,株価関連指標,1,1,"ROE,サステナビリティ,営業利益,営業利益率,売上高,配当性向"
S100Y6J6,報酬,プライム,株式会社オンワードホールディングス,会計数字,1,1,売上高
S100Y6J6,報酬,プライム,株式会社オンワードホールディングス,財務比率,0,0,売上高
S100Y6J6,報酬,プライム,株式会社オンワードホールディングス,非財務指標,0,0,売上高
S100Y6J6,報酬,プライム,株式会社オンワードホールディングス,株価関連指標,0,0,売上高
S100Y6J6,方針,プライム,株式会社オンワードホールディングス,会計数字,0,0,
S100Y6J6,方針,プライム,株式会社オンワードホールディングス,財務比率,0,0,
S100Y6J6,方針,プライム,株式会社オンワードホールディングス,非財務指標,0,0,
S100Y6J6,方針,プライム,株式会社オンワードホールディングス,株価関連指標,0,0,
S100YGBS,報酬,プライム,株式会社オービック,会計数字,1,1,当期純利益
S100YGBS,報酬,プライム,株式会社オービック,財務比率,0,0,当期純利益
S100YGBS,報酬,プライム,株式会社オービック,非財務指標,0,0,当期純利益
S100YGBS,報酬,プライム,株式会社オービック,株価関連指標,0,0,当期純利益
S100YGBS,方針,プライム,株式会社オービック,会計数字,0,0,ROE
S100YGBS,方針,プライム,株式会社オービック,財務比率,1,1,ROE
S100YGBS,方針,プライム,株式会社オービック,非財務指標,0,0,ROE
S100YGBS,方針,プライム,株式会社オービック,株価関連指標,0,0,ROE
S100XHK4,報酬,プライム,株式会社ギフトホールディングス,会計数字,1,1,"営業利益,売上高,当期純利益,経常利益"
S100XHK4,報酬,プライム,株式会社ギフトホールディングス,財務比率,0,0,"営業利益,売上高,当期純利益,経常利益"
S100XHK4,報酬,プライム,株式会社ギフトホールディングス,非財務指標,0,0,"営業利益,売上高,当期純利益,経常利益"
S100XHK4,報酬,プライム,株式会社ギフトホールディングス,株価関連指標,0,0,"営業利益,売上高,当期純利益,経常利益"
S100XHK4,方針,プライム,株式会社ギフトホールディングス,会計数字,1,1,"ROE,キャッシュフロー,サステナビリティ,営業利益率,売上高"
S100XHK4,方針,プライム,株式会社ギフトホールディングス,財務比率,1,1,"ROE,キャッシュフロー,サステナビリティ,営業利益率,売上高"
S100XHK4,方針,プライム,株式会社ギフトホールディングス,非財務指標,0,1,"ROE,キャッシュフロー,サステナビリティ,営業利益率,売上高"
S100XHK4,方針,プライム,株式会社ギフトホールディングス,株価関連指標,0,0,"ROE,キャッシュフロー,サステナビリティ,営業利益率,売上高"
S100YCOS,報酬,プライム,株式会社ジャノメ,会計数字,1,1,当期純利益
S100YCOS,報酬,プライム,株式会社ジャノメ,財務比率,0,0,当期純利益
S100YCOS,報酬,プライム,株式会社ジャノメ,非財務指標,0,0,当期純利益
S100YCOS,報酬,プライム,株式会社ジャノメ,株価関連指標,0,0,当期純利益
S100YCOS,方針,プライム,株式会社ジャノメ,会計数字,1,1,"DOE,ESG,PBR,ROE,サステナビリティ,利益率,営業利益率,売上高,配当性向"
S100YCOS,方針,プライム,株式会社ジャノメ,財務比率,1,1,"DOE,ESG,PBR,ROE,サステナビリティ,利益率,営業利益率,売上高,配当性向"
S100YCOS,方針,プライム,株式会社ジャノメ,非財務指標,0,1,"DOE,ESG,PBR,ROE,サステナビリティ,利益率,営業利益率,売上高,配当性向"
S100YCOS,方針,プライム,株式会社ジャノメ,株価関連指標,1,1,"DOE,ESG,PBR,ROE,サステナビリティ,利益率,営業利益率,売上高,配当性向"
S100XU6S,報酬,プライム,株式会社セレス,会計数字,1,1,"ESG,ESG外部評価,サステナビリティ,当期純利益,非財務指標"
S100XU6S,報酬,プライム,株式会社セレス,財務比率,0,0,"ESG,ESG外部評価,サステナビリティ,当期純利益,非財務指標"
S100XU6S,報酬,プライム,株式会社セレス,非財務指標,1,1,"ESG,ESG外部評価,サステナビリティ,当期純利益,非財務指標"
S100XU6S,報酬,プライム,株式会社セレス,株価関連指標,0,0,"ESG,ESG外部評価,サステナビリティ,当期純利益,非財務指標"
S100XU6S,方針,プライム,株式会社セレス,会計数字,1,1,"EBITDA,ESG,ESG外部評価,SDGs,サステナビリティ,利益率,売上高,脱炭素/温室効果ガス"
S100XU6S,方針,プライム,株式会社セレス,財務比率,0,1,"EBITDA,ESG,ESG外部評価,SDGs,サステナビリティ,利益率,売上高,脱炭素/温室効果ガス"
S100XU6S,方針,プライム,株式会社セレス,非財務指標,1,1,"EBITDA,ESG,ESG外部評価,SDGs,サステナビリティ,利益率,売上高,脱炭素/温室効果ガス"
S100XU6S,方針,プライム,株式会社セレス,株価関連指標,0,0,"EBITDA,ESG,ESG外部評価,SDGs,サステナビリティ,利益率,売上高,脱炭素/温室効果ガス"
S100YM27,報酬,プライム,株式会社ネットプロテクションズホールディングス,会計数字,1,1,"TSR,売上高,当期純利益,株価成長率,税引前利益"
S100YM27,報酬,プライム,株式会社ネットプロテクションズホールディングス,財務比率,0,0,"TSR,売上高,当期純利益,株価成長率,税引前利益"
S100YM27,報酬,プライム,株式会社ネットプロテクションズホールディングス,非財務指標,0,0,"TSR,売上高,当期純利益,株価成長率,税引前利益"
S100YM27,報酬,プライム,株式会社ネットプロテクションズホールディングス,株価関連指標,1,1,"TSR,売上高,当期純利益,株価成長率,税引前利益"
S100YM27,方針,プライム,株式会社ネットプロテクションズホールディングス,会計数字,1,1,"営業利益,売上総利益"
S100YM27,方針,プライム,株式会社ネットプロテクションズホールディングス,財務比率,0,0,"営業利益,売上総利益"
S100YM27,方針,プライム,株式会社ネットプロテクションズホールディングス,非財務指標,1,0,"営業利益,売上総利益"
S100YM27,方針,プライム,株式会社ネットプロテクションズホールディングス,株価関連指標,0,0,"営業利益,売上総利益"
S100XV85,報酬,プライム,株式会社ビジョン,会計数字,1,1,営業利益
S100XV85,報酬,プライム,株式会社ビジョン,財務比率,0,0,営業利益
S100XV85,報酬,プライム,株式会社ビジョン,非財務指標,0,0,営業利益
S100XV85,報酬,プライム,株式会社ビジョン,株価関連指標,0,0,営業利益
S100XV85,方針,プライム,株式会社ビジョン,会計数字,1,1,"営業利益,営業利益率"
S100XV85,方針,プライム,株式会社ビジョン,財務比率,1,1,"営業利益,営業利益率"
S100XV85,方針,プライム,株式会社ビジョン,非財務指標,0,0,"営業利益,営業利益率"
S100XV85,方針,プライム,株式会社ビジョン,株価関連指標,0,0,"営業利益,営業利益率"
S100Y1NL,報酬,プライム,株式会社ブイキューブ,会計数字,1,1,"フリーキャッシュフロー,売上高"
S100Y1NL,報酬,プライム,株式会社ブイキューブ,財務比率,0,0,"フリーキャッシュフロー,売上高"
S100Y1NL,報酬,プライム,株式会社ブイキューブ,非財務指標,0,0,"フリーキャッシュフロー,売上高"
S100Y1NL,報酬,プライム,株式会社ブイキューブ,株価関連指標,0,0,"フリーキャッシュフロー,売上高"
S100Y1NL,方針,プライム,株式会社ブイキューブ,会計数字,1,1,"ROI,営業損益,売上高,自己資本比率"
S100Y1NL,方針,プライム,株式会社ブイキューブ,財務比率,1,1,"ROI,営業損益,売上高,自己資本比率"
S100Y1NL,方針,プライム,株式会社ブイキューブ,非財務指標,0,0,"ROI,営業損益,売上高,自己資本比率"
S100Y1NL,方針,プライム,株式会社ブイキューブ,株価関連指標,0,0,"ROI,営業損益,売上高,自己資本比率"
S100Y58I,報酬,プライム,株式会社ミスターマックス・ホールディングス,会計数字,1,1,"ROE,キャッシュフロー,営業利益率"
S100Y58I,報酬,プライム,株式会社ミスターマックス・ホールディングス,財務比率,1,1,"ROE,キャッシュフロー,営業利益率"
S100Y58I,報酬,プライム,株式会社ミスターマックス・ホールディングス,非財務指標,0,0,"ROE,キャッシュフロー,営業利益率"
S100Y58I,報酬,プライム,株式会社ミスターマックス・ホールディングス,株価関連指標,0,0,"ROE,キャッシュフロー,営業利益率"
S100Y58I,方針,プライム,株式会社ミスターマックス・ホールディングス,会計数字,1,1,"リスクマネジメント,営業利益,営業利益率,売上高"
S100Y58I,方針,プライム,株式会社ミスターマックス・ホールディングス,財務比率,1,1,"リスクマネジメント,営業利益,営業利益率,売上高"
S100Y58I,方針,プライム,株式会社ミスターマックス・ホールディングス,非財務指標,0,1,"リスクマネジメント,営業利益,営業利益率,売上高"
S100Y58I,方針,プライム,株式会社ミスターマックス・ホールディングス,株価関連指標,0,0,"リスクマネジメント,営業利益,営業利益率,売上高"
S100YIE8,報酬,プライム,株式会社メイコー,会計数字,1,1,"ROE,営業利益,売上高,当期純利益"
S100YIE8,報酬,プライム,株式会社メイコー,財務比率,1,1,"ROE,営業利益,売上高,当期純利益"
S100YIE8,報酬,プライム,株式会社メイコー,非財務指標,0,0,"ROE,営業利益,売上高,当期純利益"
S100YIE8,報酬,プライム,株式会社メイコー,株価関連指標,0,0,"ROE,営業利益,売上高,当期純利益"
S100YIE8,方針,プライム,株式会社メイコー,会計数字,1,1,"ESG,サステナビリティ,営業利益,売上高,廃棄物削減"
S100YIE8,方針,プライム,株式会社メイコー,財務比率,0,0,"ESG,サステナビリティ,営業利益,売上高,廃棄物削減"
S100YIE8,方針,プライム,株式会社メイコー,非財務指標,0,1,"ESG,サステナビリティ,営業利益,売上高,廃棄物削減"
S100YIE8,方針,プライム,株式会社メイコー,株価関連指標,0,0,"ESG,サステナビリティ,営業利益,売上高,廃棄物削減"
S100YJWD,報酬,プライム,株式会社ヤマダホールディングス,会計数字,1,1,"エンゲージメント,サステナビリティ,当期純利益,脱炭素/温室効果ガス"
S100YJWD,報酬,プライム,株式会社ヤマダホールディングス,財務比率,0,0,"エンゲージメント,サステナビリティ,当期純利益,脱炭素/温室効果ガス"
S100YJWD,報酬,プライム,株式会社ヤマダホールディングス,非財務指標,1,1,"エンゲージメント,サステナビリティ,当期純利益,脱炭素/温室効果ガス"
S100YJWD,報酬,プライム,株式会社ヤマダホールディングス,株価関連指標,0,0,"エンゲージメント,サステナビリティ,当期純利益,脱炭素/温室効果ガス"
S100YJWD,方針,プライム,株式会社ヤマダホールディングス,会計数字,1,1,"ESG,PBR,ROE,キャッシュフロー,サステナビリティ,利益率,売上高,当期純利益,経常利益"
S100YJWD,方針,プライム,株式会社ヤマダホールディングス,財務比率,1,1,"ESG,PBR,ROE,キャッシュフロー,サステナビリティ,利益率,売上高,当期純利益,経常利益"
S100YJWD,方針,プライム,株式会社ヤマダホールディングス,非財務指標,0,1,"ESG,PBR,ROE,キャッシュフロー,サステナビリティ,利益率,売上高,当期純利益,経常利益"
S100YJWD,方針,プライム,株式会社ヤマダホールディングス,株価関連指標,1,1,"ESG,PBR,ROE,キャッシュフロー,サステナビリティ,利益率,売上高,当期純利益,経常利益"
S100Y77U,報酬,プライム,株式会社ヨシムラ・フード・ホールディングス,会計数字,1,1,経常利益
S100Y77U,報酬,プライム,株式会社ヨシムラ・フード・ホールディングス,財務比率,0,0,経常利益
S100Y77U,報酬,プライム,株式会社ヨシムラ・フード・ホールディングス,非財務指標,0,0,経常利益
S100Y77U,報酬,プライム,株式会社ヨシムラ・フード・ホールディングス,株価関連指標,0,0,経常利益
S100Y77U,方針,プライム,株式会社ヨシムラ・フード・ホールディングス,会計数字,0,0,
S100Y77U,方針,プライム,株式会社ヨシムラ・フード・ホールディングス,財務比率,0,0,
S100Y77U,方針,プライム,株式会社ヨシムラ・フード・ホールディングス,非財務指標,0,0,
S100Y77U,方針,プライム,株式会社ヨシムラ・フード・ホールディングス,株価関連指標,0,0,
S100YIP0,報酬,プライム,株式会社ライフドリンク　カンパニー,会計数字,1,1,"EBITDA,営業利益"
S100YIP0,報酬,プライム,株式会社ライフドリンク　カンパニー,財務比率,0,0,"EBITDA,営業利益"
S100YIP0,報酬,プライム,株式会社ライフドリンク　カンパニー,非財務指標,0,0,"EBITDA,営業利益"
S100YIP0,報酬,プライム,株式会社ライフドリンク　カンパニー,株価関連指標,0,0,"EBITDA,営業利益"
S100YIP0,方針,プライム,株式会社ライフドリンク　カンパニー,会計数字,1,1,"EBITDA,サステナビリティ,営業利益,売上高"
S100YIP0,方針,プライム,株式会社ライフドリンク　カンパニー,財務比率,0,0,"EBITDA,サステナビリティ,営業利益,売上高"
S100YIP0,方針,プライム,株式会社ライフドリンク　カンパニー,非財務指標,0,1,"EBITDA,サステナビリティ,営業利益,売上高"
S100YIP0,方針,プライム,株式会社ライフドリンク　カンパニー,株価関連指標,0,0,"EBITDA,サステナビリティ,営業利益,売上高"
S100WE54,報酬,プライム,株式会社ラクーンホールディングス,会計数字,1,1,"EBITDA,営業利益"
S100WE54,報酬,プライム,株式会社ラクーンホールディングス,財務比率,0,0,"EBITDA,営業利益"
S100WE54,報酬,プライム,株式会社ラクーンホールディングス,非財務指標,0,0,"EBITDA,営業利益"
S100WE54,報酬,プライム,株式会社ラクーンホールディングス,株価関連指標,0,0,"EBITDA,営業利益"
S100WE54,方針,プライム,株式会社ラクーンホールディングス,会計数字,0,0,"ROE,サステナビリティ,営業利益率,限界利益率"
S100WE54,方針,プライム,株式会社ラクーンホールディングス,財務比率,1,1,"ROE,サステナビリティ,営業利益率,限界利益率"
S100WE54,方針,プライム,株式会社ラクーンホールディングス,非財務指標,0,1,"ROE,サステナビリティ,営業利益率,限界利益率"
S100WE54,方針,プライム,株式会社ラクーンホールディングス,株価関連指標,0,0,"ROE,サステナビリティ,営業利益率,限界利益率"
S100YD7F,報酬,プライム,株式会社レノバ,会計数字,0,0,"時価総額,累計設備容量"
S100YD7F,報酬,プライム,株式会社レノバ,財務比率,0,0,"時価総額,累計設備容量"
S100YD7F,報酬,プライム,株式会社レノバ,非財務指標,1,1,"時価総額,累計設備容量"
S100YD7F,報酬,プライム,株式会社レノバ,株価関連指標,0,1,"時価総額,累計設備容量"
S100YD7F,方針,プライム,株式会社レノバ,会計数字,1,1,"EBITDA,キャッシュフロー,営業利益,売上収益,脱炭素/温室効果ガス"
S100YD7F,方針,プライム,株式会社レノバ,財務比率,0,0,"EBITDA,キャッシュフロー,営業利益,売上収益,脱炭素/温室効果ガス"
S100YD7F,方針,プライム,株式会社レノバ,非財務指標,0,1,"EBITDA,キャッシュフロー,営業利益,売上収益,脱炭素/温室効果ガス"
S100YD7F,方針,プライム,株式会社レノバ,株価関連指標,0,0,"EBITDA,キャッシュフロー,営業利益,売上収益,脱炭素/温室効果ガス"
S100Y73F,報酬,プライム,株式会社壱番屋,会計数字,1,1,当期純利益
S100Y73F,報酬,プライム,株式会社壱番屋,財務比率,0,0,当期純利益
S100Y73F,報酬,プライム,株式会社壱番屋,非財務指標,0,0,当期純利益
S100Y73F,報酬,プライム,株式会社壱番屋,株価関連指標,0,0,当期純利益
S100Y73F,方針,プライム,株式会社壱番屋,会計数字,1,1,"営業利益,売上高,当期純利益,経常利益"
S100Y73F,方針,プライム,株式会社壱番屋,財務比率,0,0,"営業利益,売上高,当期純利益,経常利益"
S100Y73F,方針,プライム,株式会社壱番屋,非財務指標,0,0,"営業利益,売上高,当期純利益,経常利益"
S100Y73F,方針,プライム,株式会社壱番屋,株価関連指標,0,0,"営業利益,売上高,当期純利益,経常利益"
S100YCJD,報酬,プライム,株式会社大紀アルミニウム工業所,会計数字,1,1,経常利益
S100YCJD,報酬,プライム,株式会社大紀アルミニウム工業所,財務比率,0,0,経常利益
S100YCJD,報酬,プライム,株式会社大紀アルミニウム工業所,非財務指標,0,0,経常利益
S100YCJD,報酬,プライム,株式会社大紀アルミニウム工業所,株価関連指標,0,0,経常利益
S100YCJD,方針,プライム,株式会社大紀アルミニウム工業所,会計数字,1,1,"DOE,PBR,ROE,サステナビリティ,経常利益,配当性向"
S100YCJD,方針,プライム,株式会社大紀アルミニウム工業所,財務比率,1,1,"DOE,PBR,ROE,サステナビリティ,経常利益,配当性向"
S100YCJD,方針,プライム,株式会社大紀アルミニウム工業所,非財務指標,0,1,"DOE,PBR,ROE,サステナビリティ,経常利益,配当性向"
S100YCJD,方針,プライム,株式会社大紀アルミニウム工業所,株価関連指標,1,1,"DOE,PBR,ROE,サステナビリティ,経常利益,配当性向"
S100YCBD,報酬,プライム,株式会社日伝,会計数字,1,1,売上高
S100YCBD,報酬,プライム,株式会社日伝,財務比率,0,0,売上高
S100YCBD,報酬,プライム,株式会社日伝,非財務指標,0,0,売上高
S100YCBD,報酬,プライム,株式会社日伝,株価関連指標,0,0,売上高
S100YCBD,方針,プライム,株式会社日伝,会計数字,1,1,"ROA,ROE,サステナビリティ,営業利益,営業利益率"
S100YCBD,方針,プライム,株式会社日伝,財務比率,1,1,"ROA,ROE,サステナビリティ,営業利益,営業利益率"
S100YCBD,方針,プライム,株式会社日伝,非財務指標,0,1,"ROA,ROE,サステナビリティ,営業利益,営業利益率"
S100YCBD,方針,プライム,株式会社日伝,株価関連指標,0,0,"ROA,ROE,サステナビリティ,営業利益,営業利益率"
S100YJBK,報酬,プライム,株式会社東京エネシス,会計数字,1,1,"営業利益,売上高"
S100YJBK,報酬,プライム,株式会社東京エネシス,財務比率,0,0,"営業利益,売上高"
S100YJBK,報酬,プライム,株式会社東京エネシス,非財務指標,0,0,"営業利益,売上高"
S100YJBK,報酬,プライム,株式会社東京エネシス,株価関連指標,0,0,"営業利益,売上高"
S100YJBK,方針,プライム,株式会社東京エネシス,会計数字,0,0,ROE
S100YJBK,方針,プライム,株式会社東京エネシス,財務比率,1,1,ROE
S100YJBK,方針,プライム,株式会社東京エネシス,非財務指標,1,0,ROE
S100YJBK,方針,プライム,株式会社東京エネシス,株価関連指標,0,0,ROE
S100YGMA,報酬,プライム,株式会社松風,会計数字,1,1,"営業利益,売上高,当期純利益"
S100YGMA,報酬,プライム,株式会社松風,財務比率,0,0,"営業利益,売上高,当期純利益"
S100YGMA,報酬,プライム,株式会社松風,非財務指標,0,0,"営業利益,売上高,当期純利益"
S100YGMA,報酬,プライム,株式会社松風,株価関連指標,0,0,"営業利益,売上高,当期純利益"
S100YGMA,方針,プライム,株式会社松風,会計数字,1,1,"サステナビリティ,営業利益,営業利益率,売上高"
S100YGMA,方針,プライム,株式会社松風,財務比率,1,1,"サステナビリティ,営業利益,営業利益率,売上高"
S100YGMA,方針,プライム,株式会社松風,非財務指標,0,1,"サステナビリティ,営業利益,営業利益率,売上高"
S100YGMA,方針,プライム,株式会社松風,株価関連指標,0,0,"サステナビリティ,営業利益,営業利益率,売上高"
S100YFJC,報酬,プライム,株式会社福井銀行,会計数字,1,1,当期純利益
S100YFJC,報酬,プライム,株式会社福井銀行,財務比率,0,0,当期純利益
S100YFJC,報酬,プライム,株式会社福井銀行,非財務指標,0,0,当期純利益
S100YFJC,報酬,プライム,株式会社福井銀行,株価関連指標,0,0,当期純利益
S100YFJC,方針,プライム,株式会社福井銀行,会計数字,1,1,"ROE,当期純利益,自己資本比率"
S100YFJC,方針,プライム,株式会社福井銀行,財務比率,1,1,"ROE,当期純利益,自己資本比率"
S100YFJC,方針,プライム,株式会社福井銀行,非財務指標,0,0,"ROE,当期純利益,自己資本比率"
S100YFJC,方針,プライム,株式会社福井銀行,株価関連指標,0,0,"ROE,当期純利益,自己資本比率"
S100YDJN,報酬,プライム,株式会社筑波銀行,会計数字,1,1,当期純利益
S100YDJN,報酬,プライム,株式会社筑波銀行,財務比率,0,0,当期純利益
S100YDJN,報酬,プライム,株式会社筑波銀行,非財務指標,0,0,当期純利益
S100YDJN,報酬,プライム,株式会社筑波銀行,株価関連指標,0,0,当期純利益
S100YDJN,方針,プライム,株式会社筑波銀行,会計数字,1,1,"ROE,エンゲージメント,当期純利益,株主還元率,自己資本比率"
S100YDJN,方針,プライム,株式会社筑波銀行,財務比率,1,1,"ROE,エンゲージメント,当期純利益,株主還元率,自己資本比率"
S100YDJN,方針,プライム,株式会社筑波銀行,非財務指標,0,1,"ROE,エンゲージメント,当期純利益,株主還元率,自己資本比率"
S100YDJN,方針,プライム,株式会社筑波銀行,株価関連指標,1,1,"ROE,エンゲージメント,当期純利益,株主還元率,自己資本比率"
S100XV5A,報酬,プライム,株式会社ＮＪＳ,会計数字,1,1,売上高
S100XV5A,報酬,プライム,株式会社ＮＪＳ,財務比率,0,0,売上高
S100XV5A,報酬,プライム,株式会社ＮＪＳ,非財務指標,0,0,売上高
S100XV5A,報酬,プライム,株式会社ＮＪＳ,株価関連指標,0,0,売上高
S100XV5A,方針,プライム,株式会社ＮＪＳ,会計数字,1,1,"サステナビリティ,リスクマネジメント,営業利益,売上高,当期純利益"
S100XV5A,方針,プライム,株式会社ＮＪＳ,財務比率,0,0,"サステナビリティ,リスクマネジメント,営業利益,売上高,当期純利益"
S100XV5A,方針,プライム,株式会社ＮＪＳ,非財務指標,0,1,"サステナビリティ,リスクマネジメント,営業利益,売上高,当期純利益"
S100XV5A,方針,プライム,株式会社ＮＪＳ,株価関連指標,0,0,"サステナビリティ,リスクマネジメント,営業利益,売上高,当期純利益"
S100YDG4,報酬,プライム,株式会社ＰＡＬＴＡＣ,会計数字,1,1,"営業利益,経常利益"
S100YDG4,報酬,プライム,株式会社ＰＡＬＴＡＣ,財務比率,0,0,"営業利益,経常利益"
S100YDG4,報酬,プライム,株式会社ＰＡＬＴＡＣ,非財務指標,0,0,"営業利益,経常利益"
S100YDG4,報酬,プライム,株式会社ＰＡＬＴＡＣ,株価関連指標,0,0,"営業利益,経常利益"
S100YDG4,方針,プライム,株式会社ＰＡＬＴＡＣ,会計数字,0,0,サステナビリティ
S100YDG4,方針,プライム,株式会社ＰＡＬＴＡＣ,財務比率,0,0,サステナビリティ
S100YDG4,方針,プライム,株式会社ＰＡＬＴＡＣ,非財務指標,0,1,サステナビリティ
S100YDG4,方針,プライム,株式会社ＰＡＬＴＡＣ,株価関連指標,0,0,サステナビリティ
S100YK9N,報酬,プライム,株式会社ＳＣＲＥＥＮホールディングス,会計数字,0,0,"ROIC,営業利益率,脱炭素/温室効果ガス"
S100YK9N,報酬,プライム,株式会社ＳＣＲＥＥＮホールディングス,財務比率,1,1,"ROIC,営業利益率,脱炭素/温室効果ガス"
S100YK9N,報酬,プライム,株式会社ＳＣＲＥＥＮホールディングス,非財務指標,1,1,"ROIC,営業利益率,脱炭素/温室効果ガス"
S100YK9N,報酬,プライム,株式会社ＳＣＲＥＥＮホールディングス,株価関連指標,0,0,"ROIC,営業利益率,脱炭素/温室効果ガス"
S100YK9N,方針,プライム,株式会社ＳＣＲＥＥＮホールディングス,会計数字,1,1,"ESG,ROIC,エンゲージメント,キャッシュフロー,サステナビリティ,営業利益率,売上総利益,売上高,脱炭素/温室効果ガス,自己資本比率,配当性向,非財務目標"
S100YK9N,方針,プライム,株式会社ＳＣＲＥＥＮホールディングス,財務比率,1,1,"ESG,ROIC,エンゲージメント,キャッシュフロー,サステナビリティ,営業利益率,売上総利益,売上高,脱炭素/温室効果ガス,自己資本比率,配当性向,非財務目標"
S100YK9N,方針,プライム,株式会社ＳＣＲＥＥＮホールディングス,非財務指標,1,1,"ESG,ROIC,エンゲージメント,キャッシュフロー,サステナビリティ,営業利益率,売上総利益,売上高,脱炭素/温室効果ガス,自己資本比率,配当性向,非財務目標"
S100YK9N,方針,プライム,株式会社ＳＣＲＥＥＮホールディングス,株価関連指標,1,1,"ESG,ROIC,エンゲージメント,キャッシュフロー,サステナビリティ,営業利益率,売上総利益,売上高,脱炭素/温室効果ガス,自己資本比率,配当性向,非財務目標"
S100YGZX,報酬,プライム,株式会社ＹＵＡＳＡ,会計数字,1,1,"売上高,当期純利益,経常利益"
S100YGZX,報酬,プライム,株式会社ＹＵＡＳＡ,財務比率,0,0,"売上高,当期純利益,経常利益"
S100YGZX,報酬,プライム,株式会社ＹＵＡＳＡ,非財務指標,0,0,"売上高,当期純利益,経常利益"
S100YGZX,報酬,プライム,株式会社ＹＵＡＳＡ,株価関連指標,0,0,"売上高,当期純利益,経常利益"
S100YGZX,方針,プライム,株式会社ＹＵＡＳＡ,会計数字,1,1,"DOE,ROIC,キャッシュフロー,サステナビリティ,売上高,株主還元率,経常利益"
S100YGZX,方針,プライム,株式会社ＹＵＡＳＡ,財務比率,1,1,"DOE,ROIC,キャッシュフロー,サステナビリティ,売上高,株主還元率,経常利益"
S100YGZX,方針,プライム,株式会社ＹＵＡＳＡ,非財務指標,0,1,"DOE,ROIC,キャッシュフロー,サステナビリティ,売上高,株主還元率,経常利益"
S100YGZX,方針,プライム,株式会社ＹＵＡＳＡ,株価関連指標,1,1,"DOE,ROIC,キャッシュフロー,サステナビリティ,売上高,株主還元率,経常利益"
S100YIO8,報酬,プライム,椿本興業株式会社,会計数字,1,1,経常利益
S100YIO8,報酬,プライム,椿本興業株式会社,財務比率,0,0,経常利益
S100YIO8,報酬,プライム,椿本興業株式会社,非財務指標,0,0,経常利益
S100YIO8,報酬,プライム,椿本興業株式会社,株価関連指標,0,0,経常利益
S100YIO8,方針,プライム,椿本興業株式会社,会計数字,1,1,"DOE,ESG,ROA,ROE,キャッシュフロー,サステナビリティ,受注高,営業利益,売上高,当期純利益,経常利益,経常利益率,配当性向"
S100YIO8,方針,プライム,椿本興業株式会社,財務比率,1,1,"DOE,ESG,ROA,ROE,キャッシュフロー,サステナビリティ,受注高,営業利益,売上高,当期純利益,経常利益,経常利益率,配当性向"
S100YIO8,方針,プライム,椿本興業株式会社,非財務指標,0,1,"DOE,ESG,ROA,ROE,キャッシュフロー,サステナビリティ,受注高,営業利益,売上高,当期純利益,経常利益,経常利益率,配当性向"
S100YIO8,方針,プライム,椿本興業株式会社,株価関連指標,1,1,"DOE,ESG,ROA,ROE,キャッシュフロー,サステナビリティ,受注高,営業利益,売上高,当期純利益,経常利益,経常利益率,配当性向"
S100YGEA,報酬,プライム,沖縄電力株式会社,会計数字,1,1,経常利益
S100YGEA,報酬,プライム,沖縄電力株式会社,財務比率,0,0,経常利益
S100YGEA,報酬,プライム,沖縄電力株式会社,非財務指標,0,0,経常利益
S100YGEA,報酬,プライム,沖縄電力株式会社,株価関連指標,0,0,経常利益
S100YGEA,方針,プライム,沖縄電力株式会社,会計数字,1,1,"ROE,経常利益,脱炭素/温室効果ガス,自己資本比率"
S100YGEA,方針,プライム,沖縄電力株式会社,財務比率,1,1,"ROE,経常利益,脱炭素/温室効果ガス,自己資本比率"
S100YGEA,方針,プライム,沖縄電力株式会社,非財務指標,0,1,"ROE,経常利益,脱炭素/温室効果ガス,自己資本比率"
S100YGEA,方針,プライム,沖縄電力株式会社,株価関連指標,0,0,"ROE,経常利益,脱炭素/温室効果ガス,自己資本比率"
S100XHVV,報酬,プライム,泉州電業株式会社,会計数字,1,1,"ROE,当期純利益,経常利益"
S100XHVV,報酬,プライム,泉州電業株式会社,財務比率,1,1,"ROE,当期純利益,経常利益"
S100XHVV,報酬,プライム,泉州電業株式会社,非財務指標,0,0,"ROE,当期純利益,経常利益"
S100XHVV,報酬,プライム,泉州電業株式会社,株価関連指標,0,0,"ROE,当期純利益,経常利益"
S100XHVV,方針,プライム,泉州電業株式会社,会計数字,1,1,"ESG,PBR,ROE,SDGs,サステナビリティ,利益率,売上高,経常利益,配当性向"
S100XHVV,方針,プライム,泉州電業株式会社,財務比率,1,1,"ESG,PBR,ROE,SDGs,サステナビリティ,利益率,売上高,経常利益,配当性向"
S100XHVV,方針,プライム,泉州電業株式会社,非財務指標,0,1,"ESG,PBR,ROE,SDGs,サステナビリティ,利益率,売上高,経常利益,配当性向"
S100XHVV,方針,プライム,泉州電業株式会社,株価関連指標,1,1,"ESG,PBR,ROE,SDGs,サステナビリティ,利益率,売上高,経常利益,配当性向"
S100YI5J,報酬,プライム,澁澤倉庫株式会社,会計数字,1,1,"当期純利益,経常利益"
S100YI5J,報酬,プライム,澁澤倉庫株式会社,財務比率,0,0,"当期純利益,経常利益"
S100YI5J,報酬,プライム,澁澤倉庫株式会社,非財務指標,0,0,"当期純利益,経常利益"
S100YI5J,報酬,プライム,澁澤倉庫株式会社,株価関連指標,0,0,"当期純利益,経常利益"
S100YI5J,方針,プライム,澁澤倉庫株式会社,会計数字,0,0,"ESG,サステナビリティ"
S100YI5J,方針,プライム,澁澤倉庫株式会社,財務比率,0,0,"ESG,サステナビリティ"
S100YI5J,方針,プライム,澁澤倉庫株式会社,非財務指標,0,1,"ESG,サステナビリティ"
S100YI5J,方針,プライム,澁澤倉庫株式会社,株価関連指標,0,0,"ESG,サステナビリティ"
S100XS71,報酬,プライム,藤田観光株式会社,会計数字,1,1,"EBITDA,売上高,当期純利益,経常利益"
S100XS71,報酬,プライム,藤田観光株式会社,財務比率,0,0,"EBITDA,売上高,当期純利益,経常利益"
S100XS71,報酬,プライム,藤田観光株式会社,非財務指標,0,0,"EBITDA,売上高,当期純利益,経常利益"
S100XS71,報酬,プライム,藤田観光株式会社,株価関連指標,0,0,"EBITDA,売上高,当期純利益,経常利益"
S100XS71,方針,プライム,藤田観光株式会社,会計数字,1,1,"ROE,エンゲージメント,キャッシュフロー,サステナビリティ,営業利益,営業利益率,売上高,自己資本比率"
S100XS71,方針,プライム,藤田観光株式会社,財務比率,1,1,"ROE,エンゲージメント,キャッシュフロー,サステナビリティ,営業利益,営業利益率,売上高,自己資本比率"
S100XS71,方針,プライム,藤田観光株式会社,非財務指標,0,1,"ROE,エンゲージメント,キャッシュフロー,サステナビリティ,営業利益,営業利益率,売上高,自己資本比率"
S100XS71,方針,プライム,藤田観光株式会社,株価関連指標,0,0,"ROE,エンゲージメント,キャッシュフロー,サステナビリティ,営業利益,営業利益率,売上高,自己資本比率"
S100YCFK,報酬,プライム,西日本旅客鉄道株式会社,会計数字,1,1,"エンゲージメント,連結利益,非財務指標"
S100YCFK,報酬,プライム,西日本旅客鉄道株式会社,財務比率,1,0,"エンゲージメント,連結利益,非財務指標"
S100YCFK,報酬,プライム,西日本旅客鉄道株式会社,非財務指標,1,1,"エンゲージメント,連結利益,非財務指標"
S100YCFK,報酬,プライム,西日本旅客鉄道株式会社,株価関連指標,0,0,"エンゲージメント,連結利益,非財務指標"
S100YCFK,方針,プライム,西日本旅客鉄道株式会社,会計数字,0,0,"エンゲージメント,サステナビリティ"
S100YCFK,方針,プライム,西日本旅客鉄道株式会社,財務比率,0,0,"エンゲージメント,サステナビリティ"
S100YCFK,方針,プライム,西日本旅客鉄道株式会社,非財務指標,0,1,"エンゲージメント,サステナビリティ"
S100YCFK,方針,プライム,西日本旅客鉄道株式会社,株価関連指標,0,0,"エンゲージメント,サステナビリティ"
S100YE54,報酬,プライム,西部ガスホールディングス株式会社,会計数字,1,1,経常利益
S100YE54,報酬,プライム,西部ガスホールディングス株式会社,財務比率,0,0,経常利益
S100YE54,報酬,プライム,西部ガスホールディングス株式会社,非財務指標,0,0,経常利益
S100YE54,報酬,プライム,西部ガスホールディングス株式会社,株価関連指標,0,0,経常利益
S100YE54,方針,プライム,西部ガスホールディングス株式会社,会計数字,1,1,"ROE,ROIC,エンゲージメント,サステナビリティ,経常利益,自己資本比率"
S100YE54,方針,プライム,西部ガスホールディングス株式会社,財務比率,1,1,"ROE,ROIC,エンゲージメント,サステナビリティ,経常利益,自己資本比率"
S100YE54,方針,プライム,西部ガスホールディングス株式会社,非財務指標,0,1,"ROE,ROIC,エンゲージメント,サステナビリティ,経常利益,自己資本比率"
S100YE54,方針,プライム,西部ガスホールディングス株式会社,株価関連指標,0,0,"ROE,ROIC,エンゲージメント,サステナビリティ,経常利益,自己資本比率"
S100WFMJ,報酬,プライム,ＡＮＹＣＯＬＯＲ株式会社,会計数字,1,1,営業利益
S100WFMJ,報酬,プライム,ＡＮＹＣＯＬＯＲ株式会社,財務比率,0,0,営業利益
S100WFMJ,報酬,プライム,ＡＮＹＣＯＬＯＲ株式会社,非財務指標,0,0,営業利益
S100WFMJ,報酬,プライム,ＡＮＹＣＯＬＯＲ株式会社,株価関連指標,0,0,営業利益
S100WFMJ,方針,プライム,ＡＮＹＣＯＬＯＲ株式会社,会計数字,1,1,"営業利益,営業利益率,売上高"
S100WFMJ,方針,プライム,ＡＮＹＣＯＬＯＲ株式会社,財務比率,1,1,"営業利益,営業利益率,売上高"
S100WFMJ,方針,プライム,ＡＮＹＣＯＬＯＲ株式会社,非財務指標,0,0,"営業利益,営業利益率,売上高"
S100WFMJ,方針,プライム,ＡＮＹＣＯＬＯＲ株式会社,株価関連指標,0,0,"営業利益,営業利益率,売上高"
S100YCWN,報酬,プライム,ＡＺ－ＣＯＭ丸和ホールディングス株式会社,会計数字,1,1,"売上高,経常利益"
S100YCWN,報酬,プライム,ＡＺ－ＣＯＭ丸和ホールディングス株式会社,財務比率,0,0,"売上高,経常利益"
S100YCWN,報酬,プライム,ＡＺ－ＣＯＭ丸和ホールディングス株式会社,非財務指標,0,0,"売上高,経常利益"
S100YCWN,報酬,プライム,ＡＺ－ＣＯＭ丸和ホールディングス株式会社,株価関連指標,0,0,"売上高,経常利益"
S100YCWN,方針,プライム,ＡＺ－ＣＯＭ丸和ホールディングス株式会社,会計数字,1,1,"ESG,PBR,ROE,ROIC,WACC,サステナビリティ,売上高,経常利益率,脱炭素/温室効果ガス,自己資本比率"
S100YCWN,方針,プライム,ＡＺ－ＣＯＭ丸和ホールディングス株式会社,財務比率,1,1,"ESG,PBR,ROE,ROIC,WACC,サステナビリティ,売上高,経常利益率,脱炭素/温室効果ガス,自己資本比率"
S100YCWN,方針,プライム,ＡＺ－ＣＯＭ丸和ホールディングス株式会社,非財務指標,0,1,"ESG,PBR,ROE,ROIC,WACC,サステナビリティ,売上高,経常利益率,脱炭素/温室効果ガス,自己資本比率"
S100YCWN,方針,プライム,ＡＺ－ＣＯＭ丸和ホールディングス株式会社,株価関連指標,0,1,"ESG,PBR,ROE,ROIC,WACC,サステナビリティ,売上高,経常利益率,脱炭素/温室効果ガス,自己資本比率"
S100XSG3,報酬,プライム,ＧＭＯインターネットグループ株式会社,会計数字,1,1,営業利益
S100XSG3,報酬,プライム,ＧＭＯインターネットグループ株式会社,財務比率,0,0,営業利益
S100XSG3,報酬,プライム,ＧＭＯインターネットグループ株式会社,非財務指標,0,0,営業利益
S100XSG3,報酬,プライム,ＧＭＯインターネットグループ株式会社,株価関連指標,0,0,営業利益
S100XSG3,方針,プライム,ＧＭＯインターネットグループ株式会社,会計数字,0,0,サステナビリティ
S100XSG3,方針,プライム,ＧＭＯインターネットグループ株式会社,財務比率,0,0,サステナビリティ
S100XSG3,方針,プライム,ＧＭＯインターネットグループ株式会社,非財務指標,0,1,サステナビリティ
S100XSG3,方針,プライム,ＧＭＯインターネットグループ株式会社,株価関連指標,0,0,サステナビリティ
S100YJPC,報酬,プライム,ＳＲＥホールディングス株式会社,会計数字,1,1,"営業利益,売上総利益,売上高,当期純利益"
S100YJPC,報酬,プライム,ＳＲＥホールディングス株式会社,財務比率,0,0,"営業利益,売上総利益,売上高,当期純利益"
S100YJPC,報酬,プライム,ＳＲＥホールディングス株式会社,非財務指標,0,0,"営業利益,売上総利益,売上高,当期純利益"
S100YJPC,報酬,プライム,ＳＲＥホールディングス株式会社,株価関連指標,0,0,"営業利益,売上総利益,売上高,当期純利益"
S100YJPC,方針,プライム,ＳＲＥホールディングス株式会社,会計数字,1,1,"利益率,営業利益,営業利益率,売上高"
S100YJPC,方針,プライム,ＳＲＥホールディングス株式会社,財務比率,1,1,"利益率,営業利益,営業利益率,売上高"
S100YJPC,方針,プライム,ＳＲＥホールディングス株式会社,非財務指標,0,0,"利益率,営業利益,営業利益率,売上高"
S100YJPC,方針,プライム,ＳＲＥホールディングス株式会社,株価関連指標,0,0,"利益率,営業利益,営業利益率,売上高"
S100YFVG,報酬,プライム,ＴＯＡ株式会社,会計数字,1,1,当期純利益
S100YFVG,報酬,プライム,ＴＯＡ株式会社,財務比率,0,0,当期純利益
S100YFVG,報酬,プライム,ＴＯＡ株式会社,非財務指標,0,0,当期純利益
S100YFVG,報酬,プライム,ＴＯＡ株式会社,株価関連指標,0,0,当期純利益
S100YFVG,方針,プライム,ＴＯＡ株式会社,会計数字,1,1,"ROIC,営業利益,売上高,当期純利益,経常利益"
S100YFVG,方針,プライム,ＴＯＡ株式会社,財務比率,1,1,"ROIC,営業利益,売上高,当期純利益,経常利益"
S100YFVG,方針,プライム,ＴＯＡ株式会社,非財務指標,0,0,"ROIC,営業利益,売上高,当期純利益,経常利益"
S100YFVG,方針,プライム,ＴＯＡ株式会社,株価関連指標,0,0,"ROIC,営業利益,売上高,当期純利益,経常利益"
S100YKK1,報酬,プライム,ＵＴグループ株式会社,会計数字,1,1,当期純利益
S100YKK1,報酬,プライム,ＵＴグループ株式会社,財務比率,0,0,当期純利益
S100YKK1,報酬,プライム,ＵＴグループ株式会社,非財務指標,0,0,当期純利益
S100YKK1,報酬,プライム,ＵＴグループ株式会社,株価関連指標,0,0,当期純利益
S100YKK1,方針,プライム,ＵＴグループ株式会社,会計数字,1,1,"EPS,エンゲージメント,営業利益,売上総利益,売上高,当期純利益,配当性向"
S100YKK1,方針,プライム,ＵＴグループ株式会社,財務比率,0,0,"EPS,エンゲージメント,営業利益,売上総利益,売上高,当期純利益,配当性向"
S100YKK1,方針,プライム,ＵＴグループ株式会社,非財務指標,0,1,"EPS,エンゲージメント,営業利益,売上総利益,売上高,当期純利益,配当性向"
S100YKK1,方針,プライム,ＵＴグループ株式会社,株価関連指標,1,1,"EPS,エンゲージメント,営業利益,売上総利益,売上高,当期純利益,配当性向"
S100XN2T,報酬,プライム,アステナホールディングス株式会社,会計数字,1,1,"DOE,EBITDA,ROE,売上高,当期純利益"
S100XN2T,報酬,プライム,アステナホールディングス株式会社,財務比率,1,1,"DOE,EBITDA,ROE,売上高,当期純利益"
S100XN2T,報酬,プライム,アステナホールディングス株式会社,非財務指標,0,0,"DOE,EBITDA,ROE,売上高,当期純利益"
S100XN2T,報酬,プライム,アステナホールディングス株式会社,株価関連指標,1,1,"DOE,EBITDA,ROE,売上高,当期純利益"
S100XN2T,方針,プライム,アステナホールディングス株式会社,会計数字,1,1,"ROE,サステナビリティ,売上高,当期純利益率"
S100XN2T,方針,プライム,アステナホールディングス株式会社,財務比率,1,1,"ROE,サステナビリティ,売上高,当期純利益率"
S100XN2T,方針,プライム,アステナホールディングス株式会社,非財務指標,0,1,"ROE,サステナビリティ,売上高,当期純利益率"
S100XN2T,方針,プライム,アステナホールディングス株式会社,株価関連指標,0,0,"ROE,サステナビリティ,売上高,当期純利益率"
S100YEE5,報酬,プライム,アズビル株式会社,会計数字,1,1,"ROE,SDGs,TSR,エンゲージメント,事業利益,営業利益,売上収益,売上高,女性管理職比率,脱炭素/温室効果ガス,非財務指標"
S100YEE5,報酬,プライム,アズビル株式会社,財務比率,1,1,"ROE,SDGs,TSR,エンゲージメント,事業利益,営業利益,売上収益,売上高,女性管理職比率,脱炭素/温室効果ガス,非財務指標"
S100YEE5,報酬,プライム,アズビル株式会社,非財務指標,1,1,"ROE,SDGs,TSR,エンゲージメント,事業利益,営業利益,売上収益,売上高,女性管理職比率,脱炭素/温室効果ガス,非財務指標"
S100YEE5,報酬,プライム,アズビル株式会社,株価関連指標,1,1,"ROE,SDGs,TSR,エンゲージメント,事業利益,営業利益,売上収益,売上高,女性管理職比率,脱炭素/温室効果ガス,非財務指標"
S100YEE5,方針,プライム,アズビル株式会社,会計数字,1,1,"ESG,ROE,SDGs,サステナビリティ,営業利益,営業利益率,売上高,脱炭素/温室効果ガス"
S100YEE5,方針,プライム,アズビル株式会社,財務比率,1,1,"ESG,ROE,SDGs,サステナビリティ,営業利益,営業利益率,売上高,脱炭素/温室効果ガス"
S100YEE5,方針,プライム,アズビル株式会社,非財務指標,0,1,"ESG,ROE,SDGs,サステナビリティ,営業利益,営業利益率,売上高,脱炭素/温室効果ガス"
S100YEE5,方針,プライム,アズビル株式会社,株価関連指標,0,0,"ESG,ROE,SDGs,サステナビリティ,営業利益,営業利益率,売上高,脱炭素/温室効果ガス"
S100YCY5,報酬,プライム,アルインコ株式会社,会計数字,1,1,"EBITDA,ESG,ROE,売上高,経常利益"
S100YCY5,報酬,プライム,アルインコ株式会社,財務比率,1,1,"EBITDA,ESG,ROE,売上高,経常利益"
S100YCY5,報酬,プライム,アルインコ株式会社,非財務指標,0,1,"EBITDA,ESG,ROE,売上高,経常利益"
S100YCY5,報酬,プライム,アルインコ株式会社,株価関連指標,0,0,"EBITDA,ESG,ROE,売上高,経常利益"
S100YCY5,方針,プライム,アルインコ株式会社,会計数字,0,0,配当性向
S100YCY5,方針,プライム,アルインコ株式会社,財務比率,0,0,配当性向
S100YCY5,方針,プライム,アルインコ株式会社,非財務指標,0,0,配当性向
S100YCY5,方針,プライム,アルインコ株式会社,株価関連指標,1,1,配当性向
S100YD39,報酬,プライム,アルビス株式会社,会計数字,1,1,"ROE,エンゲージメント,売上高,当期純利益,経常利益,脱炭素/温室効果ガス,非財務指標"
S100YD39,報酬,プライム,アルビス株式会社,財務比率,1,1,"ROE,エンゲージメント,売上高,当期純利益,経常利益,脱炭素/温室効果ガス,非財務指標"
S100YD39,報酬,プライム,アルビス株式会社,非財務指標,0,1,"ROE,エンゲージメント,売上高,当期純利益,経常利益,脱炭素/温室効果ガス,非財務指標"
S100YD39,報酬,プライム,アルビス株式会社,株価関連指標,0,0,"ROE,エンゲージメント,売上高,当期純利益,経常利益,脱炭素/温室効果ガス,非財務指標"
S100YD39,方針,プライム,アルビス株式会社,会計数字,1,1,"PBR,ROE,WACC,エンゲージメント,キャッシュフロー,サステナビリティ,営業利益,営業利益率,営業収益,売上総利益率,当期純利益,株主還元率,経常利益,経常利益率,脱炭素/温室効果ガス"
S100YD39,方針,プライム,アルビス株式会社,財務比率,1,1,"PBR,ROE,WACC,エンゲージメント,キャッシュフロー,サステナビリティ,営業利益,営業利益率,営業収益,売上総利益率,当期純利益,株主還元率,経常利益,経常利益率,脱炭素/温室効果ガス"
S100YD39,方針,プライム,アルビス株式会社,非財務指標,0,1,"PBR,ROE,WACC,エンゲージメント,キャッシュフロー,サステナビリティ,営業利益,営業利益率,営業収益,売上総利益率,当期純利益,株主還元率,経常利益,経常利益率,脱炭素/温室効果ガス"
S100YD39,方針,プライム,アルビス株式会社,株価関連指標,0,1,"PBR,ROE,WACC,エンゲージメント,キャッシュフロー,サステナビリティ,営業利益,営業利益率,営業収益,売上総利益率,当期純利益,株主還元率,経常利益,経常利益率,脱炭素/温室効果ガス"
S100XTM0,報酬,プライム,サッポロホールディングス株式会社,会計数字,1,1,"EBITDA,EPS,ESG,ESG外部評価,ROE,エンゲージメント,脱炭素/温室効果ガス"
S100XTM0,報酬,プライム,サッポロホールディングス株式会社,財務比率,1,1,"EBITDA,EPS,ESG,ESG外部評価,ROE,エンゲージメント,脱炭素/温室効果ガス"
S100XTM0,報酬,プライム,サッポロホールディングス株式会社,非財務指標,1,1,"EBITDA,EPS,ESG,ESG外部評価,ROE,エンゲージメント,脱炭素/温室効果ガス"
S100XTM0,報酬,プライム,サッポロホールディングス株式会社,株価関連指標,0,0,"EBITDA,EPS,ESG,ESG外部評価,ROE,エンゲージメント,脱炭素/温室効果ガス"
S100XTM0,方針,プライム,サッポロホールディングス株式会社,会計数字,1,1,"DOE,EBITDA,ROE,ROIC,キャッシュフロー,サステナビリティ,事業利益,事業利益率,売上高,女性役員比率,女性管理職比率,脱炭素/温室効果ガス,非財務目標"
S100XTM0,方針,プライム,サッポロホールディングス株式会社,財務比率,1,1,"DOE,EBITDA,ROE,ROIC,キャッシュフロー,サステナビリティ,事業利益,事業利益率,売上高,女性役員比率,女性管理職比率,脱炭素/温室効果ガス,非財務目標"
S100XTM0,方針,プライム,サッポロホールディングス株式会社,非財務指標,1,1,"DOE,EBITDA,ROE,ROIC,キャッシュフロー,サステナビリティ,事業利益,事業利益率,売上高,女性役員比率,女性管理職比率,脱炭素/温室効果ガス,非財務目標"
S100XTM0,方針,プライム,サッポロホールディングス株式会社,株価関連指標,1,1,"DOE,EBITDA,ROE,ROIC,キャッシュフロー,サステナビリティ,事業利益,事業利益率,売上高,女性役員比率,女性管理職比率,脱炭素/温室効果ガス,非財務目標"
S100YFG2,報酬,プライム,スズキ株式会社,会計数字,1,1,"ROE,TSR,営業利益"
S100YFG2,報酬,プライム,スズキ株式会社,財務比率,1,1,"ROE,TSR,営業利益"
S100YFG2,報酬,プライム,スズキ株式会社,非財務指標,0,0,"ROE,TSR,営業利益"
S100YFG2,報酬,プライム,スズキ株式会社,株価関連指標,1,1,"ROE,TSR,営業利益"
S100YFG2,方針,プライム,スズキ株式会社,会計数字,1,1,"ROE,営業利益,営業利益率,売上収益,脱炭素/温室効果ガス"
S100YFG2,方針,プライム,スズキ株式会社,財務比率,1,1,"ROE,営業利益,営業利益率,売上収益,脱炭素/温室効果ガス"
S100YFG2,方針,プライム,スズキ株式会社,非財務指標,0,1,"ROE,営業利益,営業利益率,売上収益,脱炭素/温室効果ガス"
S100YFG2,方針,プライム,スズキ株式会社,株価関連指標,0,0,"ROE,営業利益,営業利益率,売上収益,脱炭素/温室効果ガス"
S100YH4R,報酬,プライム,センコーグループホールディングス株式会社,会計数字,1,1,"ROE,営業収益,女性管理職比率,当期純利益,経常利益,脱炭素/温室効果ガス,非財務指標"
S100YH4R,報酬,プライム,センコーグループホールディングス株式会社,財務比率,1,1,"ROE,営業収益,女性管理職比率,当期純利益,経常利益,脱炭素/温室効果ガス,非財務指標"
S100YH4R,報酬,プライム,センコーグループホールディングス株式会社,非財務指標,1,1,"ROE,営業収益,女性管理職比率,当期純利益,経常利益,脱炭素/温室効果ガス,非財務指標"
S100YH4R,報酬,プライム,センコーグループホールディングス株式会社,株価関連指標,0,0,"ROE,営業収益,女性管理職比率,当期純利益,経常利益,脱炭素/温室効果ガス,非財務指標"
S100YH4R,方針,プライム,センコーグループホールディングス株式会社,会計数字,1,1,"ESG,SDGs,エンゲージメント,営業利益,営業利益率,営業収益,脱炭素/温室効果ガス"
S100YH4R,方針,プライム,センコーグループホールディングス株式会社,財務比率,1,1,"ESG,SDGs,エンゲージメント,営業利益,営業利益率,営業収益,脱炭素/温室効果ガス"
S100YH4R,方針,プライム,センコーグループホールディングス株式会社,非財務指標,0,1,"ESG,SDGs,エンゲージメント,営業利益,営業利益率,営業収益,脱炭素/温室効果ガス"
S100YH4R,方針,プライム,センコーグループホールディングス株式会社,株価関連指標,0,0,"ESG,SDGs,エンゲージメント,営業利益,営業利益率,営業収益,脱炭素/温室効果ガス"
S100XUE0,報酬,プライム,ダイトロン株式会社,会計数字,1,1,"ROE,売上高,当期純利益,経常利益率"
S100XUE0,報酬,プライム,ダイトロン株式会社,財務比率,1,1,"ROE,売上高,当期純利益,経常利益率"
S100XUE0,報酬,プライム,ダイトロン株式会社,非財務指標,0,0,"ROE,売上高,当期純利益,経常利益率"
S100XUE0,報酬,プライム,ダイトロン株式会社,株価関連指標,0,0,"ROE,売上高,当期純利益,経常利益率"
S100XUE0,方針,プライム,ダイトロン株式会社,会計数字,1,1,"ESG,サステナビリティ,売上高"
S100XUE0,方針,プライム,ダイトロン株式会社,財務比率,0,0,"ESG,サステナビリティ,売上高"
S100XUE0,方針,プライム,ダイトロン株式会社,非財務指標,0,1,"ESG,サステナビリティ,売上高"
S100XUE0,方針,プライム,ダイトロン株式会社,株価関連指標,0,0,"ESG,サステナビリティ,売上高"
S100YEMC,報酬,プライム,バンドー化学株式会社,会計数字,1,1,"ROE,コア営業利益,売上収益,当期純利益"
S100YEMC,報酬,プライム,バンドー化学株式会社,財務比率,1,1,"ROE,コア営業利益,売上収益,当期純利益"
S100YEMC,報酬,プライム,バンドー化学株式会社,非財務指標,0,0,"ROE,コア営業利益,売上収益,当期純利益"
S100YEMC,報酬,プライム,バンドー化学株式会社,株価関連指標,0,0,"ROE,コア営業利益,売上収益,当期純利益"
S100YEMC,方針,プライム,バンドー化学株式会社,会計数字,1,1,"ROE,コア営業利益,売上収益"
S100YEMC,方針,プライム,バンドー化学株式会社,財務比率,1,1,"ROE,コア営業利益,売上収益"
S100YEMC,方針,プライム,バンドー化学株式会社,非財務指標,0,0,"ROE,コア営業利益,売上収益"
S100YEMC,方針,プライム,バンドー化学株式会社,株価関連指標,0,0,"ROE,コア営業利益,売上収益"
S100YFSR,報酬,プライム,三菱ケミカルグループ株式会社,会計数字,1,1,"ROE,ROIC,TSR,エンゲージメント,コア営業利益,サステナビリティ,売上高,時価総額,株価成長率,脱炭素/温室効果ガス"
S100YFSR,報酬,プライム,三菱ケミカルグループ株式会社,財務比率,1,1,"ROE,ROIC,TSR,エンゲージメント,コア営業利益,サステナビリティ,売上高,時価総額,株価成長率,脱炭素/温室効果ガス"
S100YFSR,報酬,プライム,三菱ケミカルグループ株式会社,非財務指標,1,1,"ROE,ROIC,TSR,エンゲージメント,コア営業利益,サステナビリティ,売上高,時価総額,株価成長率,脱炭素/温室効果ガス"
S100YFSR,報酬,プライム,三菱ケミカルグループ株式会社,株価関連指標,0,1,"ROE,ROIC,TSR,エンゲージメント,コア営業利益,サステナビリティ,売上高,時価総額,株価成長率,脱炭素/温室効果ガス"
S100YFSR,方針,プライム,三菱ケミカルグループ株式会社,会計数字,0,0,
S100YFSR,方針,プライム,三菱ケミカルグループ株式会社,財務比率,0,0,
S100YFSR,方針,プライム,三菱ケミカルグループ株式会社,非財務指標,0,0,
S100YFSR,方針,プライム,三菱ケミカルグループ株式会社,株価関連指標,0,0,
S100YK3Y,報酬,プライム,三菱化工機株式会社,会計数字,1,1,"ROE,エンゲージメント,営業利益,売上高,定性評価"
S100YK3Y,報酬,プライム,三菱化工機株式会社,財務比率,1,1,"ROE,エンゲージメント,営業利益,売上高,定性評価"
S100YK3Y,報酬,プライム,三菱化工機株式会社,非財務指標,1,1,"ROE,エンゲージメント,営業利益,売上高,定性評価"
S100YK3Y,報酬,プライム,三菱化工機株式会社,株価関連指標,0,0,"ROE,エンゲージメント,営業利益,売上高,定性評価"
S100YK3Y,方針,プライム,三菱化工機株式会社,会計数字,1,1,"DOE,ESG,ROE,ROIC,エンゲージメント,キャッシュフロー,サステナビリティ,営業利益率,売上高,脱炭素/温室効果ガス,自己資本比率,配当性向"
S100YK3Y,方針,プライム,三菱化工機株式会社,財務比率,1,1,"DOE,ESG,ROE,ROIC,エンゲージメント,キャッシュフロー,サステナビリティ,営業利益率,売上高,脱炭素/温室効果ガス,自己資本比率,配当性向"
S100YK3Y,方針,プライム,三菱化工機株式会社,非財務指標,0,1,"DOE,ESG,ROE,ROIC,エンゲージメント,キャッシュフロー,サステナビリティ,営業利益率,売上高,脱炭素/温室効果ガス,自己資本比率,配当性向"
S100YK3Y,方針,プライム,三菱化工機株式会社,株価関連指標,1,1,"DOE,ESG,ROE,ROIC,エンゲージメント,キャッシュフロー,サステナビリティ,営業利益率,売上高,脱炭素/温室効果ガス,自己資本比率,配当性向"
S100YCQQ,報酬,プライム,三菱製鋼株式会社,会計数字,1,1,"ESG,ROE,TSR,エンゲージメント,営業利益,売上高,当期純利益,脱炭素/温室効果ガス,非財務指標"
S100YCQQ,報酬,プライム,三菱製鋼株式会社,財務比率,1,1,"ESG,ROE,TSR,エンゲージメント,営業利益,売上高,当期純利益,脱炭素/温室効果ガス,非財務指標"
S100YCQQ,報酬,プライム,三菱製鋼株式会社,非財務指標,1,1,"ESG,ROE,TSR,エンゲージメント,営業利益,売上高,当期純利益,脱炭素/温室効果ガス,非財務指標"
S100YCQQ,報酬,プライム,三菱製鋼株式会社,株価関連指標,0,1,"ESG,ROE,TSR,エンゲージメント,営業利益,売上高,当期純利益,脱炭素/温室効果ガス,非財務指標"
S100YCQQ,方針,プライム,三菱製鋼株式会社,会計数字,1,1,"PBR,ROE,ROIC,営業利益,販売数量"
S100YCQQ,方針,プライム,三菱製鋼株式会社,財務比率,1,1,"PBR,ROE,ROIC,営業利益,販売数量"
S100YCQQ,方針,プライム,三菱製鋼株式会社,非財務指標,0,1,"PBR,ROE,ROIC,営業利益,販売数量"
S100YCQQ,方針,プライム,三菱製鋼株式会社,株価関連指標,0,1,"PBR,ROE,ROIC,営業利益,販売数量"
S100YAIZ,報酬,プライム,全国保証株式会社,会計数字,1,1,"EPS,ROE,エンゲージメント,経常利益"
S100YAIZ,報酬,プライム,全国保証株式会社,財務比率,1,1,"EPS,ROE,エンゲージメント,経常利益"
S100YAIZ,報酬,プライム,全国保証株式会社,非財務指標,1,1,"EPS,ROE,エンゲージメント,経常利益"
S100YAIZ,報酬,プライム,全国保証株式会社,株価関連指標,0,0,"EPS,ROE,エンゲージメント,経常利益"
S100YAIZ,方針,プライム,全国保証株式会社,会計数字,0,1,"EPS,ROE,エンゲージメント"
S100YAIZ,方針,プライム,全国保証株式会社,財務比率,1,1,"EPS,ROE,エンゲージメント"
S100YAIZ,方針,プライム,全国保証株式会社,非財務指標,0,1,"EPS,ROE,エンゲージメント"
S100YAIZ,方針,プライム,全国保証株式会社,株価関連指標,0,0,"EPS,ROE,エンゲージメント"
S100YF86,報酬,プライム,共同印刷株式会社,会計数字,1,1,"ROE,TSR,営業利益,売上高,経常利益"
S100YF86,報酬,プライム,共同印刷株式会社,財務比率,1,1,"ROE,TSR,営業利益,売上高,経常利益"
S100YF86,報酬,プライム,共同印刷株式会社,非財務指標,0,0,"ROE,TSR,営業利益,売上高,経常利益"
S100YF86,報酬,プライム,共同印刷株式会社,株価関連指標,1,1,"ROE,TSR,営業利益,売上高,経常利益"
S100YF86,方針,プライム,共同印刷株式会社,会計数字,1,1,"ROE,営業利益,売上高,売上高比"
S100YF86,方針,プライム,共同印刷株式会社,財務比率,1,1,"ROE,営業利益,売上高,売上高比"
S100YF86,方針,プライム,共同印刷株式会社,非財務指標,0,0,"ROE,営業利益,売上高,売上高比"
S100YF86,方針,プライム,共同印刷株式会社,株価関連指標,0,0,"ROE,営業利益,売上高,売上高比"
S100XPTY,報酬,プライム,協和キリン株式会社,会計数字,1,1,"ROE,コア営業利益率,売上収益,当期純利益,非財務指標,非財務目標"
S100XPTY,報酬,プライム,協和キリン株式会社,財務比率,1,1,"ROE,コア営業利益率,売上収益,当期純利益,非財務指標,非財務目標"
S100XPTY,報酬,プライム,協和キリン株式会社,非財務指標,0,1,"ROE,コア営業利益率,売上収益,当期純利益,非財務指標,非財務目標"
S100XPTY,報酬,プライム,協和キリン株式会社,株価関連指標,0,0,"ROE,コア営業利益率,売上収益,当期純利益,非財務指標,非財務目標"
S100XPTY,方針,プライム,協和キリン株式会社,会計数字,0,0,
S100XPTY,方針,プライム,協和キリン株式会社,財務比率,0,0,
S100XPTY,方針,プライム,協和キリン株式会社,非財務指標,0,0,
S100XPTY,方針,プライム,協和キリン株式会社,株価関連指標,0,0,
S100YH23,報酬,プライム,四国電力株式会社,会計数字,1,1,"ESG,ROE,エンゲージメント,経常利益,脱炭素/温室効果ガス"
S100YH23,報酬,プライム,四国電力株式会社,財務比率,1,1,"ESG,ROE,エンゲージメント,経常利益,脱炭素/温室効果ガス"
S100YH23,報酬,プライム,四国電力株式会社,非財務指標,0,1,"ESG,ROE,エンゲージメント,経常利益,脱炭素/温室効果ガス"
S100YH23,報酬,プライム,四国電力株式会社,株価関連指標,0,0,"ESG,ROE,エンゲージメント,経常利益,脱炭素/温室効果ガス"
S100YH23,方針,プライム,四国電力株式会社,会計数字,1,1,"DOE,ROE,ROIC,キャッシュフロー,サステナビリティ,経常利益,脱炭素/温室効果ガス,自己資本比率"
S100YH23,方針,プライム,四国電力株式会社,財務比率,1,1,"DOE,ROE,ROIC,キャッシュフロー,サステナビリティ,経常利益,脱炭素/温室効果ガス,自己資本比率"
S100YH23,方針,プライム,四国電力株式会社,非財務指標,0,1,"DOE,ROE,ROIC,キャッシュフロー,サステナビリティ,経常利益,脱炭素/温室効果ガス,自己資本比率"
S100YH23,方針,プライム,四国電力株式会社,株価関連指標,1,1,"DOE,ROE,ROIC,キャッシュフロー,サステナビリティ,経常利益,脱炭素/温室効果ガス,自己資本比率"
S100YIBH,報酬,プライム,富士フイルムホールディングス株式会社,会計数字,1,1,"ESG,ROIC,エンゲージメント,営業利益,売上高,脱炭素/温室効果ガス"
S100YIBH,報酬,プライム,富士フイルムホールディングス株式会社,財務比率,1,1,"ESG,ROIC,エンゲージメント,営業利益,売上高,脱炭素/温室効果ガス"
S100YIBH,報酬,プライム,富士フイルムホールディングス株式会社,非財務指標,0,1,"ESG,ROIC,エンゲージメント,営業利益,売上高,脱炭素/温室効果ガス"
S100YIBH,報酬,プライム,富士フイルムホールディングス株式会社,株価関連指標,0,0,"ESG,ROIC,エンゲージメント,営業利益,売上高,脱炭素/温室効果ガス"
S100YIBH,方針,プライム,富士フイルムホールディングス株式会社,会計数字,1,1,"ESG,ROE,ROIC,キャッシュフロー,営業利益,売上高,当期純利益"
S100YIBH,方針,プライム,富士フイルムホールディングス株式会社,財務比率,1,1,"ESG,ROE,ROIC,キャッシュフロー,営業利益,売上高,当期純利益"
S100YIBH,方針,プライム,富士フイルムホールディングス株式会社,非財務指標,0,1,"ESG,ROE,ROIC,キャッシュフロー,営業利益,売上高,当期純利益"
S100YIBH,方針,プライム,富士フイルムホールディングス株式会社,株価関連指標,0,0,"ESG,ROE,ROIC,キャッシュフロー,営業利益,売上高,当期純利益"
S100YBT6,報酬,プライム,日本郵船株式会社,会計数字,1,1,"ESG,ROE,TSR,サステナビリティ,女性管理職比率,定性評価,経常利益,脱炭素/温室効果ガス"
S100YBT6,報酬,プライム,日本郵船株式会社,財務比率,1,1,"ESG,ROE,TSR,サステナビリティ,女性管理職比率,定性評価,経常利益,脱炭素/温室効果ガス"
S100YBT6,報酬,プライム,日本郵船株式会社,非財務指標,1,1,"ESG,ROE,TSR,サステナビリティ,女性管理職比率,定性評価,経常利益,脱炭素/温室効果ガス"
S100YBT6,報酬,プライム,日本郵船株式会社,株価関連指標,0,1,"ESG,ROE,TSR,サステナビリティ,女性管理職比率,定性評価,経常利益,脱炭素/温室効果ガス"
S100YBT6,方針,プライム,日本郵船株式会社,会計数字,1,1,"ESG,ROE,ROIC,当期純利益,脱炭素/温室効果ガス,配当性向"
S100YBT6,方針,プライム,日本郵船株式会社,財務比率,1,1,"ESG,ROE,ROIC,当期純利益,脱炭素/温室効果ガス,配当性向"
S100YBT6,方針,プライム,日本郵船株式会社,非財務指標,1,1,"ESG,ROE,ROIC,当期純利益,脱炭素/温室効果ガス,配当性向"
S100YBT6,方針,プライム,日本郵船株式会社,株価関連指標,1,1,"ESG,ROE,ROIC,当期純利益,脱炭素/温室効果ガス,配当性向"
S100YAEV,報酬,プライム,日鉄ソリューションズ株式会社,会計数字,1,1,"ROE,サステナビリティ,営業利益,営業利益率,当期純利益"
S100YAEV,報酬,プライム,日鉄ソリューションズ株式会社,財務比率,1,1,"ROE,サステナビリティ,営業利益,営業利益率,当期純利益"
S100YAEV,報酬,プライム,日鉄ソリューションズ株式会社,非財務指標,0,1,"ROE,サステナビリティ,営業利益,営業利益率,当期純利益"
S100YAEV,報酬,プライム,日鉄ソリューションズ株式会社,株価関連指標,0,0,"ROE,サステナビリティ,営業利益,営業利益率,当期純利益"
S100YAEV,方針,プライム,日鉄ソリューションズ株式会社,会計数字,1,1,"ROE,キャッシュフロー,サステナビリティ,営業利益,営業利益率,売上収益,配当性向"
S100YAEV,方針,プライム,日鉄ソリューションズ株式会社,財務比率,1,1,"ROE,キャッシュフロー,サステナビリティ,営業利益,営業利益率,売上収益,配当性向"
S100YAEV,方針,プライム,日鉄ソリューションズ株式会社,非財務指標,0,1,"ROE,キャッシュフロー,サステナビリティ,営業利益,営業利益率,売上収益,配当性向"
S100YAEV,方針,プライム,日鉄ソリューションズ株式会社,株価関連指標,1,1,"ROE,キャッシュフロー,サステナビリティ,営業利益,営業利益率,売上収益,配当性向"
S100XT0N,報酬,プライム,東京応化工業株式会社,会計数字,1,1,"EBITDA,ROE,エンゲージメント,売上高,非財務指標"
S100XT0N,報酬,プライム,東京応化工業株式会社,財務比率,1,1,"EBITDA,ROE,エンゲージメント,売上高,非財務指標"
S100XT0N,報酬,プライム,東京応化工業株式会社,非財務指標,0,1,"EBITDA,ROE,エンゲージメント,売上高,非財務指標"
S100XT0N,報酬,プライム,東京応化工業株式会社,株価関連指標,0,0,"EBITDA,ROE,エンゲージメント,売上高,非財務指標"
S100XT0N,方針,プライム,東京応化工業株式会社,会計数字,1,1,"EBITDA,ROE,SDGs,キャッシュフロー,サステナビリティ,営業利益,売上高,脱炭素/温室効果ガス"
S100XT0N,方針,プライム,東京応化工業株式会社,財務比率,1,1,"EBITDA,ROE,SDGs,キャッシュフロー,サステナビリティ,営業利益,売上高,脱炭素/温室効果ガス"
S100XT0N,方針,プライム,東京応化工業株式会社,非財務指標,0,1,"EBITDA,ROE,SDGs,キャッシュフロー,サステナビリティ,営業利益,売上高,脱炭素/温室効果ガス"
S100XT0N,方針,プライム,東京応化工業株式会社,株価関連指標,0,0,"EBITDA,ROE,SDGs,キャッシュフロー,サステナビリティ,営業利益,売上高,脱炭素/温室効果ガス"
S100Y5O3,報酬,プライム,東宝株式会社,会計数字,1,1,"ESG,ROE,エンゲージメント,営業利益,脱炭素/温室効果ガス"
S100Y5O3,報酬,プライム,東宝株式会社,財務比率,1,1,"ESG,ROE,エンゲージメント,営業利益,脱炭素/温室効果ガス"
S100Y5O3,報酬,プライム,東宝株式会社,非財務指標,1,1,"ESG,ROE,エンゲージメント,営業利益,脱炭素/温室効果ガス"
S100Y5O3,報酬,プライム,東宝株式会社,株価関連指標,0,0,"ESG,ROE,エンゲージメント,営業利益,脱炭素/温室効果ガス"
S100Y5O3,方針,プライム,東宝株式会社,会計数字,1,1,"ROE,サステナビリティ,営業利益,配当性向"
S100Y5O3,方針,プライム,東宝株式会社,財務比率,1,1,"ROE,サステナビリティ,営業利益,配当性向"
S100Y5O3,方針,プライム,東宝株式会社,非財務指標,0,1,"ROE,サステナビリティ,営業利益,配当性向"
S100Y5O3,方針,プライム,東宝株式会社,株価関連指標,1,1,"ROE,サステナビリティ,営業利益,配当性向"
S100XTP9,報酬,プライム,東洋炭素株式会社,会計数字,1,1,"ESG,ESG外部評価,ROE,エンゲージメント,営業利益,売上高,株価成長率"
S100XTP9,報酬,プライム,東洋炭素株式会社,財務比率,1,1,"ESG,ESG外部評価,ROE,エンゲージメント,営業利益,売上高,株価成長率"
S100XTP9,報酬,プライム,東洋炭素株式会社,非財務指標,1,1,"ESG,ESG外部評価,ROE,エンゲージメント,営業利益,売上高,株価成長率"
S100XTP9,報酬,プライム,東洋炭素株式会社,株価関連指標,1,1,"ESG,ESG外部評価,ROE,エンゲージメント,営業利益,売上高,株価成長率"
S100XTP9,方針,プライム,東洋炭素株式会社,会計数字,1,1,"ROE,サステナビリティ,営業利益,売上高,脱炭素/温室効果ガス"
S100XTP9,方針,プライム,東洋炭素株式会社,財務比率,1,1,"ROE,サステナビリティ,営業利益,売上高,脱炭素/温室効果ガス"
S100XTP9,方針,プライム,東洋炭素株式会社,非財務指標,0,1,"ROE,サステナビリティ,営業利益,売上高,脱炭素/温室効果ガス"
S100XTP9,方針,プライム,東洋炭素株式会社,株価関連指標,0,0,"ROE,サステナビリティ,営業利益,売上高,脱炭素/温室効果ガス"
S100YI2T,報酬,プライム,株式会社　商船三井,会計数字,1,1,"ROE,TSR,エンゲージメント,当期純利益,株価成長率,環境指標,脱炭素/温室効果ガス,配当性向"
S100YI2T,報酬,プライム,株式会社　商船三井,財務比率,1,1,"ROE,TSR,エンゲージメント,当期純利益,株価成長率,環境指標,脱炭素/温室効果ガス,配当性向"
S100YI2T,報酬,プライム,株式会社　商船三井,非財務指標,0,1,"ROE,TSR,エンゲージメント,当期純利益,株価成長率,環境指標,脱炭素/温室効果ガス,配当性向"
S100YI2T,報酬,プライム,株式会社　商船三井,株価関連指標,1,1,"ROE,TSR,エンゲージメント,当期純利益,株価成長率,環境指標,脱炭素/温室効果ガス,配当性向"
S100YI2T,方針,プライム,株式会社　商船三井,会計数字,0,0,サステナビリティ
S100YI2T,方針,プライム,株式会社　商船三井,財務比率,0,0,サステナビリティ
S100YI2T,方針,プライム,株式会社　商船三井,非財務指標,0,1,サステナビリティ
S100YI2T,方針,プライム,株式会社　商船三井,株価関連指標,0,0,サステナビリティ
S100YF8Y,報酬,プライム,株式会社みずほフィナンシャルグループ,会計数字,1,1,"ESG,ROE,TSR,サステナビリティ,当期純利益"
S100YF8Y,報酬,プライム,株式会社みずほフィナンシャルグループ,財務比率,1,1,"ESG,ROE,TSR,サステナビリティ,当期純利益"
S100YF8Y,報酬,プライム,株式会社みずほフィナンシャルグループ,非財務指標,0,1,"ESG,ROE,TSR,サステナビリティ,当期純利益"
S100YF8Y,報酬,プライム,株式会社みずほフィナンシャルグループ,株価関連指標,1,1,"ESG,ROE,TSR,サステナビリティ,当期純利益"
S100YF8Y,方針,プライム,株式会社みずほフィナンシャルグループ,会計数字,0,0,"ROE,サステナビリティ,リスクマネジメント"
S100YF8Y,方針,プライム,株式会社みずほフィナンシャルグループ,財務比率,1,1,"ROE,サステナビリティ,リスクマネジメント"
S100YF8Y,方針,プライム,株式会社みずほフィナンシャルグループ,非財務指標,0,1,"ROE,サステナビリティ,リスクマネジメント"
S100YF8Y,方針,プライム,株式会社みずほフィナンシャルグループ,株価関連指標,0,0,"ROE,サステナビリティ,リスクマネジメント"
S100WFSA,報酬,プライム,株式会社アインホールディングス,会計数字,1,1,"ROE,サステナビリティ,営業利益,売上高,女性管理職比率,脱炭素/温室効果ガス"
S100WFSA,報酬,プライム,株式会社アインホールディングス,財務比率,1,1,"ROE,サステナビリティ,営業利益,売上高,女性管理職比率,脱炭素/温室効果ガス"
S100WFSA,報酬,プライム,株式会社アインホールディングス,非財務指標,1,1,"ROE,サステナビリティ,営業利益,売上高,女性管理職比率,脱炭素/温室効果ガス"
S100WFSA,報酬,プライム,株式会社アインホールディングス,株価関連指標,0,0,"ROE,サステナビリティ,営業利益,売上高,女性管理職比率,脱炭素/温室効果ガス"
S100WFSA,方針,プライム,株式会社アインホールディングス,会計数字,1,1,"ROE,サステナビリティ,利益率,売上高"
S100WFSA,方針,プライム,株式会社アインホールディングス,財務比率,1,1,"ROE,サステナビリティ,利益率,売上高"
S100WFSA,方針,プライム,株式会社アインホールディングス,非財務指標,1,1,"ROE,サステナビリティ,利益率,売上高"
S100WFSA,方針,プライム,株式会社アインホールディングス,株価関連指標,0,0,"ROE,サステナビリティ,利益率,売上高"
S100WL79,報酬,プライム,株式会社ウェザーニューズ,会計数字,1,1,"ESG外部評価,営業利益率,売上高,脱炭素/温室効果ガス,非財務指標"
S100WL79,報酬,プライム,株式会社ウェザーニューズ,財務比率,1,1,"ESG外部評価,営業利益率,売上高,脱炭素/温室効果ガス,非財務指標"
S100WL79,報酬,プライム,株式会社ウェザーニューズ,非財務指標,1,1,"ESG外部評価,営業利益率,売上高,脱炭素/温室効果ガス,非財務指標"
S100WL79,報酬,プライム,株式会社ウェザーニューズ,株価関連指標,0,0,"ESG外部評価,営業利益率,売上高,脱炭素/温室効果ガス,非財務指標"
S100WL79,方針,プライム,株式会社ウェザーニューズ,会計数字,1,1,"ROE,営業利益率,売上高"
S100WL79,方針,プライム,株式会社ウェザーニューズ,財務比率,1,1,"ROE,営業利益率,売上高"
S100WL79,方針,プライム,株式会社ウェザーニューズ,非財務指標,0,0,"ROE,営業利益率,売上高"
S100WL79,方針,プライム,株式会社ウェザーニューズ,株価関連指標,0,0,"ROE,営業利益率,売上高"
S100XL6L,報酬,プライム,株式会社サーラコーポレーション,会計数字,1,1,"ESG,ROE,営業利益,脱炭素/温室効果ガス"
S100XL6L,報酬,プライム,株式会社サーラコーポレーション,財務比率,1,1,"ESG,ROE,営業利益,脱炭素/温室効果ガス"
S100XL6L,報酬,プライム,株式会社サーラコーポレーション,非財務指標,1,1,"ESG,ROE,営業利益,脱炭素/温室効果ガス"
S100XL6L,報酬,プライム,株式会社サーラコーポレーション,株価関連指標,0,0,"ESG,ROE,営業利益,脱炭素/温室効果ガス"
S100XL6L,方針,プライム,株式会社サーラコーポレーション,会計数字,1,1,"ROE,ROIC,利益率,営業利益,営業利益率,売上高,当期純利益"
S100XL6L,方針,プライム,株式会社サーラコーポレーション,財務比率,1,1,"ROE,ROIC,利益率,営業利益,営業利益率,売上高,当期純利益"
S100XL6L,方針,プライム,株式会社サーラコーポレーション,非財務指標,0,0,"ROE,ROIC,利益率,営業利益,営業利益率,売上高,当期純利益"
S100XL6L,方針,プライム,株式会社サーラコーポレーション,株価関連指標,0,0,"ROE,ROIC,利益率,営業利益,営業利益率,売上高,当期純利益"
S100YFRU,報酬,プライム,株式会社スズケン,会計数字,1,1,"売上高,時価総額,経常利益,経常利益率"
S100YFRU,報酬,プライム,株式会社スズケン,財務比率,1,1,"売上高,時価総額,経常利益,経常利益率"
S100YFRU,報酬,プライム,株式会社スズケン,非財務指標,0,0,"売上高,時価総額,経常利益,経常利益率"
S100YFRU,報酬,プライム,株式会社スズケン,株価関連指標,0,1,"売上高,時価総額,経常利益,経常利益率"
S100YFRU,方針,プライム,株式会社スズケン,会計数字,1,1,"DOE,PBR,ROE,サステナビリティ,売上高,女性管理職比率,株主還元率,経常利益率,脱炭素/温室効果ガス"
S100YFRU,方針,プライム,株式会社スズケン,財務比率,1,1,"DOE,PBR,ROE,サステナビリティ,売上高,女性管理職比率,株主還元率,経常利益率,脱炭素/温室効果ガス"
S100YFRU,方針,プライム,株式会社スズケン,非財務指標,1,1,"DOE,PBR,ROE,サステナビリティ,売上高,女性管理職比率,株主還元率,経常利益率,脱炭素/温室効果ガス"
S100YFRU,方針,プライム,株式会社スズケン,株価関連指標,1,1,"DOE,PBR,ROE,サステナビリティ,売上高,女性管理職比率,株主還元率,経常利益率,脱炭素/温室効果ガス"
S100YD1I,報酬,プライム,株式会社マツキヨココカラ＆カンパニー,会計数字,1,1,"ROE,営業利益,売上高,非財務指標"
S100YD1I,報酬,プライム,株式会社マツキヨココカラ＆カンパニー,財務比率,1,1,"ROE,営業利益,売上高,非財務指標"
S100YD1I,報酬,プライム,株式会社マツキヨココカラ＆カンパニー,非財務指標,1,1,"ROE,営業利益,売上高,非財務指標"
S100YD1I,報酬,プライム,株式会社マツキヨココカラ＆カンパニー,株価関連指標,0,0,"ROE,営業利益,売上高,非財務指標"
S100YD1I,方針,プライム,株式会社マツキヨココカラ＆カンパニー,会計数字,1,1,"DOE,エンゲージメント,キャッシュフロー,脱炭素/温室効果ガス,配当性向"
S100YD1I,方針,プライム,株式会社マツキヨココカラ＆カンパニー,財務比率,0,0,"DOE,エンゲージメント,キャッシュフロー,脱炭素/温室効果ガス,配当性向"
S100YD1I,方針,プライム,株式会社マツキヨココカラ＆カンパニー,非財務指標,1,1,"DOE,エンゲージメント,キャッシュフロー,脱炭素/温室効果ガス,配当性向"
S100YD1I,方針,プライム,株式会社マツキヨココカラ＆カンパニー,株価関連指標,1,1,"DOE,エンゲージメント,キャッシュフロー,脱炭素/温室効果ガス,配当性向"
S100YE56,報酬,プライム,株式会社モリタホールディングス,会計数字,1,1,"営業利益,営業利益率,売上高"
S100YE56,報酬,プライム,株式会社モリタホールディングス,財務比率,1,1,"営業利益,営業利益率,売上高"
S100YE56,報酬,プライム,株式会社モリタホールディングス,非財務指標,0,0,"営業利益,営業利益率,売上高"
S100YE56,報酬,プライム,株式会社モリタホールディングス,株価関連指標,0,0,"営業利益,営業利益率,売上高"
S100YE56,方針,プライム,株式会社モリタホールディングス,会計数字,1,1,"DOE,ROE,サステナビリティ,営業利益,営業利益率"
S100YE56,方針,プライム,株式会社モリタホールディングス,財務比率,1,1,"DOE,ROE,サステナビリティ,営業利益,営業利益率"
S100YE56,方針,プライム,株式会社モリタホールディングス,非財務指標,1,1,"DOE,ROE,サステナビリティ,営業利益,営業利益率"
S100YE56,方針,プライム,株式会社モリタホールディングス,株価関連指標,1,1,"DOE,ROE,サステナビリティ,営業利益,営業利益率"
S100Y4W7,報酬,プライム,株式会社ワールド,会計数字,1,1,"ESG,ROE,ROIC,TSR,コア営業利益,売上収益,当期純利益,脱炭素/温室効果ガス,非財務指標"
S100Y4W7,報酬,プライム,株式会社ワールド,財務比率,1,1,"ESG,ROE,ROIC,TSR,コア営業利益,売上収益,当期純利益,脱炭素/温室効果ガス,非財務指標"
S100Y4W7,報酬,プライム,株式会社ワールド,非財務指標,1,1,"ESG,ROE,ROIC,TSR,コア営業利益,売上収益,当期純利益,脱炭素/温室効果ガス,非財務指標"
S100Y4W7,報酬,プライム,株式会社ワールド,株価関連指標,0,1,"ESG,ROE,ROIC,TSR,コア営業利益,売上収益,当期純利益,脱炭素/温室効果ガス,非財務指標"
S100Y4W7,方針,プライム,株式会社ワールド,会計数字,1,1,"D/Eレシオ,NOPAT,ROE,ROIC,コア営業利益,事業利益,営業利益,売上総利益,棚卸資産回転率"
S100Y4W7,方針,プライム,株式会社ワールド,財務比率,1,1,"D/Eレシオ,NOPAT,ROE,ROIC,コア営業利益,事業利益,営業利益,売上総利益,棚卸資産回転率"
S100Y4W7,方針,プライム,株式会社ワールド,非財務指標,0,0,"D/Eレシオ,NOPAT,ROE,ROIC,コア営業利益,事業利益,営業利益,売上総利益,棚卸資産回転率"
S100Y4W7,方針,プライム,株式会社ワールド,株価関連指標,0,0,"D/Eレシオ,NOPAT,ROE,ROIC,コア営業利益,事業利益,営業利益,売上総利益,棚卸資産回転率"
S100YJQO,報酬,プライム,株式会社三菱ＵＦＪフィナンシャル・グループ,会計数字,1,1,"ESG,ESG外部評価,ROE,TSR,エンゲージメント,サステナビリティ,定性評価,当期純利益,脱炭素/温室効果ガス"
S100YJQO,報酬,プライム,株式会社三菱ＵＦＪフィナンシャル・グループ,財務比率,1,1,"ESG,ESG外部評価,ROE,TSR,エンゲージメント,サステナビリティ,定性評価,当期純利益,脱炭素/温室効果ガス"
S100YJQO,報酬,プライム,株式会社三菱ＵＦＪフィナンシャル・グループ,非財務指標,1,1,"ESG,ESG外部評価,ROE,TSR,エンゲージメント,サステナビリティ,定性評価,当期純利益,脱炭素/温室効果ガス"
S100YJQO,報酬,プライム,株式会社三菱ＵＦＪフィナンシャル・グループ,株価関連指標,0,1,"ESG,ESG外部評価,ROE,TSR,エンゲージメント,サステナビリティ,定性評価,当期純利益,脱炭素/温室効果ガス"
S100YJQO,方針,プライム,株式会社三菱ＵＦＪフィナンシャル・グループ,会計数字,1,1,"ROE,当期純利益"
S100YJQO,方針,プライム,株式会社三菱ＵＦＪフィナンシャル・グループ,財務比率,1,1,"ROE,当期純利益"
S100YJQO,方針,プライム,株式会社三菱ＵＦＪフィナンシャル・グループ,非財務指標,0,0,"ROE,当期純利益"
S100YJQO,方針,プライム,株式会社三菱ＵＦＪフィナンシャル・グループ,株価関連指標,0,0,"ROE,当期純利益"
S100YDSE,報酬,プライム,株式会社千葉銀行,会計数字,1,1,"ROE,エンゲージメント,サステナビリティ,当期純利益,非財務指標"
S100YDSE,報酬,プライム,株式会社千葉銀行,財務比率,1,1,"ROE,エンゲージメント,サステナビリティ,当期純利益,非財務指標"
S100YDSE,報酬,プライム,株式会社千葉銀行,非財務指標,1,1,"ROE,エンゲージメント,サステナビリティ,当期純利益,非財務指標"
S100YDSE,報酬,プライム,株式会社千葉銀行,株価関連指標,0,0,"ROE,エンゲージメント,サステナビリティ,当期純利益,非財務指標"
S100YDSE,方針,プライム,株式会社千葉銀行,会計数字,1,1,"ROE,サステナビリティ,リスクマネジメント,当期純利益"
S100YDSE,方針,プライム,株式会社千葉銀行,財務比率,1,1,"ROE,サステナビリティ,リスクマネジメント,当期純利益"
S100YDSE,方針,プライム,株式会社千葉銀行,非財務指標,0,1,"ROE,サステナビリティ,リスクマネジメント,当期純利益"
S100YDSE,方針,プライム,株式会社千葉銀行,株価関連指標,0,0,"ROE,サステナビリティ,リスクマネジメント,当期純利益"
S100YE6A,報酬,プライム,株式会社日清製粉グループ本社,会計数字,1,1,"時価総額,経常利益,脱炭素/温室効果ガス"
S100YE6A,報酬,プライム,株式会社日清製粉グループ本社,財務比率,0,0,"時価総額,経常利益,脱炭素/温室効果ガス"
S100YE6A,報酬,プライム,株式会社日清製粉グループ本社,非財務指標,1,1,"時価総額,経常利益,脱炭素/温室効果ガス"
S100YE6A,報酬,プライム,株式会社日清製粉グループ本社,株価関連指標,0,1,"時価総額,経常利益,脱炭素/温室効果ガス"
S100YE6A,方針,プライム,株式会社日清製粉グループ本社,会計数字,1,1,"EPS,ESG,ROIC,TSR,キャッシュフロー,サステナビリティ,営業利益,売上高,当期純利益,脱炭素/温室効果ガス,配当性向"
S100YE6A,方針,プライム,株式会社日清製粉グループ本社,財務比率,1,1,"EPS,ESG,ROIC,TSR,キャッシュフロー,サステナビリティ,営業利益,売上高,当期純利益,脱炭素/温室効果ガス,配当性向"
S100YE6A,方針,プライム,株式会社日清製粉グループ本社,非財務指標,0,1,"EPS,ESG,ROIC,TSR,キャッシュフロー,サステナビリティ,営業利益,売上高,当期純利益,脱炭素/温室効果ガス,配当性向"
S100YE6A,方針,プライム,株式会社日清製粉グループ本社,株価関連指標,1,1,"EPS,ESG,ROIC,TSR,キャッシュフロー,サステナビリティ,営業利益,売上高,当期純利益,脱炭素/温室効果ガス,配当性向"
S100YKVK,報酬,プライム,株式会社椿本チエイン,会計数字,1,1,"ESG,ROE,営業利益,時価総額"
S100YKVK,報酬,プライム,株式会社椿本チエイン,財務比率,1,1,"ESG,ROE,営業利益,時価総額"
S100YKVK,報酬,プライム,株式会社椿本チエイン,非財務指標,1,1,"ESG,ROE,営業利益,時価総額"
S100YKVK,報酬,プライム,株式会社椿本チエイン,株価関連指標,0,1,"ESG,ROE,営業利益,時価総額"
S100YKVK,方針,プライム,株式会社椿本チエイン,会計数字,1,1,"ESG,ROE,サステナビリティ,営業利益率,売上高,配当性向"
S100YKVK,方針,プライム,株式会社椿本チエイン,財務比率,1,1,"ESG,ROE,サステナビリティ,営業利益率,売上高,配当性向"
S100YKVK,方針,プライム,株式会社椿本チエイン,非財務指標,0,1,"ESG,ROE,サステナビリティ,営業利益率,売上高,配当性向"
S100YKVK,方針,プライム,株式会社椿本チエイン,株価関連指標,1,1,"ESG,ROE,サステナビリティ,営業利益率,売上高,配当性向"
S100YC7A,報酬,プライム,株式会社第一ライフグループ,会計数字,1,1,"ESG,ROE,TSR,エンゲージメント,サステナビリティ,フリーキャッシュフロー,脱炭素/温室効果ガス,顧客満足度"
S100YC7A,報酬,プライム,株式会社第一ライフグループ,財務比率,1,1,"ESG,ROE,TSR,エンゲージメント,サステナビリティ,フリーキャッシュフロー,脱炭素/温室効果ガス,顧客満足度"
S100YC7A,報酬,プライム,株式会社第一ライフグループ,非財務指標,1,1,"ESG,ROE,TSR,エンゲージメント,サステナビリティ,フリーキャッシュフロー,脱炭素/温室効果ガス,顧客満足度"
S100YC7A,報酬,プライム,株式会社第一ライフグループ,株価関連指標,1,1,"ESG,ROE,TSR,エンゲージメント,サステナビリティ,フリーキャッシュフロー,脱炭素/温室効果ガス,顧客満足度"
S100YC7A,方針,プライム,株式会社第一ライフグループ,会計数字,0,0,"ESG,ESG外部評価,エンゲージメント,サステナビリティ"
S100YC7A,方針,プライム,株式会社第一ライフグループ,財務比率,0,0,"ESG,ESG外部評価,エンゲージメント,サステナビリティ"
S100YC7A,方針,プライム,株式会社第一ライフグループ,非財務指標,0,1,"ESG,ESG外部評価,エンゲージメント,サステナビリティ"
S100YC7A,方針,プライム,株式会社第一ライフグループ,株価関連指標,0,0,"ESG,ESG外部評価,エンゲージメント,サステナビリティ"
S100XRJK,報酬,プライム,株式会社電通総研,会計数字,1,1,"ESG,ROE,エンゲージメント,サステナビリティ,営業利益,売上高,当期純利益"
S100XRJK,報酬,プライム,株式会社電通総研,財務比率,1,1,"ESG,ROE,エンゲージメント,サステナビリティ,営業利益,売上高,当期純利益"
S100XRJK,報酬,プライム,株式会社電通総研,非財務指標,1,1,"ESG,ROE,エンゲージメント,サステナビリティ,営業利益,売上高,当期純利益"
S100XRJK,報酬,プライム,株式会社電通総研,株価関連指標,0,0,"ESG,ROE,エンゲージメント,サステナビリティ,営業利益,売上高,当期純利益"
S100XRJK,方針,プライム,株式会社電通総研,会計数字,1,1,"ESG,ROE,サステナビリティ,フリーキャッシュフロー,営業利益,営業利益率,売上高,自己資本比率,配当性向"
S100XRJK,方針,プライム,株式会社電通総研,財務比率,1,1,"ESG,ROE,サステナビリティ,フリーキャッシュフロー,営業利益,営業利益率,売上高,自己資本比率,配当性向"
S100XRJK,方針,プライム,株式会社電通総研,非財務指標,0,1,"ESG,ROE,サステナビリティ,フリーキャッシュフロー,営業利益,営業利益率,売上高,自己資本比率,配当性向"
S100XRJK,方針,プライム,株式会社電通総研,株価関連指標,1,1,"ESG,ROE,サステナビリティ,フリーキャッシュフロー,営業利益,営業利益率,売上高,自己資本比率,配当性向"
S100YESK,報酬,プライム,極東貿易株式会社,会計数字,1,1,"ROE,営業利益,定性評価,経常利益"
S100YESK,報酬,プライム,極東貿易株式会社,財務比率,1,1,"ROE,営業利益,定性評価,経常利益"
S100YESK,報酬,プライム,極東貿易株式会社,非財務指標,0,1,"ROE,営業利益,定性評価,経常利益"
S100YESK,報酬,プライム,極東貿易株式会社,株価関連指標,0,0,"ROE,営業利益,定性評価,経常利益"
S100YESK,方針,プライム,極東貿易株式会社,会計数字,1,1,"ROE,ROIC,エンゲージメント,営業利益,売上高,当期純利益,経常利益,配当性向"
S100YESK,方針,プライム,極東貿易株式会社,財務比率,1,1,"ROE,ROIC,エンゲージメント,営業利益,売上高,当期純利益,経常利益,配当性向"
S100YESK,方針,プライム,極東貿易株式会社,非財務指標,0,1,"ROE,ROIC,エンゲージメント,営業利益,売上高,当期純利益,経常利益,配当性向"
S100YESK,方針,プライム,極東貿易株式会社,株価関連指標,1,1,"ROE,ROIC,エンゲージメント,営業利益,売上高,当期純利益,経常利益,配当性向"
S100YK2Q,報酬,プライム,科研製薬株式会社,会計数字,1,1,"ROE,TSR,エンゲージメント,営業利益,売上高,当期純利益"
S100YK2Q,報酬,プライム,科研製薬株式会社,財務比率,1,1,"ROE,TSR,エンゲージメント,営業利益,売上高,当期純利益"
S100YK2Q,報酬,プライム,科研製薬株式会社,非財務指標,1,1,"ROE,TSR,エンゲージメント,営業利益,売上高,当期純利益"
S100YK2Q,報酬,プライム,科研製薬株式会社,株価関連指標,0,1,"ROE,TSR,エンゲージメント,営業利益,売上高,当期純利益"
S100YK2Q,方針,プライム,科研製薬株式会社,会計数字,1,1,"ROE,営業利益,売上高"
S100YK2Q,方針,プライム,科研製薬株式会社,財務比率,1,1,"ROE,営業利益,売上高"
S100YK2Q,方針,プライム,科研製薬株式会社,非財務指標,0,0,"ROE,営業利益,売上高"
S100YK2Q,方針,プライム,科研製薬株式会社,株価関連指標,0,0,"ROE,営業利益,売上高"
S100XZ22,報酬,プライム,積水ハウス株式会社,会計数字,1,1,"ESG,ROE,売上高,女性管理職比率,当期純利益,時価総額,経常利益,脱炭素/温室効果ガス,非財務指標"
S100XZ22,報酬,プライム,積水ハウス株式会社,財務比率,1,1,"ESG,ROE,売上高,女性管理職比率,当期純利益,時価総額,経常利益,脱炭素/温室効果ガス,非財務指標"
S100XZ22,報酬,プライム,積水ハウス株式会社,非財務指標,1,1,"ESG,ROE,売上高,女性管理職比率,当期純利益,時価総額,経常利益,脱炭素/温室効果ガス,非財務指標"
S100XZ22,報酬,プライム,積水ハウス株式会社,株価関連指標,0,1,"ESG,ROE,売上高,女性管理職比率,当期純利益,時価総額,経常利益,脱炭素/温室効果ガス,非財務指標"
S100XZ22,方針,プライム,積水ハウス株式会社,会計数字,1,1,"EPS,ESG,ROA,ROE,営業利益,売上高,当期純利益,経常利益,配当性向"
S100XZ22,方針,プライム,積水ハウス株式会社,財務比率,1,1,"EPS,ESG,ROA,ROE,営業利益,売上高,当期純利益,経常利益,配当性向"
S100XZ22,方針,プライム,積水ハウス株式会社,非財務指標,0,1,"EPS,ESG,ROA,ROE,営業利益,売上高,当期純利益,経常利益,配当性向"
S100XZ22,方針,プライム,積水ハウス株式会社,株価関連指標,1,1,"EPS,ESG,ROA,ROE,営業利益,売上高,当期純利益,経常利益,配当性向"
S100XSTU,報酬,プライム,ＡＧＣ株式会社,会計数字,1,1,"EBITDA,ROE,TSR,エンゲージメント,キャッシュフロー,営業利益率,売上高,脱炭素/温室効果ガス,非財務指標"
S100XSTU,報酬,プライム,ＡＧＣ株式会社,財務比率,1,1,"EBITDA,ROE,TSR,エンゲージメント,キャッシュフロー,営業利益率,売上高,脱炭素/温室効果ガス,非財務指標"
S100XSTU,報酬,プライム,ＡＧＣ株式会社,非財務指標,1,1,"EBITDA,ROE,TSR,エンゲージメント,キャッシュフロー,営業利益率,売上高,脱炭素/温室効果ガス,非財務指標"
S100XSTU,報酬,プライム,ＡＧＣ株式会社,株価関連指標,1,1,"EBITDA,ROE,TSR,エンゲージメント,キャッシュフロー,営業利益率,売上高,脱炭素/温室効果ガス,非財務指標"
S100XSTU,方針,プライム,ＡＧＣ株式会社,会計数字,1,1,"DOE,EBITDA,ROE,営業利益,売上高,販売数量"
S100XSTU,方針,プライム,ＡＧＣ株式会社,財務比率,1,1,"DOE,EBITDA,ROE,営業利益,売上高,販売数量"
S100XSTU,方針,プライム,ＡＧＣ株式会社,非財務指標,0,1,"DOE,EBITDA,ROE,営業利益,売上高,販売数量"
S100XSTU,方針,プライム,ＡＧＣ株式会社,株価関連指標,1,1,"DOE,EBITDA,ROE,営業利益,売上高,販売数量"
S100YF7I,報酬,プライム,ＥＮＥＯＳホールディングス株式会社,会計数字,1,1,"ROIC,TSR,当期純利益"
S100YF7I,報酬,プライム,ＥＮＥＯＳホールディングス株式会社,財務比率,1,1,"ROIC,TSR,当期純利益"
S100YF7I,報酬,プライム,ＥＮＥＯＳホールディングス株式会社,非財務指標,0,0,"ROIC,TSR,当期純利益"
S100YF7I,報酬,プライム,ＥＮＥＯＳホールディングス株式会社,株価関連指標,0,1,"ROIC,TSR,当期純利益"
S100YF7I,方針,プライム,ＥＮＥＯＳホールディングス株式会社,会計数字,1,1,"PBR,ROE,営業利益,売上高,当期純利益,株主還元率"
S100YF7I,方針,プライム,ＥＮＥＯＳホールディングス株式会社,財務比率,1,1,"PBR,ROE,営業利益,売上高,当期純利益,株主還元率"
S100YF7I,方針,プライム,ＥＮＥＯＳホールディングス株式会社,非財務指標,0,0,"PBR,ROE,営業利益,売上高,当期純利益,株主還元率"
S100YF7I,方針,プライム,ＥＮＥＯＳホールディングス株式会社,株価関連指標,1,1,"PBR,ROE,営業利益,売上高,当期純利益,株主還元率"
S100Y6K0,報酬,プライム,Ｊ．フロント　リテイリング株式会社,会計数字,1,1,"ROE,ROIC,TSR,サステナビリティ,事業利益,女性管理職比率,定性評価,脱炭素/温室効果ガス,非財務指標,非財務目標"
S100Y6K0,報酬,プライム,Ｊ．フロント　リテイリング株式会社,財務比率,1,1,"ROE,ROIC,TSR,サステナビリティ,事業利益,女性管理職比率,定性評価,脱炭素/温室効果ガス,非財務指標,非財務目標"
S100Y6K0,報酬,プライム,Ｊ．フロント　リテイリング株式会社,非財務指標,1,1,"ROE,ROIC,TSR,サステナビリティ,事業利益,女性管理職比率,定性評価,脱炭素/温室効果ガス,非財務指標,非財務目標"
S100Y6K0,報酬,プライム,Ｊ．フロント　リテイリング株式会社,株価関連指標,1,1,"ROE,ROIC,TSR,サステナビリティ,事業利益,女性管理職比率,定性評価,脱炭素/温室効果ガス,非財務指標,非財務目標"
S100Y6K0,方針,プライム,Ｊ．フロント　リテイリング株式会社,会計数字,1,1,"ROE,キャッシュフロー,サステナビリティ,事業利益,売上高,女性管理職比率,脱炭素/温室効果ガス,配当性向,非財務目標"
S100Y6K0,方針,プライム,Ｊ．フロント　リテイリング株式会社,財務比率,1,1,"ROE,キャッシュフロー,サステナビリティ,事業利益,売上高,女性管理職比率,脱炭素/温室効果ガス,配当性向,非財務目標"
S100Y6K0,方針,プライム,Ｊ．フロント　リテイリング株式会社,非財務指標,1,1,"ROE,キャッシュフロー,サステナビリティ,事業利益,売上高,女性管理職比率,脱炭素/温室効果ガス,配当性向,非財務目標"
S100Y6K0,方針,プライム,Ｊ．フロント　リテイリング株式会社,株価関連指標,1,1,"ROE,キャッシュフロー,サステナビリティ,事業利益,売上高,女性管理職比率,脱炭素/温室効果ガス,配当性向,非財務目標"
S100XSXL,報酬,プライム,ＳＢＳホールディングス株式会社,会計数字,1,1,"ESG,営業利益,営業利益率,非財務指標"
S100XSXL,報酬,プライム,ＳＢＳホールディングス株式会社,財務比率,1,1,"ESG,営業利益,営業利益率,非財務指標"
S100XSXL,報酬,プライム,ＳＢＳホールディングス株式会社,非財務指標,1,1,"ESG,営業利益,営業利益率,非財務指標"
S100XSXL,報酬,プライム,ＳＢＳホールディングス株式会社,株価関連指標,0,0,"ESG,営業利益,営業利益率,非財務指標"
S100XSXL,方針,プライム,ＳＢＳホールディングス株式会社,会計数字,1,1,"サステナビリティ,営業利益率,売上高"
S100XSXL,方針,プライム,ＳＢＳホールディングス株式会社,財務比率,1,1,"サステナビリティ,営業利益率,売上高"
S100XSXL,方針,プライム,ＳＢＳホールディングス株式会社,非財務指標,0,1,"サステナビリティ,営業利益率,売上高"
S100XSXL,方針,プライム,ＳＢＳホールディングス株式会社,株価関連指標,0,0,"サステナビリティ,営業利益率,売上高"
S100YCK1,報酬,プライム,Ｕｍｉｏｓ株式会社,会計数字,1,1,"ESG,ROIC,女性管理職比率,経常利益,脱炭素/温室効果ガス"
S100YCK1,報酬,プライム,Ｕｍｉｏｓ株式会社,財務比率,1,1,"ESG,ROIC,女性管理職比率,経常利益,脱炭素/温室効果ガス"
S100YCK1,報酬,プライム,Ｕｍｉｏｓ株式会社,非財務指標,1,1,"ESG,ROIC,女性管理職比率,経常利益,脱炭素/温室効果ガス"
S100YCK1,報酬,プライム,Ｕｍｉｏｓ株式会社,株価関連指標,0,0,"ESG,ROIC,女性管理職比率,経常利益,脱炭素/温室効果ガス"
S100YCK1,方針,プライム,Ｕｍｉｏｓ株式会社,会計数字,1,1,"ROIC,営業利益"
S100YCK1,方針,プライム,Ｕｍｉｏｓ株式会社,財務比率,1,1,"ROIC,営業利益"
S100YCK1,方針,プライム,Ｕｍｉｏｓ株式会社,非財務指標,0,0,"ROIC,営業利益"
S100YCK1,方針,プライム,Ｕｍｉｏｓ株式会社,株価関連指標,0,0,"ROIC,営業利益"
