firm,indicator,category,pol,pay
E00006,サステナビリティ,nonfin,1,0
E00006,営業利益,acc,0,1
E00006,売上高,acc,0,1
E00006,当期純利益,acc,0,1
E00007,EBITDA,acc,1,1
E00007,ROIC,ratio,1,0
E00007,コア営業利益,acc,1,0
E00007,サステナビリティ,nonfin,1,0
E00007,営業利益,acc,1,0
E00007,売上収益,acc,1,0
E00008,PBR,stock,1,0
E00008,ROIC,ratio,1,0
E00008,利益率,ratio,1,0
E00008,営業利益率,ratio,1,1
E00008,当期純利益,acc,1,1
E00011,D/Eレシオ,ratio,1,0
E00011,ESG,nonfin,1,1
E00011,ROE,ratio,1,0
E00011,SDGs,nonfin,1,0
E00011,サステナビリティ,nonfin,0,1
E00011,売上高,acc,1,0
E00011,当期純利益,acc,0,1
E00011,時価総額,stock,0,1
E00011,経常利益,acc,1,1
E00011,脱炭素/温室効果ガス,nonfin,1,1
E00011,自己資本比率,ratio,1,0
E00012,DOE,stock,1,0
E00012,ROIC,ratio,1,0
E00012,キャッシュフロー,acc,1,0
E00012,サステナビリティ,nonfin,1,0
E00012,営業利益,acc,0,1
E00012,売上高,acc,1,1
E00012,売上高比,ratio,1,0
E00014,ESG,nonfin,1,0
E00014,ROE,ratio,0,1
E00014,ROIC,ratio,1,1
E00014,SDGs,nonfin,1,0
E00014,エンゲージメント,nonfin,0,1
E00014,サステナビリティ,nonfin,1,1
E00014,営業利益,acc,1,0
E00014,売上高,acc,1,1
E00014,売上高比,ratio,1,0
E00014,株主還元率,stock,1,0
E00014,経常利益,acc,0,1
E00014,脱炭素/温室効果ガス,nonfin,0,1
E00015,ESG,nonfin,0,1
E00015,ROIC,ratio,1,1
E00015,営業利益,acc,1,0
E00015,女性管理職比率,nonfin,0,1
E00015,経常利益,acc,0,1
E00015,脱炭素/温室効果ガス,nonfin,0,1
E00021,D/Eレシオ,ratio,1,0
E00021,DOE,stock,1,0
E00021,EBITDA,acc,1,0
E00021,ROE,ratio,1,0
E00021,ROIC,ratio,1,0
E00021,TSR,stock,0,1
E00021,WACC,ratio,1,0
E00021,キャッシュフロー,acc,1,0
E00021,サステナビリティ,nonfin,1,1
E00021,営業利益,acc,0,1
E00021,脱炭素/温室効果ガス,nonfin,1,0
E00021,非財務目標,nonfin,0,1
E00023,DOE,stock,1,0
E00023,ESG,nonfin,0,1
E00023,SDGs,nonfin,1,0
E00023,エンゲージメント,nonfin,0,1
E00023,キャッシュフロー,acc,0,1
E00023,サステナビリティ,nonfin,1,0
E00023,フリーキャッシュフロー,acc,0,1
E00023,労働安全,nonfin,0,1
E00023,当期純利益,acc,1,1
E00023,脱炭素/温室効果ガス,nonfin,1,1
E00023,自己資本比率,ratio,1,0
E00024,ESG,nonfin,0,1
E00024,ROE,ratio,1,0
E00024,ROIC,ratio,1,1
E00024,サステナビリティ,nonfin,1,0
E00024,フリーキャッシュフロー,acc,1,0
E00024,売上高,acc,1,1
E00024,時価総額,stock,0,1
E00024,経常利益,acc,1,1
E00024,脱炭素/温室効果ガス,nonfin,1,1
E00028,ROA,ratio,1,0
E00028,ROE,ratio,1,0
E00028,営業利益,acc,1,0
E00028,当期純利益,acc,0,1
E00028,当期純利益率,ratio,1,0
E00028,経常利益,acc,1,0
E00030,ESG,nonfin,1,0
E00030,サステナビリティ,nonfin,1,0
E00030,利益率,ratio,1,0
E00030,経常利益,acc,1,1
E00030,脱炭素/温室効果ガス,nonfin,1,0
E00032,D/Eレシオ,ratio,1,0
E00032,DOE,stock,1,0
E00032,EBITDA,acc,1,0
E00032,ESG,nonfin,1,0
E00032,ROE,ratio,1,0
E00032,ROIC,ratio,1,0
E00032,SDGs,nonfin,1,0
E00032,キャッシュフロー,acc,1,0
E00032,サステナビリティ,nonfin,1,0
E00032,利益率,ratio,1,0
E00032,営業利益,acc,1,1
E00032,売上高,acc,1,0
E00035,ROE,ratio,1,0
E00035,ROIC,ratio,1,0
E00035,営業利益,acc,1,1
E00035,営業利益率,ratio,1,0
E00035,当期純利益,acc,1,1
E00035,自己資本比率,ratio,1,0
E00036,ROIC,ratio,1,0
E00036,WACC,ratio,1,0
E00036,営業利益,acc,1,1
E00036,営業利益率,ratio,0,1
E00037,当期純利益,acc,1,1
E00037,経常利益,acc,0,1
E00041,PBR,stock,1,0
E00041,当期純利益,acc,1,1
E00041,株主還元率,stock,0,1
E00041,脱炭素/温室効果ガス,nonfin,1,1
E00041,配当性向,stock,1,0
E00043,ROE,ratio,0,1
E00043,ROIC,ratio,0,1
E00043,キャッシュフロー,acc,0,1
E00043,当期純利益,acc,0,1
E00043,株主還元率,stock,0,1
E00043,脱炭素/温室効果ガス,nonfin,1,1
E00043,非財務指標,nonfin,0,1
E00048,ESG,nonfin,0,1
E00048,ESG外部評価,nonfin,0,1
E00048,PBR,stock,1,0
E00048,ROIC,ratio,0,1
E00048,TSR,stock,0,1
E00048,エンゲージメント,nonfin,0,1
E00048,サステナビリティ,nonfin,1,0
E00048,リスクマネジメント,nonfin,0,1
E00048,営業利益,acc,1,1
E00048,売上高,acc,1,0
E00048,技術力強化,nonfin,0,1
E00048,新規事業推進,nonfin,0,1
E00048,環境指標,nonfin,0,1
E00048,脱炭素/温室効果ガス,nonfin,1,1
E00048,非財務指標,nonfin,0,1
E00048,非財務目標,nonfin,0,1
E00052,ROE,ratio,1,0
E00052,エンゲージメント,nonfin,0,1
E00052,営業利益,acc,1,1
E00052,売上高,acc,1,0
E00052,当期純利益,acc,1,1
E00052,脱炭素/温室効果ガス,nonfin,0,1
E00053,ESG,nonfin,1,0
E00053,PBR,stock,1,0
E00053,SDGs,nonfin,1,0
E00053,キャッシュフロー,acc,1,0
E00053,サステナビリティ,nonfin,1,1
E00053,当期純利益,acc,0,1
E00053,経常利益,acc,1,1
E00053,脱炭素/温室効果ガス,nonfin,1,0
E00055,EPS,acc,0,1
E00055,ESG,nonfin,0,1
E00055,ROE,ratio,0,1
E00055,TSR,stock,0,1
E00055,エンゲージメント,nonfin,0,1
E00055,サステナビリティ,nonfin,1,0
E00055,営業利益,acc,0,1
E00055,定性評価,nonfin,0,1
E00055,脱炭素/温室効果ガス,nonfin,0,1
E00055,非財務指標,nonfin,0,1
E00056,ESG,nonfin,1,1
E00056,SDGs,nonfin,1,0
E00056,TSR,stock,0,1
E00056,エンゲージメント,nonfin,0,1
E00056,労働安全,nonfin,0,1
E00056,受注高,nonfin,1,0
E00056,営業利益,acc,0,1
E00056,定性評価,nonfin,0,1
E00056,経常利益,acc,1,1
E00056,脱炭素/温室効果ガス,nonfin,1,1
E00056,非財務目標,nonfin,0,1
E00058,ROE,ratio,1,1
E00058,SDGs,nonfin,1,0
E00058,エンゲージメント,nonfin,1,1
E00058,サステナビリティ,nonfin,1,1
E00058,労働安全,nonfin,0,1
E00058,営業利益,acc,1,1
E00058,売上総利益率,ratio,1,0
E00058,売上高,acc,1,0
E00058,当期純利益,acc,1,1
E00058,経常利益,acc,1,0
E00058,脱炭素/温室効果ガス,nonfin,1,0
E00058,配当性向,stock,1,0
E00059,DOE,stock,1,0
E00059,PBR,stock,1,0
E00059,PER,stock,1,0
E00059,ROE,ratio,1,0
E00059,SDGs,nonfin,1,0
E00059,キャッシュフロー,acc,1,0
E00059,サステナビリティ,nonfin,1,0
E00059,営業利益,acc,1,1
E00059,営業利益率,ratio,1,0
E00059,脱炭素/温室効果ガス,nonfin,1,0
E00059,自己資本比率,ratio,1,0
E00059,非財務目標,nonfin,1,0
E00060,DOE,stock,1,0
E00060,PBR,stock,0,1
E00060,ROE,ratio,1,1
E00060,エンゲージメント,nonfin,1,0
E00060,サステナビリティ,nonfin,1,0
E00060,利益率,ratio,1,0
E00060,営業利益,acc,1,1
E00060,売上高,acc,1,0
E00060,当期純利益,acc,0,1
E00060,自己資本比率,ratio,1,0
E00064,ROE,ratio,1,0
E00064,営業利益,acc,1,1
E00064,売上総利益,acc,1,0
E00064,売上高,acc,1,0
E00064,当期純利益,acc,1,0
E00064,脱炭素/温室効果ガス,nonfin,1,0
E00064,配当性向,stock,1,0
E00065,DOE,stock,1,0
E00065,ESG,nonfin,1,0
E00065,ROE,ratio,1,0
E00065,エンゲージメント,nonfin,1,1
E00065,営業利益,acc,1,1
E00065,当期純利益,acc,0,1
E00065,脱炭素/温室効果ガス,nonfin,1,1
E00073,ROE,ratio,1,0
E00073,営業利益,acc,1,1
E00073,売上高,acc,1,0
E00073,脱炭素/温室効果ガス,nonfin,1,0
E00074,ROE,ratio,1,0
E00074,ROIC,ratio,1,0
E00074,エンゲージメント,nonfin,1,0
E00074,受注高,nonfin,1,0
E00074,営業利益,acc,1,1
E00074,売上高,acc,1,1
E00074,当期純利益,acc,1,0
E00074,経常利益,acc,1,0
E00074,脱炭素/温室効果ガス,nonfin,1,0
E00074,配当性向,stock,1,0
E00075,営業利益,acc,1,1
E00075,売上高,acc,1,0
E00075,当期純利益,acc,1,0
E00075,経常利益,acc,1,0
E00076,ROE,ratio,1,0
E00076,エンゲージメント,nonfin,1,0
E00076,売上高,acc,1,0
E00076,経常利益,acc,1,1
E00080,ESG,nonfin,0,1
E00080,ROE,ratio,1,0
E00080,サステナビリティ,nonfin,1,1
E00080,労働安全,nonfin,0,1
E00080,受注高,nonfin,0,1
E00080,営業利益,acc,1,1
E00080,売上高,acc,1,0
E00080,当期純利益,acc,0,1
E00080,経常利益,acc,0,1
E00080,脱炭素/温室効果ガス,nonfin,0,1
E00080,配当性向,stock,1,0
E00081,受注高,nonfin,0,1
E00081,営業利益率,ratio,0,1
E00081,売上高,acc,1,0
E00081,当期純利益,acc,1,0
E00081,経常利益,acc,1,0
E00086,EBITDA,acc,1,0
E00086,EPS,acc,1,0
E00086,ROE,ratio,1,1
E00086,キャッシュフロー,acc,1,0
E00086,サステナビリティ,nonfin,1,0
E00086,労働安全,nonfin,0,1
E00086,受注高,nonfin,1,1
E00086,営業利益,acc,1,1
E00086,営業利益率,ratio,0,1
E00086,売上高,acc,1,1
E00086,定性評価,nonfin,0,1
E00086,当期純利益,acc,1,0
E00086,株主還元率,stock,1,0
E00086,経常利益,acc,1,0
E00086,配当性向,stock,1,1
E00090,ROE,ratio,1,0
E00090,サステナビリティ,nonfin,1,0
E00090,利益率,ratio,1,0
E00090,株主還元率,stock,1,0
E00090,経常利益,acc,1,1
E00090,脱炭素/温室効果ガス,nonfin,1,0
E00092,ROE,ratio,1,0
E00092,営業利益,acc,0,1
E00092,売上高,acc,0,1
E00094,EPS,acc,1,0
E00094,ESG,nonfin,0,1
E00094,ESG外部評価,nonfin,0,1
E00094,ROE,ratio,1,1
E00094,営業利益,acc,1,1
E00094,売上高,acc,1,1
E00094,定性評価,nonfin,0,1
E00094,当期純利益,acc,0,1
E00094,連結利益,acc,0,1
E00095,ESG,nonfin,1,0
E00095,ROE,ratio,0,1
E00095,TSR,stock,0,1
E00095,エンゲージメント,nonfin,1,0
E00095,キャッシュフロー,acc,1,0
E00095,営業利益,acc,1,1
E00095,売上高,acc,1,0
E00095,定性評価,nonfin,0,1
E00095,経常利益,acc,0,1
E00095,脱炭素/温室効果ガス,nonfin,1,0
E00095,配当性向,stock,1,0
E00097,ESG,nonfin,1,0
E00097,ROE,ratio,1,1
E00097,TSR,stock,0,1
E00097,サステナビリティ,nonfin,1,0
E00097,受注高,nonfin,1,0
E00097,営業利益,acc,1,1
E00097,営業利益率,ratio,1,0
E00097,売上高,acc,1,0
E00097,当期純利益,acc,0,1
E00097,当期純利益率,ratio,1,0
E00097,配当性向,stock,1,0
E00098,DOE,stock,1,0
E00098,ROE,ratio,1,1
E00098,営業利益,acc,1,1
E00098,売上高,acc,1,0
E00098,当期純利益,acc,0,1
E00098,配当性向,stock,1,0
E00107,DOE,stock,1,0
E00107,EPS,acc,1,0
E00107,ESG外部評価,nonfin,1,0
E00107,PBR,stock,1,0
E00107,ROE,ratio,1,0
E00107,SDGs,nonfin,1,0
E00107,サステナビリティ,nonfin,1,0
E00107,営業利益,acc,1,1
E00107,営業利益率,ratio,1,0
E00107,売上高,acc,1,1
E00107,当期純利益率,ratio,1,0
E00107,時価総額,stock,1,0
E00107,脱炭素/温室効果ガス,nonfin,1,0
E00112,DOE,stock,1,1
E00112,ESG,nonfin,1,0
E00112,ROE,ratio,1,1
E00112,SDGs,nonfin,1,0
E00112,営業利益,acc,0,1
E00112,売上高,acc,1,1
E00112,女性役員比率,nonfin,1,0
E00112,脱炭素/温室効果ガス,nonfin,1,0
E00113,ROE,ratio,1,0
E00113,営業利益,acc,0,1
E00113,営業利益率,ratio,0,1
E00113,売上高,acc,1,1
E00113,当期純利益,acc,0,1
E00113,脱炭素/温室効果ガス,nonfin,1,0
E00115,エンゲージメント,nonfin,1,0
E00115,営業利益,acc,1,0
E00115,売上高,acc,1,0
E00115,経常利益,acc,0,1
E00117,DOE,stock,1,0
E00117,ROE,ratio,1,0
E00117,サステナビリティ,nonfin,1,0
E00117,営業利益,acc,0,1
E00117,営業利益率,ratio,1,0
E00117,売上高,acc,1,1
E00117,自己資本比率,ratio,1,0
E00117,配当性向,stock,1,0
E00119,NOPAT,acc,1,0
E00119,ROE,ratio,1,0
E00119,受注高,nonfin,1,1
E00119,営業利益,acc,1,1
E00119,営業利益率,ratio,1,0
E00119,売上高,acc,1,0
E00119,定性評価,nonfin,0,1
E00119,株主還元率,stock,1,0
E00119,配当性向,stock,1,0
E00120,ESG外部評価,nonfin,1,0
E00120,ROE,ratio,1,0
E00120,エンゲージメント,nonfin,1,0
E00120,サステナビリティ,nonfin,1,0
E00120,営業利益,acc,1,1
E00120,営業利益率,ratio,1,0
E00120,売上総利益,acc,1,0
E00120,売上高,acc,1,0
E00120,当期純利益,acc,1,0
E00120,脱炭素/温室効果ガス,nonfin,1,0
E00120,配当性向,stock,1,0
E00120,顧客満足度,nonfin,1,0
E00121,DOE,stock,1,0
E00121,EPS,acc,1,0
E00121,PBR,stock,1,0
E00121,ROE,ratio,1,1
E00121,受注高,nonfin,1,1
E00121,営業利益,acc,1,1
E00121,売上高,acc,1,1
E00121,当期純利益,acc,1,1
E00121,経常利益,acc,1,0
E00142,DOE,stock,1,0
E00142,EBITDA,acc,1,0
E00142,PBR,stock,1,0
E00142,ROE,ratio,1,0
E00142,ROIC,ratio,1,0
E00142,キャッシュフロー,acc,1,0
E00142,サステナビリティ,nonfin,1,0
E00142,営業利益,acc,1,1
E00142,営業利益率,ratio,1,0
E00142,売上高,acc,1,0
E00142,時価総額,stock,1,0
E00142,脱炭素/温室効果ガス,nonfin,1,0
E00143,EPS,acc,1,0
E00143,ESG,nonfin,1,1
E00143,ROA,ratio,1,0
E00143,ROE,ratio,1,1
E00143,営業利益,acc,1,0
E00143,売上高,acc,1,1
E00143,女性管理職比率,nonfin,0,1
E00143,当期純利益,acc,1,1
E00143,時価総額,stock,0,1
E00143,経常利益,acc,1,1
E00143,脱炭素/温室効果ガス,nonfin,0,1
E00143,配当性向,stock,1,0
E00143,非財務指標,nonfin,0,1
E00146,ROIC,ratio,1,0
E00146,売上高,acc,1,1
E00146,経常利益,acc,1,1
E00146,配当性向,stock,1,0
E00147,DOE,stock,1,0
E00147,ESG,nonfin,0,1
E00147,ROE,ratio,1,0
E00147,利益率,ratio,1,0
E00147,営業利益,acc,1,1
E00147,営業利益率,ratio,1,0
E00147,売上高,acc,1,1
E00147,定性評価,nonfin,0,1
E00147,当期純利益,acc,1,1
E00147,株主還元率,stock,1,0
E00148,DOE,stock,1,0
E00148,ROE,ratio,1,1
E00148,営業利益,acc,1,1
E00148,売上高,acc,1,0
E00148,当期純利益,acc,0,1
E00148,自己資本比率,ratio,1,0
E00149,ROE,ratio,0,1
E00149,TSR,stock,0,1
E00149,エンゲージメント,nonfin,1,1
E00149,サステナビリティ,nonfin,0,1
E00149,利益率,ratio,0,1
E00149,売上高,acc,0,1
E00149,定性評価,nonfin,0,1
E00149,経常利益,acc,0,1
E00149,脱炭素/温室効果ガス,nonfin,0,1
E00153,エンゲージメント,nonfin,1,0
E00153,受注高,nonfin,1,1
E00153,営業利益,acc,1,0
E00153,売上高,acc,1,1
E00153,当期純利益,acc,1,0
E00153,経常利益,acc,1,0
E00157,ROE,ratio,1,0
E00157,TSR,stock,1,0
E00157,営業利益,acc,0,1
E00157,売上高,acc,1,0
E00157,配当性向,stock,1,0
E00161,ESG,nonfin,1,0
E00161,サステナビリティ,nonfin,1,0
E00161,営業利益,acc,1,0
E00161,売上高,acc,1,0
E00161,当期純利益,acc,1,0
E00161,経常利益,acc,1,1
E00161,脱炭素/温室効果ガス,nonfin,1,0
E00167,EPS,acc,1,0
E00167,ESG,nonfin,1,0
E00167,PBR,stock,1,0
E00167,ROE,ratio,1,0
E00167,営業利益,acc,1,0
E00167,売上高,acc,1,0
E00167,当期純利益,acc,1,0
E00167,経常利益,acc,0,1
E00167,自己資本比率,ratio,1,0
E00168,ESG,nonfin,1,0
E00168,ROE,ratio,1,1
E00168,受注高,nonfin,1,0
E00168,営業利益,acc,1,1
E00168,売上高,acc,1,0
E00168,当期純利益,acc,1,1
E00168,経常利益,acc,1,0
E00175,SDGs,nonfin,1,0
E00175,サステナビリティ,nonfin,1,0
E00175,営業利益,acc,1,1
E00175,売上高,acc,1,0
E00175,当期純利益,acc,1,1
E00175,経常利益,acc,1,0
E00176,DOE,stock,1,0
E00176,ROE,ratio,1,1
E00176,エンゲージメント,nonfin,1,0
E00176,サステナビリティ,nonfin,1,0
E00176,リスクマネジメント,nonfin,1,0
E00176,営業利益,acc,1,0
E00176,売上高,acc,1,0
E00176,当期純利益,acc,1,0
E00176,脱炭素/温室効果ガス,nonfin,1,0
E00176,自己資本比率,ratio,1,0
E00183,DOE,stock,1,0
E00183,ROE,ratio,1,1
E00183,ROIC,ratio,1,0
E00183,TSR,stock,0,1
E00183,エンゲージメント,nonfin,1,0
E00183,キャッシュフロー,acc,1,0
E00183,サステナビリティ,nonfin,1,1
E00183,当期純利益,acc,1,1
E00183,経常利益,acc,1,1
E00183,脱炭素/温室効果ガス,nonfin,1,0
E00183,自己資本比率,ratio,1,0
E00183,非財務指標,nonfin,0,1
E00183,非財務目標,nonfin,1,0
E00185,DOE,stock,1,0
E00185,PBR,stock,1,0
E00185,ROE,ratio,1,0
E00185,エンゲージメント,nonfin,1,0
E00185,キャッシュフロー,acc,1,0
E00185,受注高,nonfin,1,1
E00185,営業利益,acc,0,1
E00185,売上高,acc,1,0
E00185,脱炭素/温室効果ガス,nonfin,1,0
E00189,ESG,nonfin,1,0
E00189,ROE,ratio,1,0
E00189,サステナビリティ,nonfin,1,0
E00189,売上高,acc,1,1
E00189,経常利益,acc,0,1
E00189,経常利益率,ratio,1,0
E00194,ROE,ratio,1,0
E00194,営業利益,acc,1,1
E00194,売上高,acc,1,0
E00194,当期純利益,acc,0,1
E00196,ROE,ratio,1,0
E00196,受注高,nonfin,0,1
E00196,営業利益,acc,1,1
E00196,営業利益率,ratio,1,0
E00196,売上高,acc,1,1
E00196,配当性向,stock,1,0
E00197,営業利益,acc,1,0
E00197,営業利益率,ratio,1,0
E00197,売上総利益,acc,0,1
E00197,売上高,acc,1,0
E00197,当期純利益,acc,0,1
E00207,SDGs,nonfin,1,0
E00207,経常利益,acc,0,1
E00208,ESG外部評価,nonfin,1,0
E00208,ROE,ratio,1,1
E00208,エンゲージメント,nonfin,1,0
E00208,サステナビリティ,nonfin,1,0
E00208,受注高,nonfin,0,1
E00208,営業利益,acc,1,1
E00208,営業利益率,ratio,1,1
E00208,売上高,acc,1,0
E00208,女性管理職比率,nonfin,1,0
E00208,当期純利益,acc,1,1
E00208,当期純利益率,ratio,1,0
E00208,経常利益,acc,1,0
E00208,脱炭素/温室効果ガス,nonfin,1,0
E00208,配当性向,stock,1,0
E00208,非財務目標,nonfin,1,0
E00209,SDGs,nonfin,1,0
E00209,経常利益,acc,0,1
E00218,ROE,ratio,1,1
E00218,営業利益,acc,1,0
E00218,売上高,acc,1,0
E00218,当期純利益,acc,0,1
E00218,配当性向,stock,0,1
E00218,非財務指標,nonfin,0,1
E00225,ESG,nonfin,1,1
E00225,PBR,stock,1,1
E00225,ROE,ratio,1,1
E00225,SDGs,nonfin,1,0
E00225,売上高,acc,1,0
E00225,経常利益,acc,1,1
E00225,脱炭素/温室効果ガス,nonfin,0,1
E00225,非財務指標,nonfin,0,1
E00232,DOE,stock,1,0
E00232,ROE,ratio,1,1
E00232,キャッシュフロー,acc,1,0
E00232,サステナビリティ,nonfin,1,0
E00232,売上高,acc,1,0
E00232,当期純利益,acc,0,1
E00232,経常利益,acc,1,0
E00233,DOE,stock,1,0
E00233,EPS,acc,1,0
E00233,ROE,ratio,1,0
E00233,営業利益,acc,1,1
E00233,時価総額,stock,0,1
E00238,PBR,stock,1,0
E00238,ROE,ratio,1,0
E00238,SDGs,nonfin,1,0
E00238,エンゲージメント,nonfin,1,0
E00238,受注高,nonfin,0,1
E00238,営業利益率,ratio,1,0
E00238,売上高,acc,1,1
E00238,配当性向,stock,1,0
E00239,サステナビリティ,nonfin,1,0
E00239,利益率,ratio,1,0
E00239,営業利益,acc,0,1
E00239,営業利益率,ratio,1,0
E00239,売上高,acc,1,0
E00246,ROE,ratio,1,0
E00246,サステナビリティ,nonfin,1,0
E00246,営業利益率,ratio,1,0
E00246,売上高,acc,1,0
E00246,当期純利益,acc,0,1
E00246,配当性向,stock,1,0
E00250,ESG,nonfin,1,1
E00250,SDGs,nonfin,1,0
E00250,受注高,nonfin,0,1
E00250,営業利益,acc,0,1
E00250,売上高,acc,1,1
E00250,配当性向,stock,1,0
E00251,営業利益率,ratio,1,0
E00251,売上総利益率,ratio,1,0
E00251,経常利益,acc,0,1
E00254,EPS,acc,1,0
E00254,ROE,ratio,1,0
E00254,SDGs,nonfin,1,0
E00254,営業利益率,ratio,1,0
E00254,経常利益,acc,0,1
E00254,自己資本比率,ratio,1,0
E00255,ROE,ratio,1,0
E00255,利益率,ratio,1,0
E00255,受注高,nonfin,0,1
E00255,営業利益,acc,0,1
E00255,営業利益率,ratio,1,0
E00255,売上高,acc,1,0
E00255,自己資本比率,ratio,1,0
E00255,配当性向,stock,1,0
E00259,利益率,ratio,1,0
E00259,営業利益率,ratio,1,0
E00259,売上高,acc,1,1
E00259,経常利益,acc,1,0
E00260,ESG,nonfin,1,0
E00260,ESG外部評価,nonfin,1,0
E00260,エンゲージメント,nonfin,1,0
E00260,サステナビリティ,nonfin,1,0
E00260,売上高,acc,1,0
E00260,経常利益,acc,1,1
E00268,DOE,stock,1,0
E00268,ESG,nonfin,1,0
E00268,ROE,ratio,1,0
E00268,サステナビリティ,nonfin,1,0
E00268,当期純利益率,ratio,1,0
E00268,経常利益,acc,0,1
E00268,脱炭素/温室効果ガス,nonfin,1,0
E00268,自己資本比率,ratio,1,0
E00282,キャッシュフロー,acc,1,0
E00282,サステナビリティ,nonfin,1,0
E00282,営業利益,acc,1,1
E00282,売上高,acc,1,0
E00282,当期純利益,acc,0,1
E00285,エンゲージメント,nonfin,0,1
E00285,営業利益,acc,1,1
E00285,売上高,acc,1,0
E00285,定性評価,nonfin,0,1
E00304,ESG,nonfin,1,0
E00304,ROE,ratio,1,1
E00304,エンゲージメント,nonfin,1,0
E00304,営業利益,acc,1,1
E00304,売上高,acc,1,1
E00304,当期純利益,acc,0,1
E00311,PBR,stock,1,0
E00311,ROE,ratio,1,0
E00311,利益率,ratio,1,0
E00311,売上高,acc,1,1
E00311,経常利益,acc,1,1
E00313,DOE,stock,1,0
E00313,PBR,stock,1,0
E00313,ROE,ratio,1,1
E00313,ROIC,ratio,1,0
E00313,WACC,ratio,1,0
E00313,サステナビリティ,nonfin,1,0
E00313,営業利益,acc,1,1
E00313,売上高,acc,1,0
E00313,当期純利益,acc,1,0
E00313,配当性向,stock,1,0
E00315,営業利益,acc,0,1
E00315,当期純利益,acc,0,1
E00315,経常利益率,ratio,1,0
E00316,ROE,ratio,1,0
E00316,ROIC,ratio,1,0
E00316,エンゲージメント,nonfin,1,1
E00316,営業利益,acc,1,1
E00316,当期純利益,acc,0,1
E00316,脱炭素/温室効果ガス,nonfin,1,1
E00316,自己資本比率,ratio,1,0
E00316,非財務指標,nonfin,0,1
E00317,ROE,ratio,1,1
E00317,TSR,stock,0,1
E00317,エンゲージメント,nonfin,1,1
E00317,サステナビリティ,nonfin,1,0
E00317,労働安全,nonfin,0,1
E00317,株主還元率,stock,1,1
E00317,経常利益,acc,1,1
E00317,脱炭素/温室効果ガス,nonfin,1,1
E00317,非財務指標,nonfin,0,1
E00322,ROE,ratio,1,1
E00322,エンゲージメント,nonfin,1,0
E00322,営業利益,acc,1,1
E00322,売上高,acc,1,1
E00322,定性評価,nonfin,0,1
E00322,株主還元率,stock,1,0
E00327,ESG,nonfin,1,0
E00327,ROE,ratio,1,0
E00327,営業利益,acc,1,1
E00327,営業利益率,ratio,1,0
E00327,脱炭素/温室効果ガス,nonfin,1,0
E00331,ESG外部評価,nonfin,0,1
E00331,ROE,ratio,1,1
E00331,ROIC,ratio,1,0
E00331,TSR,stock,0,1
E00331,エンゲージメント,nonfin,1,0
E00331,サステナビリティ,nonfin,0,1
E00331,利益率,ratio,1,0
E00331,営業利益,acc,1,1
E00331,営業利益率,ratio,1,0
E00331,売上高,acc,1,1
E00331,売上高比,ratio,1,0
E00331,当期純利益,acc,1,0
E00331,経常利益,acc,1,0
E00331,配当性向,stock,1,0
E00334,ROE,ratio,1,1
E00334,ROIC,ratio,1,1
E00334,TSR,stock,0,1
E00334,エンゲージメント,nonfin,1,0
E00334,サステナビリティ,nonfin,1,0
E00334,事業利益,acc,1,1
E00334,事業利益率,ratio,1,0
E00334,売上高,acc,1,1
E00334,脱炭素/温室効果ガス,nonfin,1,0
E00334,販売数量,nonfin,1,0
E00335,ROE,ratio,1,0
E00335,サステナビリティ,nonfin,1,0
E00335,営業利益,acc,1,1
E00335,売上高,acc,1,0
E00335,当期純利益,acc,1,0
E00335,脱炭素/温室効果ガス,nonfin,1,0
E00335,販売数量,nonfin,1,0
E00335,配当性向,stock,1,0
E00337,サステナビリティ,nonfin,1,0
E00337,売上高,acc,0,1
E00337,経常利益,acc,0,1
E00341,ESG,nonfin,1,0
E00341,SDGs,nonfin,1,0
E00341,サステナビリティ,nonfin,1,0
E00341,営業利益,acc,1,1
E00341,売上総利益,acc,1,0
E00341,売上高,acc,1,0
E00342,DOE,stock,1,0
E00342,ROE,ratio,0,1
E00342,売上高,acc,1,0
E00342,経常利益,acc,1,0
E00345,ESG,nonfin,1,0
E00345,ROE,ratio,1,1
E00345,ROIC,ratio,1,0
E00345,サステナビリティ,nonfin,1,0
E00345,利益率,ratio,0,1
E00345,営業利益,acc,1,1
E00345,営業利益率,ratio,0,1
E00345,売上高,acc,1,0
E00345,脱炭素/温室効果ガス,nonfin,1,0
E00346,EPS,acc,1,0
E00346,ESG,nonfin,1,0
E00346,ROIC,ratio,1,0
E00346,TSR,stock,1,0
E00346,キャッシュフロー,acc,1,0
E00346,サステナビリティ,nonfin,1,0
E00346,営業利益,acc,1,0
E00346,売上高,acc,1,0
E00346,当期純利益,acc,1,0
E00346,時価総額,stock,0,1
E00346,経常利益,acc,0,1
E00346,脱炭素/温室効果ガス,nonfin,1,1
E00346,配当性向,stock,1,0
E00347,ROA,ratio,1,1
E00347,ROE,ratio,1,1
E00347,サステナビリティ,nonfin,1,0
E00347,営業利益,acc,1,0
E00347,当期純利益,acc,1,1
E00347,時価総額,stock,0,1
E00347,脱炭素/温室効果ガス,nonfin,1,0
E00347,非財務目標,nonfin,1,0
E00348,DOE,stock,1,0
E00348,PBR,stock,1,0
E00348,ROE,ratio,1,1
E00348,ROIC,ratio,1,0
E00348,WACC,ratio,1,0
E00348,キャッシュフロー,acc,1,0
E00348,サステナビリティ,nonfin,1,0
E00348,営業利益,acc,1,0
E00348,営業利益率,ratio,1,0
E00348,女性管理職比率,nonfin,0,1
E00348,経常利益,acc,0,1
E00348,脱炭素/温室効果ガス,nonfin,0,1
E00348,配当性向,stock,1,0
E00348,非財務目標,nonfin,0,1
E00351,営業利益,acc,1,1
E00351,売上高,acc,1,1
E00351,当期純利益,acc,0,1
E00351,配当性向,stock,1,0
E00355,ROE,ratio,1,0
E00355,営業利益,acc,1,0
E00355,営業損益,acc,1,0
E00355,売上高,acc,0,1
E00355,当期純利益,acc,1,0
E00355,経常利益率,ratio,0,1
E00355,脱炭素/温室効果ガス,nonfin,1,0
E00356,EBITDA,acc,1,1
E00356,ESG,nonfin,0,1
E00356,ROE,ratio,1,0
E00356,ROIC,ratio,1,1
E00356,TSR,stock,0,1
E00356,サステナビリティ,nonfin,1,0
E00356,売上高,acc,1,0
E00356,当期純利益,acc,0,1
E00356,経常利益,acc,0,1
E00360,D/Eレシオ,ratio,1,0
E00360,DOE,stock,1,0
E00360,ROE,ratio,1,1
E00360,利益率,ratio,1,0
E00360,当期純利益,acc,0,1
E00360,経常利益,acc,1,1
E00360,販売数量,nonfin,1,0
E00369,DOE,stock,1,0
E00369,ESG,nonfin,0,1
E00369,NOPAT,acc,1,0
E00369,ROE,ratio,1,0
E00369,ROIC,ratio,1,0
E00369,SDGs,nonfin,1,0
E00369,営業利益,acc,1,1
E00369,営業利益率,ratio,1,0
E00369,売上高,acc,1,0
E00369,売上高比,ratio,1,0
E00371,SDGs,nonfin,1,0
E00371,営業利益,acc,1,0
E00371,営業利益率,ratio,1,0
E00371,売上高,acc,1,0
E00371,売上高比,ratio,1,0
E00371,女性管理職比率,nonfin,1,0
E00371,廃棄物削減,nonfin,1,0
E00371,当期純利益,acc,1,1
E00371,経常利益,acc,1,0
E00371,脱炭素/温室効果ガス,nonfin,1,0
E00371,非財務指標,nonfin,1,0
E00372,営業利益,acc,1,1
E00372,営業利益率,ratio,1,0
E00372,売上高,acc,1,0
E00372,当期純利益,acc,0,1
E00373,ROE,ratio,1,0
E00373,営業利益,acc,1,1
E00373,売上高,acc,1,1
E00378,サステナビリティ,nonfin,1,0
E00378,営業利益,acc,1,0
E00378,売上高,acc,1,0
E00378,当期純利益,acc,1,0
E00378,経常利益,acc,1,1
E00381,ROA,ratio,1,1
E00381,ROE,ratio,1,0
E00381,エンゲージメント,nonfin,1,0
E00381,サステナビリティ,nonfin,1,0
E00381,営業利益,acc,1,0
E00381,営業利益率,ratio,1,1
E00381,売上高,acc,1,1
E00386,ROE,ratio,1,0
E00386,エンゲージメント,nonfin,1,0
E00386,サステナビリティ,nonfin,1,0
E00386,営業利益,acc,0,1
E00386,営業利益率,ratio,1,0
E00386,脱炭素/温室効果ガス,nonfin,1,0
E00389,SDGs,nonfin,1,0
E00389,エンゲージメント,nonfin,1,0
E00389,キャッシュフロー,acc,1,0
E00389,営業利益,acc,0,1
E00389,売上高,acc,1,1
E00389,当期純利益,acc,1,0
E00389,経常利益,acc,1,0
E00393,DOE,stock,1,0
E00393,EBITDA,acc,1,1
E00393,EPS,acc,0,1
E00393,ESG,nonfin,0,1
E00393,ESG外部評価,nonfin,0,1
E00393,ROE,ratio,1,1
E00393,ROIC,ratio,1,0
E00393,エンゲージメント,nonfin,0,1
E00393,キャッシュフロー,acc,1,0
E00393,サステナビリティ,nonfin,1,0
E00393,事業利益,acc,1,0
E00393,事業利益率,ratio,1,0
E00393,売上高,acc,1,0
E00393,女性役員比率,nonfin,1,0
E00393,女性管理職比率,nonfin,1,0
E00393,脱炭素/温室効果ガス,nonfin,1,1
E00393,非財務目標,nonfin,1,0
E00394,DOE,stock,1,0
E00394,EBITDA,acc,1,0
E00394,EPS,acc,1,0
E00394,ROE,ratio,1,0
E00394,ROIC,ratio,1,0
E00394,WACC,ratio,1,0
E00394,サステナビリティ,nonfin,1,1
E00394,事業利益,acc,1,0
E00394,当期純利益,acc,1,0
E00395,DOE,stock,1,0
E00395,EPS,acc,1,1
E00395,ESG外部評価,nonfin,0,1
E00395,PER,stock,1,0
E00395,ROIC,ratio,1,1
E00395,SDGs,nonfin,0,1
E00395,エンゲージメント,nonfin,1,1
E00395,キャッシュフロー,acc,1,0
E00395,サステナビリティ,nonfin,1,0
E00395,フリーキャッシュフロー,acc,1,0
E00395,事業利益,acc,1,1
E00395,当期純利益,acc,1,0
E00395,非財務指標,nonfin,0,1
E00395,非財務目標,nonfin,1,0
E00396,ROE,ratio,1,0
E00396,ROIC,ratio,1,0
E00396,WACC,ratio,1,0
E00396,キャッシュフロー,acc,1,0
E00396,サステナビリティ,nonfin,1,0
E00396,営業利益,acc,1,1
E00396,営業利益率,ratio,1,0
E00396,売上高,acc,1,0
E00396,株主還元率,stock,1,0
E00397,ESG,nonfin,1,0
E00397,ROE,ratio,1,1
E00397,売上高,acc,1,0
E00397,経常利益,acc,1,1
E00397,経常利益率,ratio,1,0
E00397,販売数量,nonfin,1,0
E00400,ROE,ratio,1,0
E00400,営業利益,acc,0,1
E00400,営業利益率,ratio,1,0
E00400,売上高,acc,0,1
E00406,EPS,acc,1,0
E00406,ROE,ratio,1,0
E00406,営業利益,acc,1,1
E00406,売上高,acc,1,1
E00408,ROE,ratio,1,0
E00408,経常利益,acc,0,1
E00410,EBITDA,acc,1,0
E00410,ROE,ratio,1,0
E00410,サステナビリティ,nonfin,1,0
E00410,営業利益,acc,0,1
E00410,売上高,acc,1,1
E00414,DOE,stock,0,1
E00414,EPS,acc,0,1
E00414,ESG,nonfin,0,1
E00414,ROE,ratio,0,1
E00414,キャッシュフロー,acc,0,1
E00414,サステナビリティ,nonfin,1,0
E00414,営業利益,acc,0,1
E00414,売上高,acc,0,1
E00417,DOE,stock,1,0
E00417,ROE,ratio,0,1
E00417,ROI,ratio,1,0
E00417,ROIC,ratio,1,0
E00417,サステナビリティ,nonfin,1,0
E00417,事業利益,acc,1,1
E00417,売上収益,acc,0,1
E00417,売上高,acc,0,1
E00417,販売数量,nonfin,0,1
E00417,配当性向,stock,1,0
E00424,ROIC,ratio,1,0
E00424,キャッシュフロー,acc,1,0
E00424,サステナビリティ,nonfin,1,0
E00424,営業利益,acc,1,1
E00424,営業利益率,ratio,1,0
E00424,売上高,acc,1,1
E00424,脱炭素/温室効果ガス,nonfin,1,0
E00424,自己資本比率,ratio,1,0
E00428,ESG,nonfin,0,1
E00428,ROE,ratio,1,1
E00428,ROIC,ratio,1,1
E00428,サステナビリティ,nonfin,1,1
E00428,利益率,ratio,1,0
E00428,営業利益,acc,1,1
E00428,売上高,acc,1,0
E00428,脱炭素/温室効果ガス,nonfin,0,1
E00431,EPS,acc,0,1
E00431,ESG,nonfin,1,1
E00431,ROE,ratio,1,1
E00431,ROIC,ratio,1,1
E00431,エンゲージメント,nonfin,0,1
E00431,キャッシュフロー,acc,1,0
E00431,サステナビリティ,nonfin,1,0
E00431,事業利益,acc,1,1
E00431,当期純利益,acc,0,1
E00431,棚卸資産回転率,ratio,1,0
E00431,脱炭素/温室効果ガス,nonfin,1,0
E00431,配当性向,stock,1,0
E00433,ROE,ratio,1,0
E00433,当期純利益,acc,0,1
E00434,EPS,acc,0,1
E00434,ROE,ratio,0,1
E00434,ROIC,ratio,0,1
E00434,サステナビリティ,nonfin,1,0
E00434,利益率,ratio,1,0
E00434,営業利益,acc,0,1
E00434,売上高,acc,0,1
E00434,女性管理職比率,nonfin,1,0
E00434,廃棄物削減,nonfin,1,0
E00434,脱炭素/温室効果ガス,nonfin,1,0
E00435,ESG,nonfin,0,1
E00435,ROE,ratio,1,0
E00435,キャッシュフロー,acc,1,0
E00435,事業利益,acc,0,1
E00435,事業利益率,ratio,1,1
E00435,利益率,ratio,1,0
E00435,売上収益,acc,0,1
E00435,税引前利益,acc,0,1
E00436,EBITDA,acc,1,0
E00436,ROIC,ratio,1,1
E00436,TSR,stock,0,1
E00436,エンゲージメント,nonfin,0,1
E00436,キャッシュフロー,acc,1,0
E00436,サステナビリティ,nonfin,1,0
E00436,事業利益,acc,0,1
E00436,営業利益,acc,0,1
E00436,売上高,acc,0,1
E00436,女性管理職比率,nonfin,0,1
E00436,当期純利益,acc,0,1
E00436,時価総額,stock,0,1
E00436,脱炭素/温室効果ガス,nonfin,0,1
E00439,ESG,nonfin,1,0
E00439,ROIC,ratio,1,0
E00439,エンゲージメント,nonfin,1,0
E00439,サステナビリティ,nonfin,1,1
E00439,営業利益,acc,0,1
E00439,当期純利益,acc,0,1
E00439,脱炭素/温室効果ガス,nonfin,1,0
E00443,D/Eレシオ,ratio,1,0
E00443,EBITDA,acc,1,0
E00443,ROIC,ratio,1,0
E00443,SDGs,nonfin,1,0
E00443,エンゲージメント,nonfin,1,0
E00443,サステナビリティ,nonfin,1,0
E00443,売上高,acc,1,0
E00443,経常利益,acc,1,1
E00443,脱炭素/温室効果ガス,nonfin,1,0
E00443,配当性向,stock,1,0
E00444,EPS,acc,1,0
E00444,ROE,ratio,1,0
E00444,ROIC,ratio,1,0
E00444,エンゲージメント,nonfin,1,0
E00444,サステナビリティ,nonfin,1,0
E00444,事業利益,acc,1,1
E00444,事業利益率,ratio,0,1
E00444,売上収益,acc,1,1
E00444,当期純利益,acc,1,1
E00444,当期純利益率,ratio,1,0
E00444,株主還元率,stock,1,0
E00444,脱炭素/温室効果ガス,nonfin,1,0
E00444,販売数量,nonfin,1,0
E00446,DOE,stock,1,0
E00446,EBITDA,acc,1,1
E00446,EPS,acc,1,0
E00446,ESG,nonfin,0,1
E00446,ESG外部評価,nonfin,0,1
E00446,ROE,ratio,1,0
E00446,ROIC,ratio,1,1
E00446,エンゲージメント,nonfin,0,1
E00446,キャッシュフロー,acc,1,0
E00446,サステナビリティ,nonfin,1,1
E00446,営業利益,acc,1,1
E00446,売上高,acc,1,0
E00446,売上高比,ratio,1,0
E00446,女性管理職比率,nonfin,0,1
E00446,当期純利益,acc,1,1
E00446,脱炭素/温室効果ガス,nonfin,1,1
E00448,ROE,ratio,1,0
E00448,エンゲージメント,nonfin,1,0
E00448,サステナビリティ,nonfin,1,0
E00448,営業利益,acc,1,1
E00448,営業利益率,ratio,1,0
E00448,売上高,acc,1,0
E00448,技術力強化,nonfin,1,0
E00448,脱炭素/温室効果ガス,nonfin,1,0
E00448,非財務目標,nonfin,1,0
E00452,ROE,ratio,1,0
E00452,営業利益,acc,1,1
E00452,営業利益率,ratio,1,0
E00452,売上高,acc,1,1
E00452,売上高比,ratio,1,0
E00452,非財務目標,nonfin,1,0
E00458,ESG,nonfin,0,1
E00458,ESG外部評価,nonfin,1,0
E00458,ROE,ratio,1,1
E00458,エンゲージメント,nonfin,1,0
E00458,サステナビリティ,nonfin,1,0
E00458,営業利益,acc,1,1
E00458,営業利益率,ratio,1,0
E00458,売上高,acc,1,0
E00458,廃棄物削減,nonfin,1,0
E00458,脱炭素/温室効果ガス,nonfin,1,0
E00461,ROE,ratio,1,0
E00461,サステナビリティ,nonfin,1,0
E00461,営業利益,acc,1,0
E00461,売上高,acc,1,0
E00461,株主還元率,stock,1,0
E00461,経常利益,acc,0,1
E00461,配当性向,stock,1,0
E00462,DOE,stock,1,0
E00462,EBITDA,acc,1,1
E00462,ROA,ratio,1,0
E00462,ROE,ratio,1,0
E00462,ROIC,ratio,1,1
E00462,ROS,ratio,1,0
E00462,キャッシュフロー,acc,1,0
E00462,売上高,acc,1,0
E00462,女性管理職比率,nonfin,1,0
E00462,廃棄物削減,nonfin,0,1
E00462,脱炭素/温室効果ガス,nonfin,1,1
E00462,自己資本比率,ratio,1,0
E00462,限界利益,acc,1,0
E00462,非財務指標,nonfin,0,1
E00462,非財務目標,nonfin,0,1
E00464,ROE,ratio,1,1
E00464,エンゲージメント,nonfin,1,0
E00464,キャッシュフロー,acc,1,0
E00464,サステナビリティ,nonfin,1,0
E00464,事業利益率,ratio,1,0
E00464,営業利益,acc,0,1
E00464,売上高,acc,0,1
E00464,株主還元率,stock,1,0
E00465,EPS,acc,1,0
E00465,ROA,ratio,1,0
E00465,ROE,ratio,1,0
E00465,利益率,ratio,1,0
E00465,売上高,acc,1,0
E00465,当期純利益率,ratio,1,0
E00465,経常利益,acc,0,1
E00467,営業利益,acc,1,1
E00467,売上高,acc,1,0
E00467,経常利益,acc,1,0
E00473,ROE,ratio,1,0
E00473,サステナビリティ,nonfin,1,0
E00473,売上高,acc,1,1
E00473,経常利益,acc,0,1
E00473,経常利益率,ratio,1,0
E00474,ROE,ratio,1,1
E00474,当期純利益,acc,1,1
E00474,脱炭素/温室効果ガス,nonfin,1,0
E00476,ESG,nonfin,1,0
E00476,ROE,ratio,1,1
E00476,ROIC,ratio,1,0
E00476,SDGs,nonfin,1,0
E00476,サステナビリティ,nonfin,1,1
E00476,営業利益,acc,1,1
E00476,営業利益率,ratio,0,1
E00476,売上高,acc,1,1
E00476,脱炭素/温室効果ガス,nonfin,1,1
E00476,自己資本比率,ratio,1,0
E00481,PBR,stock,1,0
E00481,ROE,ratio,1,0
E00481,キャッシュフロー,acc,1,0
E00481,サステナビリティ,nonfin,1,0
E00481,営業利益,acc,0,1
E00481,営業利益率,ratio,1,0
E00481,売上高,acc,1,0
E00481,当期純利益率,ratio,1,0
E00482,エンゲージメント,nonfin,1,0
E00482,利益率,ratio,1,0
E00482,営業利益,acc,0,1
E00482,営業利益率,ratio,1,1
E00482,当期純利益,acc,0,1
E00486,DOE,stock,1,0
E00486,ROE,ratio,1,0
E00486,営業利益,acc,0,1
E00486,営業利益率,ratio,0,1
E00486,売上高,acc,1,1
E00486,当期純利益,acc,1,1
E00491,ROE,ratio,1,1
E00491,エンゲージメント,nonfin,1,0
E00491,サステナビリティ,nonfin,1,0
E00491,営業利益,acc,1,1
E00491,売上高,acc,0,1
E00491,当期純利益,acc,0,1
E00491,経常利益,acc,0,1
E00492,ESG,nonfin,0,1
E00492,ROI,ratio,1,0
E00492,キャッシュフロー,acc,1,0
E00492,利益率,ratio,1,0
E00492,営業利益,acc,1,1
E00492,定性評価,nonfin,0,1
E00492,当期純利益,acc,0,1
E00492,脱炭素/温室効果ガス,nonfin,0,1
E00492,販売数量,nonfin,0,1
E00492,配当性向,stock,1,0
E00493,D/Eレシオ,ratio,1,0
E00493,EBITDA,acc,1,0
E00493,ROE,ratio,0,1
E00493,ROIC,ratio,1,1
E00493,サステナビリティ,nonfin,1,0
E00493,営業利益,acc,0,1
E00493,売上高,acc,1,0
E00493,売上高比,ratio,1,0
E00493,当期純利益,acc,0,1
E00493,経常利益,acc,0,1
E00494,ESG,nonfin,1,0
E00494,SDGs,nonfin,1,0
E00494,キャッシュフロー,acc,1,0
E00494,サステナビリティ,nonfin,1,0
E00494,営業利益,acc,0,1
E00494,販売数量,nonfin,1,0
E00496,ROE,ratio,1,0
E00496,営業利益,acc,0,1
E00496,当期純利益,acc,0,1
E00501,SDGs,nonfin,1,0
E00501,売上高,acc,1,1
E00501,当期純利益,acc,1,0
E00501,経常利益,acc,1,1
E00506,ROE,ratio,1,0
E00506,SDGs,nonfin,1,0
E00506,キャッシュフロー,acc,1,0
E00506,サステナビリティ,nonfin,1,0
E00506,営業利益,acc,1,1
E00506,営業利益率,ratio,1,0
E00506,売上高,acc,1,0
E00506,当期純利益,acc,1,0
E00506,経常利益,acc,1,0
E00511,EBITDA,acc,1,0
E00511,エンゲージメント,nonfin,1,0
E00511,時価総額,stock,0,1
E00511,経常利益,acc,0,1
E00511,経常利益率,ratio,1,0
E00511,販売数量,nonfin,1,0
E00513,利益率,ratio,1,0
E00513,営業利益,acc,1,1
E00513,当期純利益,acc,1,1
E00513,脱炭素/温室効果ガス,nonfin,1,0
E00514,EBITDA,acc,1,0
E00514,サステナビリティ,nonfin,1,0
E00514,営業利益,acc,0,1
E00514,売上高比,ratio,1,0
E00514,株主還元率,stock,1,0
E00520,ESG,nonfin,0,1
E00520,PBR,stock,1,0
E00520,PER,stock,1,0
E00520,ROE,ratio,1,0
E00520,ROIC,ratio,1,0
E00520,TSR,stock,0,1
E00520,WACC,ratio,1,0
E00520,エンゲージメント,nonfin,1,0
E00520,キャッシュフロー,acc,1,0
E00520,営業利益,acc,1,0
E00520,売上高,acc,1,0
E00520,女性管理職比率,nonfin,1,0
E00520,株主還元率,stock,1,0
E00520,脱炭素/温室効果ガス,nonfin,1,1
E00520,非財務目標,nonfin,1,0
E00521,ROE,ratio,1,0
E00521,営業利益,acc,1,1
E00521,売上高,acc,1,1
E00521,配当性向,stock,1,0
E00521,非財務指標,nonfin,0,1
E00523,ROE,ratio,1,0
E00523,サステナビリティ,nonfin,1,0
E00523,事業利益,acc,1,0
E00523,経常利益,acc,1,1
E00523,連結利益,acc,1,0
E00524,EBITDA,acc,0,1
E00524,サステナビリティ,nonfin,1,0
E00524,事業利益,acc,0,1
E00524,定性評価,nonfin,0,1
E00525,EBITDA,acc,1,1
E00525,PBR,stock,1,0
E00525,ROA,ratio,1,1
E00525,ROE,ratio,1,1
E00525,ROIC,ratio,1,0
E00525,エンゲージメント,nonfin,1,0
E00525,キャッシュフロー,acc,1,0
E00525,サステナビリティ,nonfin,1,0
E00525,利益率,ratio,1,0
E00525,営業利益,acc,1,1
E00525,営業利益率,ratio,1,0
E00525,売上高,acc,1,0
E00525,当期純利益,acc,1,0
E00525,脱炭素/温室効果ガス,nonfin,1,1
E00525,非財務指標,nonfin,0,1
E00527,ESG,nonfin,0,1
E00527,ROE,ratio,0,1
E00527,ROIC,ratio,0,1
E00527,キャッシュフロー,acc,1,0
E00527,営業利益,acc,1,1
E00527,売上高,acc,1,1
E00527,当期純利益,acc,1,1
E00527,自己資本比率,ratio,1,0
E00528,ROA,ratio,1,0
E00528,ROE,ratio,1,1
E00528,ROIC,ratio,1,0
E00528,SDGs,nonfin,1,0
E00528,サステナビリティ,nonfin,1,0
E00528,営業利益,acc,1,1
E00528,売上高,acc,1,0
E00528,当期純利益率,ratio,1,0
E00529,ROE,ratio,1,0
E00529,ROIC,ratio,1,0
E00529,サステナビリティ,nonfin,1,0
E00529,営業利益,acc,1,1
E00529,売上高,acc,0,1
E00530,ROA,ratio,1,0
E00530,ROE,ratio,1,0
E00530,ROIC,ratio,1,0
E00530,エンゲージメント,nonfin,1,0
E00530,キャッシュフロー,acc,1,0
E00530,サステナビリティ,nonfin,1,0
E00530,営業利益,acc,1,1
E00530,売上高,acc,1,1
E00530,当期純利益,acc,1,0
E00530,経常利益,acc,1,0
E00530,脱炭素/温室効果ガス,nonfin,1,0
E00530,自己資本比率,ratio,1,0
E00542,D/Eレシオ,ratio,1,0
E00542,EBITDA,acc,1,0
E00542,ROE,ratio,1,1
E00542,ROIC,ratio,1,0
E00542,WACC,ratio,1,0
E00542,サステナビリティ,nonfin,1,0
E00542,営業利益,acc,1,1
E00542,売上高,acc,1,0
E00542,脱炭素/温室効果ガス,nonfin,1,0
E00542,自己資本比率,ratio,1,0
E00542,配当性向,stock,1,0
E00544,キャッシュフロー,acc,0,1
E00544,営業利益,acc,1,0
E00544,営業利益率,ratio,1,0
E00544,売上高,acc,1,1
E00544,当期純利益,acc,0,1
E00550,ROE,ratio,1,0
E00550,キャッシュフロー,acc,1,0
E00550,利益率,ratio,1,0
E00550,営業利益,acc,1,1
E00550,売上高,acc,1,0
E00552,DOE,stock,1,0
E00552,ROE,ratio,1,0
E00552,ROIC,ratio,1,0
E00552,SDGs,nonfin,1,0
E00552,営業利益,acc,1,1
E00552,売上高,acc,1,1
E00552,当期純利益,acc,1,1
E00552,時価総額,stock,0,1
E00552,株主還元率,stock,1,0
E00552,経常利益,acc,1,1
E00552,脱炭素/温室効果ガス,nonfin,1,0
E00552,配当性向,stock,1,0
E00558,営業利益,acc,1,0
E00558,営業利益率,ratio,1,0
E00558,売上高,acc,1,0
E00558,当期純利益,acc,0,1
E00558,経常利益,acc,0,1
E00559,キャッシュフロー,acc,1,0
E00559,営業利益,acc,1,1
E00559,株主還元率,stock,1,0
E00559,経常利益,acc,1,0
E00559,配当性向,stock,1,0
E00562,PBR,stock,1,0
E00562,PER,stock,1,0
E00562,ROE,ratio,1,0
E00562,サステナビリティ,nonfin,1,0
E00562,当期純利益,acc,0,1
E00567,ROE,ratio,0,1
E00567,ROIC,ratio,0,1
E00567,営業利益,acc,1,1
E00567,営業損益,acc,1,0
E00567,売上高,acc,0,1
E00567,当期純利益,acc,0,1
E00569,DOE,stock,1,0
E00569,ROE,ratio,1,0
E00569,SDGs,nonfin,1,0
E00569,営業利益,acc,0,1
E00570,ROE,ratio,1,0
E00570,ROIC,ratio,1,0
E00570,営業利益,acc,1,0
E00570,売上高,acc,1,0
E00570,経常利益,acc,1,1
E00571,TSR,stock,1,1
E00571,サステナビリティ,nonfin,1,0
E00571,経常利益率,ratio,1,1
E00572,SDGs,nonfin,1,0
E00572,サステナビリティ,nonfin,1,0
E00572,経常利益,acc,0,1
E00572,販売数量,nonfin,1,0
E00573,DOE,stock,1,0
E00573,EPS,acc,0,1
E00573,ROE,ratio,1,0
E00573,営業利益,acc,1,0
E00573,売上高,acc,1,0
E00573,経常利益,acc,0,1
E00576,SDGs,nonfin,1,0
E00576,営業利益,acc,0,1
E00576,売上高,acc,0,1
E00576,当期純利益,acc,0,1
E00576,経常利益,acc,0,1
E00584,ESG,nonfin,1,0
E00584,ROE,ratio,1,1
E00584,営業利益,acc,1,0
E00584,売上高,acc,1,0
E00584,当期純利益,acc,0,1
E00584,経常利益,acc,0,1
E00584,脱炭素/温室効果ガス,nonfin,1,0
E00590,EPS,acc,1,0
E00590,PBR,stock,1,0
E00590,PER,stock,1,0
E00590,ROE,ratio,1,0
E00590,ROIC,ratio,1,1
E00590,キャッシュフロー,acc,1,0
E00590,サステナビリティ,nonfin,1,0
E00590,事業利益,acc,1,1
E00590,事業利益率,ratio,1,0
E00590,営業利益,acc,1,1
E00590,営業利益率,ratio,1,0
E00590,売上収益,acc,1,1
E00590,棚卸資産回転率,ratio,1,0
E00591,ROE,ratio,1,0
E00591,エンゲージメント,nonfin,1,0
E00591,キャッシュフロー,acc,1,0
E00591,営業利益,acc,1,1
E00591,営業利益率,ratio,1,0
E00591,売上高,acc,1,0
E00593,DOE,stock,1,0
E00593,PBR,stock,1,0
E00593,ROE,ratio,1,0
E00593,営業利益,acc,1,1
E00593,営業利益率,ratio,1,0
E00593,売上総利益率,ratio,1,0
E00593,売上高,acc,1,0
E00593,当期純利益,acc,1,1
E00593,経常利益,acc,1,0
E00600,ROE,ratio,1,0
E00600,売上総利益,acc,1,0
E00600,経常利益,acc,0,1
E00603,ESG,nonfin,0,1
E00603,ROE,ratio,1,1
E00603,キャッシュフロー,acc,0,1
E00603,サステナビリティ,nonfin,1,1
E00603,利益率,ratio,0,1
E00603,営業利益,acc,0,1
E00603,売上高,acc,0,1
E00603,経常利益,acc,0,1
E00604,営業利益,acc,1,0
E00604,売上高,acc,1,0
E00604,当期純利益,acc,1,1
E00604,株価成長率,stock,0,1
E00604,経常利益,acc,1,0
E00605,キャッシュフロー,acc,1,0
E00605,営業利益,acc,1,1
E00605,売上総利益,acc,1,0
E00605,売上高,acc,1,0
E00605,経常利益,acc,1,1
E00605,販売数量,nonfin,1,0
E00609,SDGs,nonfin,1,0
E00609,エンゲージメント,nonfin,1,0
E00609,キャッシュフロー,acc,1,0
E00609,営業利益率,ratio,1,0
E00609,売上高,acc,1,1
E00609,経常利益,acc,0,1
E00617,ROE,ratio,1,0
E00617,売上高,acc,1,0
E00617,当期純利益,acc,0,1
E00630,ROE,ratio,1,0
E00630,サステナビリティ,nonfin,1,0
E00630,売上高,acc,1,1
E00630,当期純利益,acc,0,1
E00630,経常利益,acc,0,1
E00630,自己資本比率,ratio,1,0
E00631,EBITDA,acc,1,0
E00631,PBR,stock,1,0
E00631,ROE,ratio,1,0
E00631,サステナビリティ,nonfin,1,0
E00631,営業利益,acc,1,1
E00631,売上高,acc,1,0
E00631,当期純利益,acc,1,0
E00631,経常利益,acc,1,0
E00631,経常利益率,ratio,1,0
E00632,EBITDA,acc,1,0
E00632,ROIC,ratio,1,0
E00632,SDGs,nonfin,1,0
E00632,営業利益,acc,1,0
E00632,当期純利益,acc,0,1
E00635,ROE,ratio,1,0
E00635,営業利益率,ratio,1,0
E00635,売上高,acc,1,0
E00635,当期純利益,acc,0,1
E00635,自己資本比率,ratio,1,0
E00636,SDGs,nonfin,1,0
E00636,サステナビリティ,nonfin,1,0
E00636,営業利益,acc,1,0
E00636,経常利益,acc,1,1
E00636,経常利益率,ratio,1,0
E00636,脱炭素/温室効果ガス,nonfin,1,0
E00636,自己資本比率,ratio,1,0
E00640,EPS,acc,1,0
E00640,ROE,ratio,1,0
E00640,キャッシュフロー,acc,1,0
E00640,営業利益率,ratio,1,0
E00640,売上高比,ratio,1,0
E00640,当期純利益,acc,0,1
E00642,ROE,ratio,1,1
E00642,ROIC,ratio,0,1
E00642,エンゲージメント,nonfin,0,1
E00642,キャッシュフロー,acc,1,0
E00642,サステナビリティ,nonfin,1,0
E00642,労働安全,nonfin,0,1
E00642,営業利益,acc,1,1
E00642,売上高,acc,0,1
E00642,当期純利益,acc,1,1
E00642,脱炭素/温室効果ガス,nonfin,1,0
E00642,配当性向,stock,1,1
E00642,非財務指標,nonfin,0,1
E00644,ROE,ratio,1,0
E00644,ROIC,ratio,1,0
E00644,SDGs,nonfin,1,0
E00644,営業利益,acc,1,1
E00644,売上高,acc,1,1
E00645,D/Eレシオ,ratio,1,0
E00645,ESG,nonfin,0,1
E00645,ESG外部評価,nonfin,1,0
E00645,ROE,ratio,1,0
E00645,サステナビリティ,nonfin,1,0
E00645,営業利益,acc,1,1
E00645,売上高,acc,1,1
E00645,当期純利益,acc,1,0
E00645,経常利益,acc,0,1
E00645,脱炭素/温室効果ガス,nonfin,1,0
E00650,ROE,ratio,1,0
E00650,キャッシュフロー,acc,0,1
E00650,営業利益,acc,1,0
E00650,売上高,acc,1,0
E00650,売上高比,ratio,1,0
E00650,経常利益,acc,1,1
E00652,ROA,ratio,0,1
E00652,ROE,ratio,1,0
E00652,キャッシュフロー,acc,1,0
E00652,営業利益,acc,0,1
E00652,売上高,acc,0,1
E00652,経常利益,acc,0,1
E00659,ROE,ratio,1,0
E00659,サステナビリティ,nonfin,1,0
E00659,営業利益,acc,0,1
E00659,売上高,acc,1,0
E00659,経常利益,acc,1,1
E00660,D/Eレシオ,ratio,1,0
E00660,ESG,nonfin,0,1
E00660,ROIC,ratio,1,1
E00660,エンゲージメント,nonfin,0,1
E00660,キャッシュフロー,acc,1,0
E00660,営業利益,acc,1,1
E00660,営業利益率,ratio,1,0
E00660,売上高,acc,1,1
E00660,経常利益,acc,1,0
E00660,脱炭素/温室効果ガス,nonfin,1,1
E00664,EBITDA,acc,0,1
E00664,ESG,nonfin,1,0
E00664,SDGs,nonfin,1,0
E00664,売上高,acc,1,0
E00667,サステナビリティ,nonfin,1,0
E00667,営業利益,acc,1,1
E00667,売上高,acc,1,0
E00668,PBR,stock,1,0
E00668,ROE,ratio,1,0
E00668,キャッシュフロー,acc,1,0
E00668,サステナビリティ,nonfin,1,0
E00668,営業利益,acc,1,0
E00668,営業利益率,ratio,1,0
E00668,売上高,acc,1,0
E00668,当期純利益,acc,0,1
E00669,ESG,nonfin,0,1
E00669,ROE,ratio,1,0
E00669,SDGs,nonfin,0,1
E00669,営業利益率,ratio,1,0
E00669,売上高,acc,1,0
E00669,脱炭素/温室効果ガス,nonfin,1,0
E00669,非財務指標,nonfin,0,1
E00670,EBITDA,acc,1,1
E00670,ROE,ratio,1,1
E00670,TSR,stock,0,1
E00670,キャッシュフロー,acc,1,0
E00670,サステナビリティ,nonfin,0,1
E00670,営業利益,acc,1,1
E00670,売上総利益,acc,0,1
E00670,売上高,acc,1,1
E00670,売上高比,ratio,1,0
E00670,当期純利益率,ratio,1,0
E00670,配当性向,stock,1,0
E00670,非財務指標,nonfin,0,1
E00670,非財務目標,nonfin,0,1
E00674,ROE,ratio,1,0
E00674,エンゲージメント,nonfin,1,0
E00674,営業利益,acc,1,1
E00674,売上高,acc,1,1
E00674,配当性向,stock,1,0
E00678,ESG,nonfin,0,1
E00678,ESG外部評価,nonfin,0,1
E00678,ROE,ratio,1,0
E00678,コア営業利益,acc,0,1
E00678,サステナビリティ,nonfin,0,1
E00678,売上高,acc,1,1
E00678,定性評価,nonfin,0,1
E00678,当期純利益,acc,0,1
E00679,ROIC,ratio,1,0
E00679,SDGs,nonfin,1,0
E00679,キャッシュフロー,acc,1,0
E00679,利益率,ratio,1,0
E00679,営業利益,acc,1,1
E00679,営業利益率,ratio,1,0
E00679,売上高,acc,1,1
E00685,ESG,nonfin,1,0
E00685,PBR,stock,1,0
E00685,ROE,ratio,1,0
E00685,エンゲージメント,nonfin,1,0
E00685,営業利益,acc,1,1
E00685,売上高,acc,1,1
E00690,サステナビリティ,nonfin,1,0
E00690,営業利益,acc,1,1
E00690,売上高,acc,1,1
E00691,DOE,stock,1,0
E00691,PBR,stock,1,0
E00691,PER,stock,1,0
E00691,ROA,ratio,1,0
E00691,ROE,ratio,1,0
E00691,ROIC,ratio,1,0
E00691,営業利益,acc,1,1
E00691,定性評価,nonfin,0,1
E00691,当期純利益,acc,1,0
E00691,経常利益,acc,1,1
E00691,脱炭素/温室効果ガス,nonfin,1,0
E00691,配当性向,stock,1,0
E00692,ESG,nonfin,1,1
E00692,Non-GAAP営業利益,acc,1,1
E00692,ROE,ratio,1,1
E00692,SDGs,nonfin,0,1
E00692,TSR,stock,0,1
E00692,エンゲージメント,nonfin,0,1
E00692,サステナビリティ,nonfin,1,0
E00692,営業利益,acc,1,1
E00692,時価総額,stock,0,1
E00692,脱炭素/温室効果ガス,nonfin,0,1
E00692,非財務指標,nonfin,0,1
E00693,PBR,stock,1,0
E00693,ROE,ratio,1,1
E00693,キャッシュフロー,acc,1,0
E00693,サステナビリティ,nonfin,1,1
E00693,営業利益,acc,1,1
E00693,当期純利益,acc,0,1
E00693,脱炭素/温室効果ガス,nonfin,1,1
E00693,配当性向,stock,1,0
E00693,非財務指標,nonfin,0,1
E00695,ROE,ratio,1,1
E00695,TSR,stock,0,1
E00695,営業利益,acc,1,1
E00695,売上高,acc,1,1
E00695,売上高比,ratio,1,0
E00695,経常利益,acc,0,1
E00703,ESG,nonfin,0,1
E00703,ROE,ratio,1,1
E00703,エンゲージメント,nonfin,0,1
E00703,サステナビリティ,nonfin,1,0
E00703,利益率,ratio,1,0
E00703,営業利益,acc,0,1
E00703,営業利益率,ratio,1,0
E00703,売上高,acc,1,1
E00703,女性管理職比率,nonfin,0,1
E00703,脱炭素/温室効果ガス,nonfin,0,1
E00705,エンゲージメント,nonfin,1,0
E00705,サステナビリティ,nonfin,1,0
E00705,営業利益,acc,1,1
E00705,営業利益率,ratio,1,0
E00705,売上高,acc,1,0
E00707,DOE,stock,1,0
E00707,EBITDA,acc,1,0
E00707,ROE,ratio,1,0
E00707,サステナビリティ,nonfin,0,1
E00707,営業利益,acc,1,0
E00707,営業利益率,ratio,0,1
E00707,営業損益,acc,0,1
E00707,売上高,acc,1,1
E00707,当期純利益,acc,1,1
E00707,経常利益,acc,1,0
E00707,非財務指標,nonfin,0,1
E00708,ESG,nonfin,1,0
E00708,PBR,stock,1,0
E00708,ROE,ratio,1,0
E00708,ROS,ratio,1,0
E00708,SDGs,nonfin,1,0
E00708,サステナビリティ,nonfin,1,0
E00708,当期純利益,acc,0,1
E00708,当期純利益率,ratio,1,0
E00708,経常利益,acc,0,1
E00708,経常利益率,ratio,1,0
E00710,ESG,nonfin,1,0
E00710,ROE,ratio,1,1
E00710,サステナビリティ,nonfin,1,0
E00710,営業利益,acc,1,1
E00710,営業利益率,ratio,1,0
E00710,売上高,acc,1,1
E00710,当期純利益,acc,1,1
E00711,SDGs,nonfin,1,0
E00711,サステナビリティ,nonfin,1,0
E00711,営業利益,acc,1,0
E00711,営業利益率,ratio,1,0
E00711,売上高,acc,1,0
E00711,当期純利益,acc,1,0
E00711,経常利益,acc,1,1
E00711,経常利益率,ratio,1,0
E00714,DOE,stock,1,0
E00714,営業利益,acc,0,1
E00714,営業利益率,ratio,1,0
E00714,売上高,acc,1,0
E00716,ESG,nonfin,1,0
E00716,ROE,ratio,0,1
E00716,サステナビリティ,nonfin,1,0
E00716,営業利益,acc,0,1
E00716,営業利益率,ratio,0,1
E00716,売上収益,acc,1,1
E00716,定性評価,nonfin,0,1
E00716,当期純利益,acc,0,1
E00716,当期純利益率,ratio,0,1
E00716,配当性向,stock,1,0
E00717,EBITDA,acc,1,0
E00717,ROE,ratio,1,0
E00717,営業利益,acc,1,1
E00717,営業利益率,ratio,1,0
E00717,売上高,acc,1,0
E00717,当期純利益,acc,1,1
E00717,限界利益率,ratio,1,0
E00720,PBR,stock,1,0
E00720,ROE,ratio,1,0
E00720,エンゲージメント,nonfin,1,0
E00720,サステナビリティ,nonfin,1,0
E00720,営業利益,acc,1,0
E00720,営業利益率,ratio,1,0
E00720,売上高,acc,1,0
E00720,女性管理職比率,nonfin,1,0
E00720,当期純利益,acc,1,1
E00720,経常利益,acc,1,0
E00720,脱炭素/温室効果ガス,nonfin,1,0
E00720,配当性向,stock,1,0
E00720,非財務指標,nonfin,1,0
E00725,PBR,stock,1,0
E00725,ROE,ratio,1,0
E00725,キャッシュフロー,acc,1,0
E00725,営業利益,acc,0,1
E00725,営業利益率,ratio,1,0
E00725,売上高,acc,1,1
E00725,脱炭素/温室効果ガス,nonfin,1,0
E00725,配当性向,stock,1,0
E00734,ESG,nonfin,1,0
E00734,ROI,ratio,1,0
E00734,営業利益,acc,0,1
E00751,D/Eレシオ,ratio,1,0
E00751,EBITDA,acc,1,1
E00751,ROE,ratio,0,1
E00751,ROIC,ratio,1,1
E00751,SDGs,nonfin,0,1
E00751,TSR,stock,1,1
E00751,エンゲージメント,nonfin,0,1
E00751,サステナビリティ,nonfin,1,1
E00751,売上収益,acc,1,0
E00752,ESG,nonfin,0,1
E00752,ROE,ratio,1,1
E00752,ROI,ratio,0,1
E00752,ROIC,ratio,1,1
E00752,コア営業利益,acc,1,1
E00752,売上収益,acc,0,1
E00752,当期純利益,acc,0,1
E00752,時価総額,stock,0,1
E00752,資産合計,acc,0,1
E00755,サステナビリティ,nonfin,1,0
E00755,営業利益,acc,0,1
E00755,売上高,acc,0,1
E00755,廃棄物削減,nonfin,1,0
E00755,時価総額,stock,0,1
E00755,脱炭素/温室効果ガス,nonfin,1,0
E00759,EBITDA,acc,0,1
E00759,ESG,nonfin,0,1
E00759,ROE,ratio,1,1
E00759,TSR,stock,0,1
E00759,サステナビリティ,nonfin,1,0
E00759,営業利益,acc,1,0
E00759,営業利益率,ratio,1,0
E00759,売上高,acc,1,0
E00759,当期純利益,acc,0,1
E00759,当期純利益率,ratio,1,0
E00759,時価総額,stock,0,1
E00759,株主還元率,stock,1,0
E00759,経常利益,acc,1,0
E00759,脱炭素/温室効果ガス,nonfin,1,1
E00759,配当性向,stock,1,0
E00759,非財務指標,nonfin,1,0
E00760,ROE,ratio,1,0
E00760,ROIC,ratio,1,0
E00760,営業利益,acc,1,0
E00760,売上高,acc,1,0
E00760,経常利益,acc,0,1
E00760,脱炭素/温室効果ガス,nonfin,1,0
E00760,配当性向,stock,1,0
E00761,EBITDA,acc,1,1
E00761,ESG,nonfin,0,1
E00761,ROE,ratio,1,1
E00761,エンゲージメント,nonfin,1,0
E00761,コア営業利益,acc,1,1
E00761,サステナビリティ,nonfin,1,0
E00761,営業利益,acc,1,1
E00761,廃棄物削減,nonfin,0,1
E00761,当期純利益,acc,0,1
E00761,技術力強化,nonfin,1,0
E00761,脱炭素/温室効果ガス,nonfin,1,1
E00761,自己資本比率,ratio,1,0
E00762,ESG,nonfin,1,0
E00762,ROE,ratio,1,0
E00762,サステナビリティ,nonfin,1,0
E00762,営業利益,acc,1,0
E00762,売上高,acc,1,0
E00762,経常利益,acc,0,1
E00762,脱炭素/温室効果ガス,nonfin,1,0
E00762,販売数量,nonfin,1,0
E00763,エンゲージメント,nonfin,1,0
E00763,売上高,acc,0,1
E00763,経常利益,acc,0,1
E00763,脱炭素/温室効果ガス,nonfin,1,0
E00764,DOE,stock,1,0
E00764,ESG,nonfin,1,0
E00764,ROE,ratio,1,0
E00764,SDGs,nonfin,1,0
E00764,キャッシュフロー,acc,1,0
E00764,サステナビリティ,nonfin,1,0
E00764,営業利益,acc,1,1
E00764,営業利益率,ratio,0,1
E00764,売上高,acc,1,0
E00764,脱炭素/温室効果ガス,nonfin,1,0
E00764,配当性向,stock,1,0
E00765,ESG,nonfin,0,1
E00765,ROE,ratio,1,1
E00765,ROIC,ratio,1,0
E00765,営業利益,acc,1,1
E00765,営業利益率,ratio,1,0
E00765,売上高,acc,1,0
E00765,当期純利益,acc,1,1
E00765,経常利益,acc,1,0
E00765,配当性向,stock,1,0
E00766,ROA,ratio,1,0
E00766,ROE,ratio,1,1
E00766,ROS,ratio,1,0
E00766,営業利益,acc,0,1
E00766,当期純利益,acc,1,1
E00767,サステナビリティ,nonfin,1,0
E00767,営業利益,acc,1,0
E00767,株主還元率,stock,1,0
E00767,経常利益,acc,0,1
E00767,脱炭素/温室効果ガス,nonfin,1,0
E00767,配当性向,stock,1,0
E00768,ESG,nonfin,1,0
E00768,ESG外部評価,nonfin,1,0
E00768,ROE,ratio,1,1
E00768,営業利益,acc,1,1
E00768,営業利益率,ratio,0,1
E00768,売上高,acc,1,0
E00768,当期純利益,acc,1,0
E00768,経常利益,acc,0,1
E00768,脱炭素/温室効果ガス,nonfin,1,0
E00768,非財務目標,nonfin,0,1
E00769,ESG,nonfin,1,0
E00769,PBR,stock,1,0
E00769,ROE,ratio,1,1
E00769,ROIC,ratio,1,0
E00769,TSR,stock,0,1
E00769,サステナビリティ,nonfin,1,0
E00769,営業利益,acc,1,1
E00769,脱炭素/温室効果ガス,nonfin,0,1
E00770,EPS,acc,1,0
E00770,ESG,nonfin,1,0
E00770,PBR,stock,1,0
E00770,ROE,ratio,1,0
E00770,サステナビリティ,nonfin,1,0
E00770,営業利益,acc,1,1
E00770,営業利益率,ratio,1,0
E00770,売上高,acc,1,0
E00770,売上高比,ratio,1,0
E00770,女性管理職比率,nonfin,1,0
E00770,当期純利益率,ratio,1,0
E00770,技術力強化,nonfin,1,0
E00770,株主還元率,stock,1,0
E00770,脱炭素/温室効果ガス,nonfin,1,0
E00770,配当性向,stock,1,0
E00771,SDGs,nonfin,1,0
E00771,サステナビリティ,nonfin,1,0
E00771,営業利益,acc,1,1
E00772,ESG,nonfin,1,0
E00772,PBR,stock,1,0
E00772,ROIC,ratio,1,0
E00772,TSR,stock,0,1
E00772,サステナビリティ,nonfin,1,0
E00772,売上高,acc,1,0
E00772,経常利益,acc,0,1
E00772,脱炭素/温室効果ガス,nonfin,1,0
E00772,自己資本比率,ratio,1,0
E00772,配当性向,stock,1,0
E00774,ROE,ratio,1,0
E00774,ROIC,ratio,1,0
E00774,サステナビリティ,nonfin,1,0
E00774,営業利益,acc,1,1
E00774,当期純利益,acc,1,0
E00774,株主還元率,stock,1,0
E00774,非財務目標,nonfin,0,1
E00775,ESG,nonfin,1,0
E00775,TSR,stock,0,1
E00775,当期純利益,acc,0,1
E00775,株主還元率,stock,0,1
E00777,DOE,stock,1,0
E00777,PBR,stock,1,0
E00777,PER,stock,1,0
E00777,ROE,ratio,1,0
E00777,SDGs,nonfin,1,0
E00777,キャッシュフロー,acc,0,1
E00777,営業利益,acc,1,1
E00777,売上高,acc,1,0
E00777,売上高比,ratio,1,0
E00777,女性管理職比率,nonfin,1,0
E00777,脱炭素/温室効果ガス,nonfin,1,0
E00777,配当性向,stock,1,0
E00777,非財務目標,nonfin,1,0
E00780,DOE,stock,1,0
E00780,PBR,stock,1,0
E00780,ROE,ratio,1,0
E00780,キャッシュコンバージョンサイクル,ratio,1,0
E00780,キャッシュフロー,acc,1,1
E00780,利益率,ratio,0,1
E00780,営業利益,acc,0,1
E00780,営業利益率,ratio,0,1
E00780,売上高,acc,1,0
E00780,経常利益,acc,0,1
E00780,販売数量,nonfin,1,0
E00783,EBITDA,acc,1,0
E00783,NOPAT,acc,1,0
E00783,エンゲージメント,nonfin,1,0
E00783,コア営業利益,acc,1,1
E00783,コア営業利益率,ratio,0,1
E00783,サステナビリティ,nonfin,1,0
E00783,利益率,ratio,1,0
E00783,労働安全,nonfin,1,1
E00783,売上収益,acc,1,1
E00783,女性管理職比率,nonfin,1,0
E00783,廃棄物削減,nonfin,1,0
E00783,当期純利益,acc,0,1
E00783,脱炭素/温室効果ガス,nonfin,1,1
E00783,非財務指標,nonfin,0,1
E00784,EBITDA,acc,1,0
E00784,PBR,stock,1,0
E00784,ROE,ratio,1,0
E00784,サステナビリティ,nonfin,1,0
E00784,営業利益,acc,1,1
E00784,売上高,acc,1,0
E00791,ROE,ratio,1,0
E00791,当期純利益,acc,0,1
E00791,経常利益,acc,0,1
E00792,営業利益,acc,0,1
E00792,売上収益,acc,0,1
E00792,脱炭素/温室効果ガス,nonfin,1,0
E00804,ROE,ratio,1,0
E00804,売上総利益,acc,1,0
E00804,売上総利益率,ratio,1,0
E00804,当期純利益,acc,0,1
E00804,経常利益率,ratio,1,0
E00805,ROE,ratio,1,0
E00805,サステナビリティ,nonfin,1,0
E00805,営業利益,acc,1,1
E00805,売上高,acc,1,1
E00805,当期純利益,acc,0,1
E00806,DOE,stock,1,0
E00806,EBITDA,acc,1,0
E00806,ROE,ratio,1,1
E00806,ROIC,ratio,1,0
E00806,サステナビリティ,nonfin,1,0
E00806,営業利益,acc,1,0
E00806,売上高,acc,1,1
E00806,経常利益,acc,0,1
E00806,脱炭素/温室効果ガス,nonfin,1,0
E00806,配当性向,stock,1,0
E00809,DOE,stock,1,0
E00809,EBITDA,acc,1,0
E00809,ROE,ratio,1,0
E00809,利益率,ratio,1,0
E00809,営業利益,acc,1,1
E00809,営業利益率,ratio,1,0
E00809,売上高,acc,1,1
E00809,自己資本比率,ratio,1,0
E00810,ROIC,ratio,1,0
E00810,エンゲージメント,nonfin,1,0
E00810,サステナビリティ,nonfin,1,0
E00810,営業利益,acc,1,1
E00810,営業利益率,ratio,1,0
E00810,売上高,acc,1,0
E00811,ROE,ratio,0,1
E00811,ROIC,ratio,0,1
E00811,エンゲージメント,nonfin,1,0
E00811,サステナビリティ,nonfin,1,0
E00811,営業利益,acc,0,1
E00811,営業利益率,ratio,0,1
E00811,当期純利益,acc,0,1
E00811,脱炭素/温室効果ガス,nonfin,1,0
E00811,非財務目標,nonfin,1,0
E00815,EBITDA,acc,1,0
E00815,ESG,nonfin,0,1
E00815,ROE,ratio,1,1
E00815,ROIC,ratio,1,1
E00815,サステナビリティ,nonfin,1,1
E00815,営業利益,acc,1,0
E00815,営業利益率,ratio,1,0
E00815,売上高,acc,1,0
E00815,経常利益,acc,1,1
E00815,脱炭素/温室効果ガス,nonfin,1,1
E00815,非財務指標,nonfin,0,1
E00818,DOE,stock,1,0
E00818,EBITDA,acc,1,1
E00818,ROA,ratio,1,0
E00818,ROE,ratio,1,0
E00818,ROIC,ratio,1,1
E00818,キャッシュコンバージョンサイクル,ratio,1,0
E00818,キャッシュフロー,acc,1,0
E00818,営業利益,acc,1,0
E00818,営業利益率,ratio,1,0
E00818,売上高,acc,1,1
E00818,当期純利益,acc,1,0
E00818,株主還元率,stock,1,0
E00818,棚卸資産回転率,ratio,1,0
E00818,脱炭素/温室効果ガス,nonfin,1,0
E00819,ESG外部評価,nonfin,0,1
E00819,ROE,ratio,1,1
E00819,SDGs,nonfin,1,0
E00819,サステナビリティ,nonfin,1,0
E00819,事業利益,acc,1,1
E00819,事業利益率,ratio,1,0
E00819,女性管理職比率,nonfin,0,1
E00819,脱炭素/温室効果ガス,nonfin,0,1
E00819,非財務指標,nonfin,0,1
E00820,D/Eレシオ,ratio,1,0
E00820,DOE,stock,1,0
E00820,EBITDA,acc,1,1
E00820,ESG,nonfin,1,0
E00820,ROE,ratio,1,1
E00820,ROIC,ratio,1,1
E00820,SDGs,nonfin,1,0
E00820,サステナビリティ,nonfin,1,1
E00820,再生可能エネルギー,nonfin,1,0
E00820,営業利益,acc,1,1
E00820,売上高,acc,1,1
E00820,当期純利益,acc,1,0
E00820,株主還元率,stock,1,0
E00820,脱炭素/温室効果ガス,nonfin,1,1
E00820,配当性向,stock,1,0
E00820,限界利益,acc,0,1
E00820,非財務指標,nonfin,0,1
E00821,EBITDA,acc,1,0
E00821,ESG,nonfin,0,1
E00821,ROE,ratio,1,0
E00821,ROIC,ratio,1,1
E00821,SDGs,nonfin,1,0
E00821,エンゲージメント,nonfin,1,1
E00821,サステナビリティ,nonfin,1,0
E00821,労働安全,nonfin,1,0
E00821,営業利益,acc,0,1
E00821,営業利益率,ratio,0,1
E00821,売上高,acc,0,1
E00821,売上高比,ratio,1,0
E00821,女性役員比率,nonfin,1,0
E00821,脱炭素/温室効果ガス,nonfin,1,1
E00821,非財務指標,nonfin,0,1
E00824,エンゲージメント,nonfin,0,1
E00824,サステナビリティ,nonfin,1,0
E00824,営業利益,acc,0,1
E00824,売上高,acc,0,1
E00824,脱炭素/温室効果ガス,nonfin,0,1
E00828,ROE,ratio,1,0
E00828,サステナビリティ,nonfin,1,0
E00828,営業利益,acc,1,0
E00828,売上高,acc,1,0
E00828,廃棄物削減,nonfin,1,0
E00828,脱炭素/温室効果ガス,nonfin,1,1
E00829,ROIC,ratio,1,0
E00829,エンゲージメント,nonfin,1,0
E00829,営業利益,acc,0,1
E00829,売上高,acc,0,1
E00830,EBITDA,acc,1,0
E00830,ROE,ratio,1,0
E00830,ROIC,ratio,1,0
E00830,キャッシュフロー,acc,1,0
E00830,営業利益,acc,1,1
E00830,売上高,acc,1,0
E00830,当期純利益,acc,1,0
E00830,株主還元率,stock,1,0
E00830,脱炭素/温室効果ガス,nonfin,1,0
E00832,ROE,ratio,1,0
E00832,サステナビリティ,nonfin,1,0
E00832,営業利益,acc,1,1
E00832,売上高,acc,1,0
E00832,当期純利益率,ratio,1,0
E00832,株主還元率,stock,1,0
E00834,ESG,nonfin,1,0
E00834,ROE,ratio,1,0
E00834,SDGs,nonfin,1,0
E00834,サステナビリティ,nonfin,1,0
E00834,営業利益,acc,1,0
E00834,売上高,acc,1,1
E00834,当期純利益,acc,1,0
E00834,当期純利益率,ratio,1,0
E00834,経常利益,acc,0,1
E00834,配当性向,stock,1,0
E00836,ESG,nonfin,1,0
E00836,ROE,ratio,1,1
E00836,ROIC,ratio,1,0
E00836,サステナビリティ,nonfin,1,0
E00836,営業利益,acc,1,1
E00836,売上高,acc,1,1
E00836,販売数量,nonfin,1,0
E00837,ROIC,ratio,0,1
E00837,エンゲージメント,nonfin,1,0
E00837,サステナビリティ,nonfin,1,1
E00837,営業利益,acc,0,1
E00837,脱炭素/温室効果ガス,nonfin,1,0
E00838,EBITDA,acc,0,1
E00838,ROE,ratio,0,1
E00838,ROIC,ratio,0,1
E00838,キャッシュフロー,acc,1,0
E00838,サステナビリティ,nonfin,1,0
E00838,営業利益,acc,0,1
E00838,経常利益,acc,0,1
E00839,ESG,nonfin,1,0
E00839,営業利益,acc,1,1
E00839,営業利益率,ratio,1,0
E00839,売上高,acc,1,0
E00839,当期純利益,acc,0,1
E00840,DOE,stock,0,1
E00840,ESG,nonfin,1,1
E00840,ROE,ratio,1,1
E00840,ROIC,ratio,1,0
E00840,TSR,stock,0,1
E00840,エンゲージメント,nonfin,1,1
E00840,キャッシュフロー,acc,1,0
E00840,コア営業利益,acc,1,1
E00840,サステナビリティ,nonfin,1,0
E00840,リスクマネジメント,nonfin,1,0
E00840,営業利益,acc,1,1
E00840,売上収益,acc,1,1
E00840,当期純利益,acc,1,1
E00840,脱炭素/温室効果ガス,nonfin,1,1
E00840,非財務指標,nonfin,1,1
E00840,非財務目標,nonfin,0,1
E00841,ESG,nonfin,0,1
E00841,ROE,ratio,1,1
E00841,SDGs,nonfin,1,0
E00841,営業利益,acc,1,1
E00841,売上高,acc,1,1
E00841,脱炭素/温室効果ガス,nonfin,0,1
E00842,ROE,ratio,1,0
E00842,キャッシュコンバージョンサイクル,ratio,1,0
E00842,キャッシュフロー,acc,1,0
E00842,営業利益,acc,0,1
E00842,営業利益率,ratio,1,0
E00842,売上高,acc,1,1
E00842,当期純利益,acc,0,1
E00842,脱炭素/温室効果ガス,nonfin,1,0
E00842,自己資本比率,ratio,1,0
E00845,EPS,acc,1,0
E00845,ROE,ratio,1,0
E00845,エンゲージメント,nonfin,1,0
E00845,営業利益,acc,1,1
E00845,営業利益率,ratio,1,1
E00845,売上高,acc,1,1
E00845,当期純利益,acc,1,1
E00845,経常利益,acc,1,0
E00845,脱炭素/温室効果ガス,nonfin,1,0
E00846,ROE,ratio,1,1
E00846,営業利益率,ratio,1,0
E00846,売上高,acc,1,0
E00846,当期純利益,acc,0,1
E00846,配当性向,stock,1,0
E00848,営業利益,acc,0,1
E00848,売上高,acc,1,0
E00852,DOE,stock,1,1
E00852,EBITDA,acc,1,1
E00852,EPS,acc,1,0
E00852,ESG,nonfin,0,1
E00852,ROE,ratio,1,0
E00852,ROIC,ratio,1,0
E00852,サステナビリティ,nonfin,1,0
E00852,営業利益,acc,1,0
E00852,営業利益率,ratio,1,0
E00852,売上高,acc,1,0
E00852,当期純利益,acc,1,1
E00852,株主還元率,stock,1,0
E00852,経常利益,acc,1,0
E00854,EBITDA,acc,1,1
E00854,ROE,ratio,1,1
E00854,SDGs,nonfin,1,0
E00854,エンゲージメント,nonfin,0,1
E00854,キャッシュフロー,acc,1,0
E00854,サステナビリティ,nonfin,1,0
E00854,営業利益,acc,1,0
E00854,売上高,acc,1,1
E00854,脱炭素/温室効果ガス,nonfin,1,0
E00854,非財務指標,nonfin,0,1
E00855,EBITDA,acc,0,1
E00855,ROE,ratio,1,1
E00855,ROIC,ratio,1,0
E00855,サステナビリティ,nonfin,1,0
E00855,リスクマネジメント,nonfin,1,0
E00855,営業利益,acc,1,1
E00855,営業利益率,ratio,1,1
E00855,売上高,acc,1,1
E00855,配当性向,stock,1,0
E00858,ESG,nonfin,1,0
E00858,エンゲージメント,nonfin,1,0
E00858,サステナビリティ,nonfin,1,0
E00858,利益率,ratio,1,0
E00858,営業利益,acc,1,1
E00858,営業利益率,ratio,1,1
E00858,売上高,acc,1,1
E00858,当期純利益,acc,0,1
E00858,脱炭素/温室効果ガス,nonfin,1,0
E00858,販売数量,nonfin,1,0
E00868,ROE,ratio,1,0
E00868,SDGs,nonfin,1,0
E00868,サステナビリティ,nonfin,1,0
E00868,売上高,acc,1,0
E00868,当期純利益,acc,1,0
E00868,経常利益,acc,1,1
E00868,経常利益率,ratio,1,0
E00868,自己資本比率,ratio,1,0
E00872,PBR,stock,1,0
E00872,ROE,ratio,1,1
E00872,ROIC,ratio,1,1
E00872,TSR,stock,0,1
E00872,エンゲージメント,nonfin,0,1
E00872,サステナビリティ,nonfin,1,1
E00872,事業利益,acc,1,1
E00872,当期純利益,acc,0,1
E00872,非財務指標,nonfin,0,1
E00873,ROE,ratio,1,0
E00873,ROIC,ratio,1,0
E00873,エンゲージメント,nonfin,1,0
E00873,キャッシュフロー,acc,1,0
E00873,サステナビリティ,nonfin,1,0
E00873,事業利益,acc,1,1
E00873,事業利益率,ratio,1,0
E00873,営業利益,acc,1,0
E00873,売上収益,acc,1,0
E00873,当期純利益,acc,1,0
E00873,脱炭素/温室効果ガス,nonfin,1,0
E00873,非財務目標,nonfin,1,0
E00876,エンゲージメント,nonfin,0,1
E00876,サステナビリティ,nonfin,1,1
E00876,労働安全,nonfin,0,1
E00876,営業利益,acc,0,1
E00876,売上高,acc,0,1
E00876,女性管理職比率,nonfin,0,1
E00876,当期純利益,acc,0,1
E00876,脱炭素/温室効果ガス,nonfin,0,1
E00877,DOE,stock,1,0
E00877,EBITDA,acc,1,0
E00877,PBR,stock,1,0
E00877,ROE,ratio,1,0
E00877,ROIC,ratio,1,1
E00877,SDGs,nonfin,1,0
E00877,TSR,stock,0,1
E00877,エンゲージメント,nonfin,1,1
E00877,キャッシュフロー,acc,1,0
E00877,サステナビリティ,nonfin,1,1
E00877,リスクマネジメント,nonfin,1,0
E00877,営業利益,acc,1,1
E00877,売上高,acc,1,0
E00877,脱炭素/温室効果ガス,nonfin,1,0
E00877,販売数量,nonfin,1,0
E00877,非財務目標,nonfin,0,1
E00878,SDGs,nonfin,1,0
E00878,エンゲージメント,nonfin,1,0
E00878,サステナビリティ,nonfin,1,1
E00878,営業利益,acc,1,1
E00878,売上高,acc,1,1
E00878,女性管理職比率,nonfin,1,0
E00878,当期純利益,acc,0,1
E00878,脱炭素/温室効果ガス,nonfin,1,1
E00878,配当性向,stock,1,0
E00880,ESG,nonfin,0,1
E00880,ROA,ratio,1,0
E00880,ROE,ratio,1,1
E00880,サステナビリティ,nonfin,1,1
E00880,営業利益,acc,1,1
E00880,営業利益率,ratio,1,0
E00880,当期純利益率,ratio,1,1
E00881,ESG,nonfin,1,0
E00881,ROE,ratio,1,0
E00881,営業利益,acc,0,1
E00883,ESG,nonfin,0,1
E00883,EVA,acc,1,1
E00883,ROIC,ratio,1,1
E00883,TSR,stock,0,1
E00883,エンゲージメント,nonfin,0,1
E00883,キャッシュフロー,acc,1,0
E00883,サステナビリティ,nonfin,1,0
E00883,営業利益,acc,1,0
E00883,売上総利益,acc,0,1
E00883,売上高,acc,1,1
E00883,女性管理職比率,nonfin,0,1
E00883,脱炭素/温室効果ガス,nonfin,0,1
E00884,ROE,ratio,1,0
E00884,営業利益,acc,1,0
E00884,株主還元率,stock,1,0
E00884,経常利益,acc,0,1
E00885,PBR,stock,1,0
E00885,ROIC,ratio,1,0
E00885,WACC,ratio,1,0
E00885,キャッシュフロー,acc,0,1
E00885,サステナビリティ,nonfin,1,0
E00885,売上高,acc,0,1
E00885,経常利益,acc,0,1
E00885,販売数量,nonfin,1,0
E00885,配当性向,stock,1,0
E00886,ESG外部評価,nonfin,1,0
E00886,PBR,stock,1,0
E00886,ROE,ratio,1,1
E00886,サステナビリティ,nonfin,1,0
E00886,営業利益,acc,1,1
E00886,営業利益率,ratio,1,1
E00886,売上高,acc,1,1
E00886,自己資本比率,ratio,1,1
E00887,DOE,stock,1,0
E00887,EBITDA,acc,1,0
E00887,PBR,stock,1,0
E00887,ROE,ratio,1,0
E00887,ROIC,ratio,1,0
E00887,ROS,ratio,1,0
E00887,WACC,ratio,1,0
E00887,エンゲージメント,nonfin,1,0
E00887,キャッシュフロー,acc,1,0
E00887,サステナビリティ,nonfin,1,0
E00887,営業利益,acc,1,1
E00887,営業利益率,ratio,1,0
E00887,売上高,acc,1,0
E00887,経常利益,acc,0,1
E00887,脱炭素/温室効果ガス,nonfin,1,0
E00890,DOE,stock,1,0
E00890,ROE,ratio,1,0
E00890,営業利益,acc,1,1
E00890,営業利益率,ratio,1,0
E00890,売上高,acc,1,0
E00891,DOE,stock,1,1
E00891,NOPAT,acc,1,1
E00891,PBR,stock,1,0
E00891,ROE,ratio,1,1
E00891,キャッシュフロー,acc,1,0
E00891,サステナビリティ,nonfin,1,0
E00891,営業利益,acc,1,1
E00891,売上高,acc,1,1
E00892,EPS,acc,1,1
E00892,MSV,acc,1,1
E00892,PER,stock,1,1
E00892,ROIC,ratio,1,0
E00892,WACC,ratio,1,0
E00892,キャッシュフロー,acc,1,0
E00892,サステナビリティ,nonfin,1,1
E00892,リスクマネジメント,nonfin,0,1
E00892,利益率,ratio,1,0
E00892,売上収益,acc,1,1
E00893,EBITDA,acc,0,1
E00893,ROE,ratio,0,1
E00893,サステナビリティ,nonfin,1,0
E00893,営業利益,acc,0,1
E00895,利益率,ratio,1,0
E00895,営業利益,acc,1,0
E00895,営業利益率,ratio,1,0
E00895,売上高,acc,1,0
E00895,当期純利益,acc,1,0
E00895,経常利益,acc,1,1
E00895,経常利益率,ratio,1,0
E00896,サステナビリティ,nonfin,1,0
E00896,売上高,acc,1,1
E00896,経常利益,acc,1,1
E00896,経常利益率,ratio,1,1
E00896,脱炭素/温室効果ガス,nonfin,1,0
E00897,DOE,stock,1,0
E00897,EBITDA,acc,1,0
E00897,ESG,nonfin,0,1
E00897,ROE,ratio,1,0
E00897,サステナビリティ,nonfin,1,0
E00897,営業利益,acc,1,0
E00897,営業利益率,ratio,1,0
E00897,売上高,acc,1,1
E00897,当期純利益,acc,1,1
E00897,脱炭素/温室効果ガス,nonfin,1,1
E00898,PBR,stock,1,0
E00898,ROE,ratio,1,0
E00898,サステナビリティ,nonfin,1,0
E00898,営業利益,acc,1,0
E00898,営業利益率,ratio,1,0
E00898,売上高,acc,1,0
E00898,株主還元率,stock,1,0
E00898,経常利益,acc,1,1
E00898,経常利益率,ratio,1,0
E00898,配当性向,stock,1,0
E00899,ROE,ratio,1,0
E00899,営業利益,acc,1,0
E00899,営業利益率,ratio,1,0
E00899,売上高,acc,1,0
E00899,経常利益,acc,0,1
E00901,ROE,ratio,1,1
E00901,ROIC,ratio,1,1
E00901,TSR,stock,0,1
E00901,サステナビリティ,nonfin,1,0
E00901,営業利益,acc,1,1
E00901,売上高,acc,1,0
E00901,当期純利益,acc,0,1
E00901,脱炭素/温室効果ガス,nonfin,1,0
E00903,ESG,nonfin,1,0
E00903,ROE,ratio,1,1
E00903,ROIC,ratio,1,0
E00903,エンゲージメント,nonfin,1,0
E00903,キャッシュフロー,acc,1,0
E00903,サステナビリティ,nonfin,1,0
E00903,営業利益,acc,1,1
E00903,売上高,acc,1,1
E00904,DOE,stock,1,0
E00904,PBR,stock,0,1
E00904,ROE,ratio,1,1
E00904,エンゲージメント,nonfin,1,0
E00904,キャッシュコンバージョンサイクル,ratio,1,0
E00904,サステナビリティ,nonfin,1,0
E00904,利益率,ratio,1,0
E00904,労働安全,nonfin,1,0
E00904,営業利益,acc,1,1
E00904,売上高,acc,1,0
E00904,売上高比,ratio,1,0
E00904,当期純利益,acc,1,0
E00904,脱炭素/温室効果ガス,nonfin,1,0
E00904,自己資本比率,ratio,1,0
E00904,配当性向,stock,1,0
E00905,ESG,nonfin,1,1
E00905,ROE,ratio,1,1
E00905,SDGs,nonfin,1,0
E00905,TSR,stock,0,1
E00905,サステナビリティ,nonfin,1,1
E00905,利益率,ratio,0,1
E00905,営業利益,acc,1,0
E00905,売上高,acc,1,0
E00905,当期純利益,acc,1,0
E00905,株主還元率,stock,1,0
E00905,経常利益,acc,1,0
E00905,脱炭素/温室効果ガス,nonfin,0,1
E00905,非財務指標,nonfin,0,1
E00912,ROE,ratio,1,0
E00912,SDGs,nonfin,1,0
E00912,営業利益,acc,1,1
E00912,売上高,acc,1,0
E00912,当期純利益,acc,0,1
E00912,自己資本比率,ratio,1,0
E00913,DOE,stock,1,0
E00913,ROE,ratio,1,0
E00913,SDGs,nonfin,1,0
E00913,営業利益,acc,1,0
E00913,売上高,acc,1,0
E00913,当期純利益,acc,0,1
E00913,当期純利益率,ratio,0,1
E00915,EBITDA,acc,1,1
E00915,ESG,nonfin,1,0
E00915,ROE,ratio,1,1
E00915,SDGs,nonfin,1,0
E00915,サステナビリティ,nonfin,1,0
E00915,廃棄物削減,nonfin,1,0
E00915,当期純利益,acc,0,1
E00915,非財務指標,nonfin,0,1
E00916,PBR,stock,1,0
E00916,ROE,ratio,1,0
E00916,営業利益率,ratio,1,1
E00916,売上高,acc,1,1
E00917,キャッシュフロー,acc,1,0
E00917,売上高,acc,1,1
E00917,経常利益,acc,1,1
E00917,経常利益率,ratio,1,0
E00919,EBITDA,acc,1,0
E00919,ROE,ratio,1,0
E00919,TSR,stock,1,1
E00919,コア営業利益,acc,1,1
E00919,フリーキャッシュフロー,acc,1,0
E00919,売上収益,acc,1,1
E00919,売上高,acc,1,0
E00919,当期純利益,acc,1,0
E00920,EPS,acc,0,1
E00920,TSR,stock,0,1
E00920,エンゲージメント,nonfin,0,1
E00920,コア営業利益,acc,1,0
E00920,コア営業利益率,ratio,1,1
E00920,サステナビリティ,nonfin,0,1
E00920,売上収益,acc,1,1
E00920,時価総額,stock,0,1
E00920,株価成長率,stock,0,1
E00920,研究開発業績,nonfin,0,1
E00920,脱炭素/温室効果ガス,nonfin,0,1
E00922,キャッシュフロー,acc,0,1
E00922,コア営業利益,acc,1,1
E00922,サステナビリティ,nonfin,1,0
E00922,営業損益,acc,1,0
E00922,売上収益,acc,1,0
E00922,当期純利益,acc,1,0
E00922,研究開発業績,nonfin,0,1
E00923,DOE,stock,1,0
E00923,EBITDA,acc,1,1
E00923,EPS,acc,1,0
E00923,ESG,nonfin,0,1
E00923,ROE,ratio,1,1
E00923,TSR,stock,0,1
E00923,コア営業利益,acc,1,0
E00923,サステナビリティ,nonfin,1,0
E00923,営業利益,acc,1,1
E00923,売上収益,acc,1,1
E00923,売上高,acc,1,1
E00923,当期純利益,acc,0,1
E00926,キャッシュフロー,acc,1,0
E00926,営業利益,acc,0,1
E00928,ESG,nonfin,1,0
E00928,PBR,stock,1,0
E00928,ROE,ratio,1,0
E00928,サステナビリティ,nonfin,1,0
E00928,当期純利益,acc,0,1
E00928,配当性向,stock,1,0
E00931,EPS,acc,1,0
E00931,ROE,ratio,1,0
E00931,ROIC,ratio,1,0
E00931,サステナビリティ,nonfin,1,0
E00931,営業利益,acc,1,1
E00931,売上収益,acc,1,0
E00932,ESG,nonfin,1,1
E00932,ROE,ratio,1,0
E00932,ROIC,ratio,1,0
E00932,SDGs,nonfin,1,0
E00932,TSR,stock,0,1
E00932,コア営業利益,acc,0,1
E00932,サステナビリティ,nonfin,1,0
E00932,売上収益,acc,0,1
E00932,環境指標,nonfin,0,1
E00932,研究開発業績,nonfin,0,1
E00932,脱炭素/温室効果ガス,nonfin,1,0
E00935,ROE,ratio,1,1
E00935,TSR,stock,0,1
E00935,エンゲージメント,nonfin,0,1
E00935,営業利益,acc,1,1
E00935,売上高,acc,1,1
E00935,当期純利益,acc,0,1
E00937,ROE,ratio,1,1
E00937,エンゲージメント,nonfin,0,1
E00937,キャッシュフロー,acc,1,0
E00937,サステナビリティ,nonfin,1,0
E00937,リスクマネジメント,nonfin,1,0
E00937,営業利益,acc,1,1
E00937,売上高,acc,1,1
E00937,売上高比,ratio,1,0
E00937,女性管理職比率,nonfin,0,1
E00937,脱炭素/温室効果ガス,nonfin,1,1
E00937,配当性向,stock,1,0
E00939,EBIT,acc,0,1
E00939,ESG,nonfin,0,1
E00939,PBR,stock,0,1
E00939,ROE,ratio,1,1
E00939,ROIC,ratio,1,0
E00939,コア営業利益,acc,1,0
E00939,サステナビリティ,nonfin,0,1
E00939,フリーキャッシュフロー,acc,1,0
E00939,営業利益,acc,1,1
E00939,売上収益,acc,0,1
E00939,売上高,acc,0,1
E00939,当期純利益,acc,0,1
E00939,株主還元率,stock,1,0
E00939,配当性向,stock,1,0
E00939,非財務指標,nonfin,0,1
E00942,EBITDA,acc,1,0
E00942,ESG,nonfin,1,1
E00942,ROA,ratio,1,0
E00942,SDGs,nonfin,1,0
E00942,サステナビリティ,nonfin,1,0
E00942,営業利益,acc,0,1
E00942,営業利益率,ratio,1,0
E00942,売上高,acc,1,0
E00942,当期純利益率,ratio,1,0
E00942,脱炭素/温室効果ガス,nonfin,0,1
E00947,EBITDA,acc,1,0
E00947,PBR,stock,1,0
E00947,ROE,ratio,1,0
E00947,サステナビリティ,nonfin,1,0
E00947,営業利益,acc,1,1
E00947,売上高,acc,1,0
E00947,当期純利益,acc,0,1
E00949,DJSI,nonfin,0,1
E00949,EBITDA,acc,1,0
E00949,EPS,acc,1,0
E00949,ESG,nonfin,0,1
E00949,ROE,ratio,1,1
E00949,TSR,stock,0,1
E00949,コア営業利益,acc,1,1
E00949,サステナビリティ,nonfin,1,0
E00949,売上収益,acc,1,1
E00949,配当性向,stock,1,0
E00952,EBITDA,acc,1,0
E00952,ROE,ratio,1,0
E00952,キャッシュフロー,acc,1,0
E00952,サステナビリティ,nonfin,1,0
E00952,営業利益,acc,1,1
E00952,売上高,acc,1,0
E00952,売上高比,ratio,1,0
E00952,当期純利益,acc,0,1
E00952,自己資本比率,ratio,1,0
E00952,配当性向,stock,1,0
E00953,PBR,stock,1,0
E00953,PER,stock,1,0
E00953,ROE,ratio,1,0
E00953,エンゲージメント,nonfin,1,0
E00953,サステナビリティ,nonfin,1,0
E00953,売上高,acc,1,0
E00953,当期純利益,acc,0,1
E00953,経常利益,acc,0,1
E00961,ROE,ratio,1,1
E00961,ROIC,ratio,1,0
E00961,サステナビリティ,nonfin,1,0
E00961,営業利益,acc,1,1
E00961,営業利益率,ratio,1,0
E00961,売上高,acc,1,1
E00961,売上高比,ratio,1,0
E00962,PBR,stock,1,0
E00962,ROE,ratio,1,0
E00962,サステナビリティ,nonfin,1,0
E00962,営業利益,acc,1,1
E00962,売上高,acc,1,0
E00967,DOE,stock,1,0
E00967,EBITDA,acc,1,0
E00967,ESG,nonfin,0,1
E00967,ESG外部評価,nonfin,0,1
E00967,ROE,ratio,1,0
E00967,ROIC,ratio,1,1
E00967,TSR,stock,0,1
E00967,エンゲージメント,nonfin,1,1
E00967,キャッシュコンバージョンサイクル,ratio,1,0
E00967,キャッシュフロー,acc,1,0
E00967,サステナビリティ,nonfin,0,1
E00967,利益率,ratio,1,0
E00967,営業利益,acc,1,1
E00967,売上高,acc,1,1
E00967,当期純利益,acc,1,1
E00967,時価総額,stock,0,1
E00967,経常利益,acc,1,0
E00967,脱炭素/温室効果ガス,nonfin,1,0
E00967,自己資本比率,ratio,1,0
E00970,EBITDA,acc,0,1
E00970,ESG,nonfin,1,0
E00970,ESG外部評価,nonfin,1,0
E00970,エンゲージメント,nonfin,1,0
E00970,サステナビリティ,nonfin,1,0
E00970,営業利益,acc,1,1
E00970,売上高,acc,1,0
E00970,定性評価,nonfin,0,1
E00974,サステナビリティ,nonfin,1,0
E00974,営業利益,acc,0,1
E00974,当期純利益,acc,0,1
E00984,DJSI,nonfin,0,1
E00984,DOE,stock,1,0
E00984,EPS,acc,1,0
E00984,ESG,nonfin,0,1
E00984,ESG外部評価,nonfin,0,1
E00984,ROE,ratio,0,1
E00984,TSR,stock,0,1
E00984,コア営業利益,acc,0,1
E00984,コア営業利益率,ratio,0,1
E00984,営業利益,acc,1,1
E00984,営業利益率,ratio,1,0
E00984,売上収益,acc,1,1
E00984,当期純利益,acc,0,1
E00984,時価総額,stock,0,1
E00984,研究開発業績,nonfin,0,1
E00984,研究開発進捗,nonfin,0,1
E00985,ESG,nonfin,0,1
E00985,ROE,ratio,1,0
E00985,TSR,stock,0,1
E00985,キャッシュフロー,acc,1,0
E00985,営業利益,acc,1,1
E00985,売上高,acc,1,1
E00985,非財務指標,nonfin,0,1
E00988,ESG,nonfin,1,1
E00988,ROE,ratio,1,0
E00988,ROIC,ratio,1,1
E00988,エンゲージメント,nonfin,0,1
E00988,キャッシュフロー,acc,1,0
E00988,営業利益,acc,1,1
E00988,売上高,acc,1,1
E00988,当期純利益,acc,1,0
E00988,脱炭素/温室効果ガス,nonfin,0,1
E00989,ROE,ratio,1,1
E00989,ROIC,ratio,1,1
E00989,TSR,stock,0,1
E00989,エンゲージメント,nonfin,0,1
E00989,キャッシュフロー,acc,1,0
E00989,フリーキャッシュフロー,acc,1,0
E00989,利益率,ratio,1,1
E00989,営業利益,acc,1,1
E00989,売上総利益,acc,1,0
E00989,売上総利益率,ratio,1,0
E00989,売上高,acc,1,0
E00989,当期純利益,acc,1,1
E00989,税引前利益,acc,1,0
E00989,脱炭素/温室効果ガス,nonfin,0,1
E00989,非財務指標,nonfin,0,1
E00991,EBITDA,acc,1,0
E00991,NOPAT,acc,1,1
E00991,ROIC,ratio,0,1
E00991,サステナビリティ,nonfin,1,1
E00991,事業利益,acc,1,1
E00991,売上総利益,acc,1,1
E00991,売上高,acc,1,0
E00991,当期純利益,acc,0,1
E00993,SDGs,nonfin,1,0
E00993,営業利益,acc,0,1
E00993,営業利益率,ratio,0,1
E00993,売上総利益,acc,1,0
E00993,売上高,acc,1,1
E00993,当期純利益,acc,0,1
E00995,ESG,nonfin,1,0
E00995,ROE,ratio,1,0
E00995,エンゲージメント,nonfin,1,0
E00995,利益率,ratio,0,1
E00995,営業利益,acc,1,0
E00995,売上高,acc,1,0
E00995,廃棄物削減,nonfin,1,0
E00995,脱炭素/温室効果ガス,nonfin,1,0
E01000,ROE,ratio,1,0
E01000,エンゲージメント,nonfin,0,1
E01000,営業利益,acc,1,1
E01000,営業利益率,ratio,0,1
E01000,売上高,acc,0,1
E01000,新製品比率,nonfin,1,1
E01000,株価成長率,stock,0,1
E01000,脱炭素/温室効果ガス,nonfin,0,1
E01002,EBITDA,acc,1,0
E01002,ESG,nonfin,0,1
E01002,ROE,ratio,1,1
E01002,ROIC,ratio,1,0
E01002,ROS,ratio,1,0
E01002,エンゲージメント,nonfin,1,0
E01002,キャッシュフロー,acc,1,0
E01002,フリーキャッシュフロー,acc,0,1
E01002,営業利益,acc,1,0
E01002,営業利益率,ratio,1,0
E01002,売上高,acc,1,0
E01002,経常利益,acc,0,1
E01002,脱炭素/温室効果ガス,nonfin,1,1
E01006,経常利益,acc,0,1
E01006,経常利益率,ratio,1,0
E01007,ROE,ratio,1,0
E01007,SDGs,nonfin,1,0
E01007,利益率,ratio,1,0
E01007,売上高,acc,1,0
E01007,当期純利益,acc,0,1
E01007,経常利益,acc,1,0
E01008,EBITDA,acc,1,1
E01008,ROE,ratio,1,0
E01008,キャッシュフロー,acc,1,0
E01008,サステナビリティ,nonfin,1,0
E01008,営業利益,acc,1,1
E01008,営業利益率,ratio,1,0
E01008,当期純利益,acc,0,1
E01008,株主還元率,stock,1,0
E01008,経常利益,acc,0,1
E01008,配当性向,stock,1,0
E01014,EBITDA,acc,1,0
E01014,SDGs,nonfin,1,0
E01014,売上高,acc,1,0
E01014,当期純利益,acc,0,1
E01014,経常利益,acc,1,0
E01014,経常利益率,ratio,1,0
E01014,脱炭素/温室効果ガス,nonfin,1,0
E01014,配当性向,stock,1,0
E01015,キャッシュフロー,acc,1,0
E01015,営業利益,acc,1,1
E01015,売上高,acc,1,0
E01015,当期純利益,acc,1,1
E01018,DOE,stock,1,0
E01018,ROE,ratio,1,1
E01018,TSR,stock,0,1
E01018,キャッシュフロー,acc,1,0
E01018,サステナビリティ,nonfin,1,1
E01018,営業利益,acc,1,1
E01018,売上高,acc,1,1
E01018,売上高比,ratio,0,1
E01018,脱炭素/温室効果ガス,nonfin,0,1
E01018,自己資本比率,ratio,1,0
E01019,EBITDA,acc,1,0
E01019,ROE,ratio,1,0
E01019,サステナビリティ,nonfin,1,0
E01019,営業利益,acc,1,1
E01019,営業利益率,ratio,1,0
E01019,売上高,acc,1,1
E01019,経常利益,acc,0,1
E01020,ESG,nonfin,1,0
E01020,ROE,ratio,1,0
E01020,営業利益,acc,1,1
E01020,営業利益率,ratio,1,0
E01020,売上高,acc,1,0
E01020,当期純利益,acc,0,1
E01020,脱炭素/温室効果ガス,nonfin,1,0
E01024,ROE,ratio,1,0
E01024,エンゲージメント,nonfin,1,0
E01024,利益率,ratio,1,0
E01024,営業利益,acc,1,0
E01024,売上高,acc,1,0
E01024,経常利益,acc,1,1
E01028,EBITDA,acc,1,1
E01028,ROE,ratio,1,1
E01028,キャッシュフロー,acc,1,0
E01028,サステナビリティ,nonfin,1,0
E01028,脱炭素/温室効果ガス,nonfin,1,0
E01034,営業利益率,ratio,1,0
E01034,売上高,acc,1,0
E01034,経常利益,acc,0,1
E01034,経常利益率,ratio,1,0
E01034,脱炭素/温室効果ガス,nonfin,1,0
E01035,SDGs,nonfin,1,0
E01035,キャッシュフロー,acc,1,0
E01035,営業利益,acc,0,1
E01035,売上高,acc,1,1
E01035,経常利益率,ratio,1,0
E01035,自己資本比率,ratio,1,0
E01039,サステナビリティ,nonfin,1,0
E01039,営業利益,acc,1,1
E01039,売上総利益,acc,1,0
E01039,売上高,acc,1,1
E01039,当期純利益,acc,1,1
E01039,経常利益,acc,1,0
E01040,ROE,ratio,1,0
E01040,SDGs,nonfin,1,0
E01040,サステナビリティ,nonfin,1,0
E01040,営業利益率,ratio,1,0
E01040,経常利益,acc,0,1
E01040,自己資本比率,ratio,1,0
E01045,ESG,nonfin,1,0
E01045,ROE,ratio,1,0
E01045,SDGs,nonfin,1,0
E01045,営業利益,acc,0,1
E01047,EBITDA,acc,1,1
E01047,EPS,acc,0,1
E01047,ESG,nonfin,0,1
E01047,ESG外部評価,nonfin,0,1
E01047,ROA,ratio,0,1
E01047,ROE,ratio,1,1
E01047,キャッシュフロー,acc,0,1
E01047,営業利益,acc,1,1
E01047,営業利益率,ratio,1,0
E01047,売上高,acc,1,1
E01047,定性評価,nonfin,0,1
E01047,脱炭素/温室効果ガス,nonfin,0,1
E01048,EBITDA,acc,1,0
E01048,PBR,stock,1,0
E01048,ROE,ratio,1,0
E01048,ROIC,ratio,1,0
E01048,エンゲージメント,nonfin,1,0
E01048,利益率,ratio,1,0
E01048,営業利益,acc,1,1
E01048,売上高,acc,1,0
E01048,当期純利益,acc,1,0
E01048,経常利益,acc,1,1
E01048,脱炭素/温室効果ガス,nonfin,1,0
E01048,自己資本比率,ratio,1,0
E01049,EBITDA,acc,1,0
E01049,ESG,nonfin,0,1
E01049,ROIC,ratio,1,1
E01049,エンゲージメント,nonfin,0,1
E01049,営業利益,acc,1,1
E01049,営業利益率,ratio,1,0
E01049,売上高,acc,1,1
E01049,脱炭素/温室効果ガス,nonfin,1,0
E01049,非財務目標,nonfin,1,0
E01051,営業利益,acc,1,0
E01051,営業利益率,ratio,1,0
E01051,売上高,acc,1,0
E01051,新規事業推進,nonfin,1,0
E01051,経常利益,acc,0,1
E01051,脱炭素/温室効果ガス,nonfin,1,0
E01054,DOE,stock,1,0
E01054,ESG,nonfin,1,0
E01054,ROE,ratio,1,1
E01054,SDGs,nonfin,1,0
E01054,営業利益,acc,1,1
E01054,営業利益率,ratio,1,1
E01054,売上高,acc,1,1
E01054,配当性向,stock,1,0
E01055,ROA,ratio,1,0
E01055,ROE,ratio,1,0
E01055,当期純利益率,ratio,1,0
E01055,経常利益,acc,0,1
E01056,ROE,ratio,1,0
E01056,ROIC,ratio,1,0
E01056,サステナビリティ,nonfin,1,1
E01056,営業利益,acc,1,1
E01056,売上高,acc,1,1
E01056,売上高比,ratio,1,0
E01056,当期純利益,acc,1,1
E01056,経常利益,acc,1,0
E01056,自己資本比率,ratio,1,0
E01058,利益率,ratio,1,0
E01058,営業利益,acc,0,1
E01058,売上高,acc,0,1
E01058,脱炭素/温室効果ガス,nonfin,1,0
E01059,ROE,ratio,1,1
E01059,売上高,acc,1,1
E01059,経常利益率,ratio,1,1
E01060,ROE,ratio,1,1
E01060,TSR,stock,0,1
E01060,サステナビリティ,nonfin,1,0
E01060,営業利益,acc,1,1
E01060,当期純利益,acc,1,0
E01060,非財務指標,nonfin,0,1
E01061,EBITDA,acc,1,1
E01061,ROE,ratio,1,0
E01061,サステナビリティ,nonfin,1,1
E01061,売上収益,acc,1,0
E01061,売上高,acc,0,1
E01065,サステナビリティ,nonfin,1,0
E01065,営業利益,acc,0,1
E01065,売上高,acc,0,1
E01065,脱炭素/温室効果ガス,nonfin,1,0
E01068,キャッシュフロー,acc,1,0
E01068,営業利益,acc,0,1
E01068,営業利益率,ratio,1,0
E01068,売上総利益率,ratio,1,0
E01068,経常利益率,ratio,1,0
E01074,ESG,nonfin,1,0
E01074,サステナビリティ,nonfin,1,0
E01074,当期純利益,acc,0,1
E01074,株主還元率,stock,1,0
E01074,脱炭素/温室効果ガス,nonfin,1,0
E01074,自己資本比率,ratio,1,0
E01077,EBITDA,acc,1,0
E01077,ESG,nonfin,1,0
E01077,ROE,ratio,1,0
E01077,SDGs,nonfin,1,0
E01077,営業利益,acc,1,1
E01077,売上高,acc,1,1
E01077,経常利益,acc,0,1
E01077,配当性向,stock,1,0
E01077,非財務指標,nonfin,0,1
E01077,非財務目標,nonfin,1,0
E01083,ROIC,ratio,1,0
E01083,サステナビリティ,nonfin,1,0
E01083,営業利益,acc,1,0
E01083,売上高,acc,1,0
E01083,当期純利益,acc,1,0
E01083,経常利益,acc,1,0
E01083,経常利益率,ratio,1,0
E01083,非財務指標,nonfin,0,1
E01084,ESG,nonfin,0,1
E01084,ROE,ratio,1,1
E01084,ROIC,ratio,1,1
E01084,エンゲージメント,nonfin,0,1
E01084,営業利益,acc,1,1
E01084,当期純利益,acc,1,1
E01084,株主還元率,stock,1,0
E01084,脱炭素/温室効果ガス,nonfin,0,1
E01084,非財務指標,nonfin,0,1
E01085,PER,stock,1,0
E01085,ROE,ratio,1,0
E01085,キャッシュフロー,acc,1,0
E01085,サステナビリティ,nonfin,1,0
E01085,事業利益,acc,1,1
E01085,事業利益率,ratio,1,0
E01085,売上収益,acc,1,1
E01085,株主還元率,stock,1,0
E01085,脱炭素/温室効果ガス,nonfin,1,0
E01085,自己資本比率,ratio,1,0
E01085,配当性向,stock,1,0
E01086,ESG,nonfin,0,1
E01086,ROE,ratio,0,1
E01086,ROIC,ratio,0,1
E01086,サステナビリティ,nonfin,1,1
E01086,営業利益,acc,1,1
E01086,営業利益率,ratio,1,1
E01086,売上収益,acc,1,0
E01086,売上高,acc,0,1
E01086,当期純利益,acc,1,0
E01086,時価総額,stock,0,1
E01086,脱炭素/温室効果ガス,nonfin,1,1
E01090,ROE,ratio,1,1
E01090,ROIC,ratio,0,1
E01090,TSR,stock,0,1
E01090,営業利益,acc,1,1
E01090,営業利益率,ratio,1,1
E01090,売上高,acc,0,1
E01090,配当性向,stock,1,0
E01090,重点商品販売比率,nonfin,0,1
E01092,ROE,ratio,1,1
E01092,コア営業利益,acc,1,1
E01092,売上収益,acc,1,1
E01092,当期純利益,acc,0,1
E01094,PBR,stock,1,0
E01094,ROE,ratio,1,0
E01094,サステナビリティ,nonfin,1,0
E01094,営業利益,acc,1,0
E01094,営業利益率,ratio,1,0
E01094,当期純利益,acc,0,1
E01094,自己資本比率,ratio,1,0
E01096,ROA,ratio,0,1
E01096,ROE,ratio,0,1
E01096,サステナビリティ,nonfin,1,0
E01096,経常利益率,ratio,0,1
E01098,DOE,stock,1,0
E01098,ESG,nonfin,1,0
E01098,ROE,ratio,1,1
E01098,SDGs,nonfin,1,0
E01098,営業利益,acc,1,1
E01098,売上高,acc,1,1
E01098,脱炭素/温室効果ガス,nonfin,1,0
E01100,ROE,ratio,1,0
E01100,サステナビリティ,nonfin,1,1
E01100,脱炭素/温室効果ガス,nonfin,1,0
E01103,経常利益,acc,0,1
E01103,経常利益率,ratio,1,0
E01103,脱炭素/温室効果ガス,nonfin,1,0
E01107,エンゲージメント,nonfin,1,0
E01107,キャッシュフロー,acc,1,0
E01107,当期純利益,acc,0,1
E01107,経常利益率,ratio,1,0
E01108,ESG,nonfin,0,1
E01108,ROE,ratio,1,0
E01108,ROIC,ratio,1,0
E01108,営業利益,acc,0,1
E01110,ESG,nonfin,0,1
E01110,ROE,ratio,0,1
E01110,サステナビリティ,nonfin,1,1
E01110,事業利益,acc,0,1
E01110,事業利益率,ratio,0,1
E01110,営業利益,acc,0,1
E01110,売上収益,acc,0,1
E01110,当期純利益,acc,0,1
E01111,ESG,nonfin,1,0
E01111,ROIC,ratio,1,0
E01111,SDGs,nonfin,1,0
E01111,TSR,stock,0,1
E01111,サステナビリティ,nonfin,1,0
E01111,営業利益,acc,1,1
E01111,営業利益率,ratio,1,1
E01111,売上高,acc,1,1
E01111,新製品比率,nonfin,1,0
E01112,DOE,stock,1,0
E01112,ESG,nonfin,1,0
E01112,PBR,stock,1,0
E01112,ROE,ratio,1,0
E01112,ROIC,ratio,1,0
E01112,営業利益,acc,0,1
E01112,自己資本比率,ratio,1,0
E01112,非財務目標,nonfin,1,0
E01113,ESG,nonfin,1,0
E01113,ESG外部評価,nonfin,1,0
E01113,サステナビリティ,nonfin,1,0
E01113,営業利益,acc,0,1
E01113,脱炭素/温室効果ガス,nonfin,1,0
E01114,ESG,nonfin,0,1
E01114,TSR,stock,0,1
E01114,サステナビリティ,nonfin,1,1
E01114,営業利益,acc,1,0
E01114,営業利益率,ratio,1,0
E01114,売上高,acc,1,0
E01114,当期純利益,acc,0,1
E01114,脱炭素/温室効果ガス,nonfin,1,0
E01115,営業利益,acc,0,1
E01115,営業利益率,ratio,1,0
E01115,売上高,acc,1,1
E01118,ROE,ratio,1,0
E01118,ROIC,ratio,1,0
E01118,キャッシュフロー,acc,1,0
E01118,サステナビリティ,nonfin,1,0
E01118,営業利益,acc,0,1
E01118,営業利益率,ratio,1,0
E01118,売上高,acc,1,0
E01120,ROE,ratio,1,0
E01120,サステナビリティ,nonfin,1,0
E01120,売上高,acc,0,1
E01120,当期純利益,acc,0,1
E01120,経常利益,acc,0,1
E01121,EBITDA,acc,0,1
E01121,EPS,acc,0,1
E01121,キャッシュフロー,acc,0,1
E01121,フリーキャッシュフロー,acc,0,1
E01121,利益率,ratio,1,0
E01121,営業利益,acc,0,1
E01121,売上高,acc,0,1
E01121,当期純利益,acc,0,1
E01121,自己資本比率,ratio,1,0
E01121,販売数量,nonfin,1,0
E01122,DOE,stock,1,0
E01122,EBITDA,acc,1,1
E01122,ROE,ratio,1,1
E01122,TSR,stock,0,1
E01122,エンゲージメント,nonfin,0,1
E01122,キャッシュフロー,acc,0,1
E01122,営業利益,acc,1,0
E01122,営業利益率,ratio,0,1
E01122,売上高,acc,1,1
E01122,脱炭素/温室効果ガス,nonfin,0,1
E01122,販売数量,nonfin,1,0
E01122,非財務指標,nonfin,0,1
E01124,DJSI,nonfin,0,1
E01124,EPS,acc,0,1
E01124,ESG,nonfin,1,1
E01124,ESG外部評価,nonfin,0,1
E01124,ROE,ratio,0,1
E01124,エンゲージメント,nonfin,0,1
E01124,サステナビリティ,nonfin,1,1
E01124,再生可能エネルギー,nonfin,1,1
E01124,売上収益,acc,0,1
E01124,女性管理職比率,nonfin,0,1
E01124,定性評価,nonfin,0,1
E01124,当期純利益,acc,0,1
E01124,脱炭素/温室効果ガス,nonfin,1,0
E01126,ROE,ratio,1,1
E01126,営業利益,acc,0,1
E01127,ROE,ratio,1,0
E01127,ROIC,ratio,1,1
E01127,エンゲージメント,nonfin,0,1
E01127,利益率,ratio,1,0
E01127,営業利益,acc,0,1
E01127,営業利益率,ratio,0,1
E01127,女性管理職比率,nonfin,0,1
E01127,脱炭素/温室効果ガス,nonfin,1,1
E01127,販売数量,nonfin,1,0
E01130,サステナビリティ,nonfin,1,1
E01130,当期純利益,acc,0,1
E01131,PBR,stock,1,0
E01131,ROE,ratio,1,0
E01131,キャッシュフロー,acc,1,0
E01131,サステナビリティ,nonfin,1,0
E01131,利益率,ratio,1,0
E01131,営業利益,acc,1,0
E01131,売上高,acc,1,0
E01131,当期純利益,acc,0,1
E01131,技術力強化,nonfin,1,0
E01131,経常利益,acc,1,1
E01131,経常利益率,ratio,1,0
E01131,脱炭素/温室効果ガス,nonfin,1,0
E01136,DOE,stock,1,0
E01136,EBITDA,acc,1,0
E01136,TSR,stock,0,1
E01136,エンゲージメント,nonfin,0,1
E01136,営業利益,acc,1,0
E01136,売上収益,acc,0,1
E01136,当期純利益,acc,0,1
E01136,非財務指標,nonfin,0,1
E01137,DOE,stock,1,0
E01137,ESG,nonfin,1,1
E01137,ESG外部評価,nonfin,1,0
E01137,ROE,ratio,1,0
E01137,ROIC,ratio,1,1
E01137,エンゲージメント,nonfin,0,1
E01137,サステナビリティ,nonfin,1,0
E01137,利益率,ratio,1,0
E01137,営業利益,acc,1,1
E01137,売上高,acc,1,1
E01137,当期純利益,acc,0,1
E01137,脱炭素/温室効果ガス,nonfin,1,1
E01137,配当性向,stock,1,0
E01138,ROE,ratio,0,1
E01138,ROIC,ratio,1,0
E01138,SDGs,nonfin,1,0
E01138,サステナビリティ,nonfin,1,1
E01138,利益率,ratio,1,0
E01138,営業利益,acc,1,1
E01138,当期純利益,acc,0,1
E01138,脱炭素/温室効果ガス,nonfin,1,1
E01139,PBR,stock,1,0
E01139,ROE,ratio,1,0
E01139,ROIC,ratio,1,1
E01139,エンゲージメント,nonfin,1,0
E01139,サステナビリティ,nonfin,1,0
E01139,営業利益,acc,1,1
E01139,売上高,acc,1,1
E01139,株主還元率,stock,1,0
E01139,経常利益,acc,1,0
E01139,配当性向,stock,1,0
E01139,非財務指標,nonfin,0,1
E01140,エンゲージメント,nonfin,1,0
E01140,サステナビリティ,nonfin,1,0
E01140,事業利益,acc,1,0
E01140,営業利益,acc,0,1
E01140,売上高,acc,0,1
E01140,経常利益,acc,0,1
E01140,脱炭素/温室効果ガス,nonfin,1,0
E01142,ESG,nonfin,1,0
E01142,サステナビリティ,nonfin,1,0
E01142,営業利益,acc,0,1
E01142,売上高,acc,1,0
E01142,時価総額,stock,0,1
E01142,経常利益,acc,0,1
E01142,脱炭素/温室効果ガス,nonfin,1,0
E01146,EBITDA,acc,1,0
E01146,ROE,ratio,1,0
E01146,ROIC,ratio,1,0
E01146,ROS,ratio,1,0
E01146,エンゲージメント,nonfin,0,1
E01146,サステナビリティ,nonfin,1,1
E01146,営業利益率,ratio,1,0
E01146,売上高,acc,0,1
E01146,経常利益,acc,0,1
E01146,脱炭素/温室効果ガス,nonfin,0,1
E01147,ESG,nonfin,1,0
E01147,ROE,ratio,1,0
E01147,経常利益,acc,0,1
E01147,経常利益率,ratio,1,0
E01147,脱炭素/温室効果ガス,nonfin,1,0
E01149,技術力強化,nonfin,1,0
E01149,経常利益,acc,0,1
E01151,ESG,nonfin,0,1
E01151,ROE,ratio,1,0
E01151,ROIC,ratio,1,0
E01151,サステナビリティ,nonfin,1,0
E01151,営業利益,acc,0,1
E01151,営業利益率,ratio,1,1
E01151,売上高,acc,1,0
E01151,脱炭素/温室効果ガス,nonfin,1,0
E01151,非財務指標,nonfin,0,1
E01152,ESG,nonfin,1,0
E01152,ROE,ratio,1,0
E01152,ROIC,ratio,1,1
E01152,キャッシュフロー,acc,1,0
E01152,リスクマネジメント,nonfin,1,0
E01152,営業利益,acc,0,1
E01152,脱炭素/温室効果ガス,nonfin,1,1
E01156,ESG,nonfin,1,0
E01156,ROA,ratio,1,0
E01156,ROE,ratio,1,0
E01156,サステナビリティ,nonfin,1,0
E01156,事業利益,acc,1,0
E01156,売上高,acc,1,0
E01156,当期純利益,acc,0,1
E01156,税引前利益,acc,0,1
E01156,経常利益,acc,1,0
E01156,脱炭素/温室効果ガス,nonfin,1,0
E01162,EBITDA,acc,1,0
E01162,ESG,nonfin,0,1
E01162,ROIC,ratio,1,1
E01162,ROS,ratio,0,1
E01162,サステナビリティ,nonfin,0,1
E01162,フリーキャッシュフロー,acc,0,1
E01162,営業利益,acc,1,0
E01162,売上高,acc,1,1
E01162,当期純利益,acc,1,0
E01163,エンゲージメント,nonfin,1,0
E01163,サステナビリティ,nonfin,1,0
E01163,営業利益,acc,0,1
E01164,ROE,ratio,0,1
E01164,サステナビリティ,nonfin,1,0
E01164,営業利益,acc,1,1
E01164,売上高,acc,1,0
E01164,当期純利益,acc,0,1
E01165,ROE,ratio,1,0
E01165,利益率,ratio,1,0
E01165,営業利益,acc,0,1
E01165,売上高,acc,1,1
E01165,当期純利益,acc,0,1
E01165,自己資本比率,ratio,1,0
E01165,配当性向,stock,1,0
E01166,PBR,stock,1,0
E01166,ROE,ratio,1,0
E01166,売上高,acc,1,0
E01166,経常利益,acc,0,1
E01170,ESG,nonfin,1,0
E01170,ROE,ratio,1,0
E01170,エンゲージメント,nonfin,0,1
E01170,営業利益,acc,1,1
E01170,売上高,acc,1,1
E01170,非財務指標,nonfin,0,1
E01173,ROE,ratio,1,0
E01173,サステナビリティ,nonfin,1,0
E01173,営業利益,acc,0,1
E01180,PBR,stock,1,0
E01180,ROE,ratio,1,0
E01180,ROS,ratio,1,0
E01180,利益率,ratio,1,0
E01180,営業利益,acc,1,1
E01180,営業利益率,ratio,1,0
E01180,売上高,acc,1,0
E01180,当期純利益,acc,1,0
E01180,経常利益,acc,1,0
E01180,配当性向,stock,1,0
E01182,DOE,stock,1,0
E01182,ROE,ratio,1,0
E01182,ROIC,ratio,1,0
E01182,定性評価,nonfin,1,0
E01182,当期純利益,acc,0,1
E01182,時価総額,stock,1,0
E01183,サステナビリティ,nonfin,1,0
E01183,営業利益,acc,1,1
E01183,営業利益率,ratio,1,0
E01183,売上高,acc,1,1
E01183,当期純利益,acc,0,1
E01188,EPS,acc,1,0
E01188,PBR,stock,1,0
E01188,ROE,ratio,1,0
E01188,営業利益率,ratio,1,1
E01188,売上高,acc,1,0
E01188,当期純利益率,ratio,1,0
E01190,DOE,stock,1,0
E01190,ROE,ratio,1,0
E01190,ROIC,ratio,1,0
E01190,サステナビリティ,nonfin,1,0
E01190,営業利益,acc,1,1
E01190,営業利益率,ratio,1,0
E01190,売上高,acc,1,0
E01190,当期純利益,acc,1,0
E01190,経常利益,acc,1,0
E01190,脱炭素/温室効果ガス,nonfin,1,0
E01195,ESG,nonfin,1,0
E01195,ROE,ratio,1,0
E01195,サステナビリティ,nonfin,1,0
E01195,営業利益,acc,1,0
E01195,営業利益率,ratio,1,0
E01195,売上高,acc,1,0
E01195,当期純利益,acc,0,1
E01200,ESG,nonfin,1,0
E01200,PBR,stock,1,0
E01200,ROE,ratio,1,0
E01200,サステナビリティ,nonfin,1,0
E01200,売上高,acc,0,1
E01200,株主還元率,stock,1,0
E01200,経常利益,acc,0,1
E01200,配当性向,stock,1,0
E01202,受注高,nonfin,1,0
E01202,経常利益,acc,0,1
E01202,自己資本比率,ratio,1,0
E01206,ESG,nonfin,1,0
E01206,サステナビリティ,nonfin,1,0
E01206,当期純利益,acc,0,1
E01206,経常利益,acc,0,1
E01206,脱炭素/温室効果ガス,nonfin,1,0
E01207,DOE,stock,1,0
E01207,EBITDA,acc,0,1
E01207,ESG,nonfin,1,0
E01207,ROE,ratio,0,1
E01207,サステナビリティ,nonfin,1,0
E01207,売上高,acc,0,1
E01207,当期純利益,acc,0,1
E01207,配当性向,stock,1,0
E01210,ESG,nonfin,1,0
E01210,SDGs,nonfin,1,0
E01210,営業利益率,ratio,1,1
E01211,ROIC,ratio,1,0
E01211,サステナビリティ,nonfin,1,0
E01211,営業利益,acc,1,0
E01211,営業利益率,ratio,1,0
E01211,売上高,acc,1,0
E01211,経常利益,acc,0,1
E01212,ROE,ratio,1,0
E01212,利益率,ratio,1,0
E01212,当期純利益,acc,0,1
E01223,ESG,nonfin,0,1
E01223,ESG外部評価,nonfin,0,1
E01223,ROE,ratio,1,1
E01223,エンゲージメント,nonfin,0,1
E01223,サステナビリティ,nonfin,1,0
E01223,営業利益,acc,1,1
E01223,売上高,acc,1,1
E01223,株価成長率,stock,0,1
E01223,脱炭素/温室効果ガス,nonfin,1,0
E01229,EBITDA,acc,1,0
E01229,ESG,nonfin,1,0
E01229,ROE,ratio,1,1
E01229,経常利益,acc,1,1
E01229,脱炭素/温室効果ガス,nonfin,1,0
E01229,販売数量,nonfin,1,0
E01229,配当性向,stock,0,1
E01230,EBITDA,acc,0,1
E01230,ESG,nonfin,1,0
E01230,ROA,ratio,0,1
E01230,ROE,ratio,1,1
E01230,営業利益,acc,1,1
E01230,女性管理職比率,nonfin,1,0
E01230,定性評価,nonfin,0,1
E01230,当期純利益,acc,0,1
E01230,脱炭素/温室効果ガス,nonfin,1,0
E01230,非財務目標,nonfin,1,0
E01231,ESG,nonfin,0,1
E01231,ESG外部評価,nonfin,0,1
E01231,ROIC,ratio,1,1
E01231,キャッシュフロー,acc,1,0
E01231,サステナビリティ,nonfin,1,0
E01231,当期純利益,acc,0,1
E01231,脱炭素/温室効果ガス,nonfin,1,0
E01231,配当性向,stock,0,1
E01231,非財務指標,nonfin,1,0
E01232,ROE,ratio,0,1
E01232,サステナビリティ,nonfin,1,1
E01232,営業利益,acc,0,1
E01232,売上高,acc,1,0
E01232,定性評価,nonfin,0,1
E01233,ESG,nonfin,0,1
E01233,PBR,stock,1,0
E01233,ROE,ratio,1,1
E01233,ROIC,ratio,1,0
E01233,TSR,stock,0,1
E01233,エンゲージメント,nonfin,0,1
E01233,営業利益,acc,1,1
E01233,売上高,acc,0,1
E01233,当期純利益,acc,0,1
E01233,脱炭素/温室効果ガス,nonfin,0,1
E01233,販売数量,nonfin,1,0
E01233,非財務指標,nonfin,0,1
E01234,ROE,ratio,1,0
E01234,サステナビリティ,nonfin,1,0
E01234,営業利益,acc,1,1
E01234,営業損益,acc,0,1
E01234,売上収益,acc,1,0
E01234,非財務指標,nonfin,0,1
E01235,サステナビリティ,nonfin,1,0
E01235,利益率,ratio,1,0
E01235,売上高,acc,1,0
E01235,経常利益,acc,1,1
E01239,DOE,stock,1,0
E01239,ESG,nonfin,1,0
E01239,PBR,stock,1,0
E01239,ROE,ratio,1,1
E01239,ROIC,ratio,1,0
E01239,エンゲージメント,nonfin,1,0
E01239,サステナビリティ,nonfin,1,0
E01239,営業利益,acc,1,1
E01239,当期純利益率,ratio,1,0
E01239,時価総額,stock,0,1
E01239,経常利益,acc,0,1
E01239,脱炭素/温室効果ガス,nonfin,1,0
E01239,配当性向,stock,1,0
E01242,D/Eレシオ,ratio,1,0
E01242,DOE,stock,1,0
E01242,EBITDA,acc,1,0
E01242,PBR,stock,1,0
E01242,ROE,ratio,1,0
E01242,営業利益,acc,0,1
E01242,売上高比,ratio,1,0
E01242,経常利益,acc,1,0
E01242,配当性向,stock,1,0
E01245,ROE,ratio,1,0
E01245,ROS,ratio,1,0
E01245,営業利益,acc,1,0
E01245,売上高,acc,1,0
E01245,経常利益,acc,0,1
E01247,ESG,nonfin,1,0
E01247,ROE,ratio,1,0
E01247,ROIC,ratio,1,0
E01247,サステナビリティ,nonfin,1,0
E01247,営業利益,acc,1,1
E01247,売上高,acc,1,0
E01247,販売数量,nonfin,1,0
E01247,配当性向,stock,1,0
E01251,DOE,stock,1,0
E01251,ROE,ratio,1,0
E01251,当期純利益,acc,0,1
E01251,時価総額,stock,1,0
E01251,経常利益,acc,1,0
E01251,脱炭素/温室効果ガス,nonfin,1,0
E01253,ROE,ratio,1,1
E01253,営業利益,acc,1,1
E01253,売上高,acc,1,1
E01253,経常利益,acc,0,1
E01253,脱炭素/温室効果ガス,nonfin,1,1
E01253,販売数量,nonfin,1,0
E01253,配当性向,stock,1,1
E01254,サステナビリティ,nonfin,1,0
E01254,当期純利益,acc,0,1
E01256,ROE,ratio,1,0
E01256,エンゲージメント,nonfin,1,0
E01256,サステナビリティ,nonfin,1,0
E01256,売上高,acc,1,0
E01256,経常利益,acc,1,1
E01256,脱炭素/温室効果ガス,nonfin,1,0
E01259,キャッシュフロー,acc,1,0
E01259,サステナビリティ,nonfin,1,0
E01259,売上高,acc,1,0
E01259,経常利益,acc,0,1
E01259,販売数量,nonfin,1,0
E01260,ESG,nonfin,1,0
E01260,ROA,ratio,0,1
E01260,利益率,ratio,0,1
E01260,経常利益,acc,0,1
E01260,脱炭素/温室効果ガス,nonfin,1,0
E01262,ESG外部評価,nonfin,0,1
E01262,PBR,stock,1,0
E01262,PER,stock,1,0
E01262,ROE,ratio,1,1
E01262,エンゲージメント,nonfin,1,0
E01262,キャッシュフロー,acc,1,0
E01262,サステナビリティ,nonfin,1,0
E01262,フリーキャッシュフロー,acc,1,0
E01262,再生可能エネルギー,nonfin,1,0
E01262,売上高,acc,1,0
E01262,経常利益,acc,1,0
E01262,脱炭素/温室効果ガス,nonfin,1,0
E01262,配当性向,stock,1,0
E01264,PBR,stock,1,0
E01264,ROE,ratio,1,1
E01264,TSR,stock,0,1
E01264,エンゲージメント,nonfin,0,1
E01264,サステナビリティ,nonfin,1,0
E01264,労働安全,nonfin,0,1
E01264,脱炭素/温室効果ガス,nonfin,1,0
E01264,非財務指標,nonfin,0,1
E01266,ESG,nonfin,1,0
E01266,PBR,stock,1,0
E01266,ROE,ratio,1,0
E01266,当期純利益,acc,1,1
E01266,脱炭素/温室効果ガス,nonfin,1,0
E01266,自己資本比率,ratio,1,0
E01266,配当性向,stock,1,0
E01267,ESG,nonfin,1,1
E01267,ROIC,ratio,0,1
E01267,TSR,stock,0,1
E01267,フリーキャッシュフロー,acc,1,0
E01267,営業利益率,ratio,1,1
E01267,売上高,acc,1,1
E01268,PBR,stock,1,0
E01268,PER,stock,1,0
E01268,ROE,ratio,1,1
E01268,キャッシュフロー,acc,1,0
E01268,サステナビリティ,nonfin,1,0
E01268,営業利益,acc,1,1
E01268,営業利益率,ratio,1,0
E01268,売上高,acc,1,0
E01268,脱炭素/温室効果ガス,nonfin,1,0
E01268,配当性向,stock,1,0
E01269,ROA,ratio,1,0
E01269,当期純利益,acc,0,1
E01269,経常利益率,ratio,1,0
E01269,脱炭素/温室効果ガス,nonfin,1,0
E01269,自己資本比率,ratio,1,0
E01275,ROS,ratio,1,0
E01275,売上高,acc,1,0
E01275,経常利益,acc,0,1
E01275,配当性向,stock,1,0
E01276,営業利益,acc,1,0
E01276,売上高,acc,1,0
E01276,当期純利益,acc,1,1
E01276,経常利益,acc,1,0
E01276,配当性向,stock,0,1
E01280,ESG,nonfin,1,0
E01280,ESG外部評価,nonfin,1,0
E01280,PBR,stock,1,0
E01280,ROA,ratio,1,0
E01280,ROE,ratio,1,0
E01280,ROS,ratio,1,0
E01280,SDGs,nonfin,1,0
E01280,エンゲージメント,nonfin,1,0
E01280,サステナビリティ,nonfin,1,0
E01280,売上高,acc,1,0
E01280,廃棄物削減,nonfin,1,0
E01280,経常利益,acc,1,1
E01280,経常利益率,ratio,1,0
E01280,脱炭素/温室効果ガス,nonfin,1,0
E01280,配当性向,stock,1,0
E01287,EBITDA,acc,1,0
E01287,ESG,nonfin,1,0
E01287,SDGs,nonfin,1,0
E01287,エンゲージメント,nonfin,1,0
E01287,利益率,ratio,1,0
E01287,営業利益,acc,1,0
E01287,営業利益率,ratio,1,0
E01287,売上高,acc,1,0
E01287,当期純利益,acc,0,1
E01287,経常利益,acc,1,1
E01287,経常利益率,ratio,1,0
E01287,脱炭素/温室効果ガス,nonfin,1,0
E01292,ROE,ratio,1,0
E01292,キャッシュフロー,acc,1,0
E01292,サステナビリティ,nonfin,1,0
E01292,経常利益,acc,1,0
E01292,経常利益率,ratio,0,1
E01292,脱炭素/温室効果ガス,nonfin,1,0
E01294,DOE,stock,1,0
E01294,ROE,ratio,1,0
E01294,サステナビリティ,nonfin,1,0
E01294,利益率,ratio,1,0
E01294,売上高,acc,1,0
E01294,女性管理職比率,nonfin,1,0
E01294,経常利益,acc,1,1
E01294,脱炭素/温室効果ガス,nonfin,1,0
E01294,非財務指標,nonfin,1,0
E01296,ROS,ratio,1,0
E01296,当期純利益,acc,0,1
E01296,経常利益率,ratio,1,0
E01296,自己資本比率,ratio,1,0
E01296,販売数量,nonfin,1,0
E01298,DOE,stock,1,0
E01298,ROE,ratio,1,0
E01298,サステナビリティ,nonfin,1,0
E01298,営業利益,acc,0,1
E01298,営業利益率,ratio,1,0
E01298,売上高,acc,1,0
E01298,当期純利益,acc,1,0
E01298,当期純利益率,ratio,1,0
E01298,経常利益,acc,1,0
E01303,PBR,stock,1,0
E01303,ROE,ratio,1,1
E01303,エンゲージメント,nonfin,1,0
E01303,キャッシュフロー,acc,1,0
E01303,営業利益率,ratio,1,1
E01303,売上高,acc,1,0
E01303,当期純利益,acc,0,1
E01303,脱炭素/温室効果ガス,nonfin,1,0
E01303,自己資本比率,ratio,1,0
E01303,配当性向,stock,1,0
E01315,ROE,ratio,1,0
E01315,エンゲージメント,nonfin,1,0
E01315,営業利益,acc,1,1
E01315,売上高,acc,1,0
E01315,経常利益,acc,0,1
E01317,ROIC,ratio,1,1
E01317,サステナビリティ,nonfin,1,0
E01317,事業利益,acc,1,1
E01317,事業利益率,ratio,1,1
E01317,利益率,ratio,1,0
E01317,営業利益,acc,0,1
E01317,売上収益,acc,1,1
E01317,当期純利益,acc,0,1
E01318,DOE,stock,1,0
E01318,PBR,stock,1,0
E01318,ROE,ratio,1,0
E01318,サステナビリティ,nonfin,1,0
E01318,経常利益,acc,1,1
E01318,配当性向,stock,1,0
E01320,サステナビリティ,nonfin,1,0
E01320,営業利益,acc,0,1
E01320,廃棄物削減,nonfin,1,0
E01320,当期純利益,acc,0,1
E01320,経常利益,acc,0,1
E01320,脱炭素/温室効果ガス,nonfin,1,0
E01325,SDGs,nonfin,1,0
E01325,売上高,acc,1,0
E01325,当期純利益,acc,0,1
E01325,経常利益率,ratio,1,0
E01325,限界利益,acc,1,0
E01330,EBITDA,acc,0,1
E01330,ROE,ratio,1,1
E01330,ROIC,ratio,1,1
E01330,TSR,stock,0,1
E01330,エンゲージメント,nonfin,1,0
E01330,サステナビリティ,nonfin,0,1
E01330,事業利益,acc,1,1
E01330,事業利益率,ratio,1,0
E01330,営業利益,acc,1,1
E01330,売上高,acc,1,0
E01330,当期純利益,acc,0,1
E01330,脱炭素/温室効果ガス,nonfin,1,0
E01332,ESG,nonfin,1,1
E01332,ESG外部評価,nonfin,1,0
E01332,EVA,acc,1,0
E01332,ROE,ratio,1,0
E01332,ROIC,ratio,1,0
E01332,SDGs,nonfin,1,0
E01332,エンゲージメント,nonfin,1,1
E01332,サステナビリティ,nonfin,1,1
E01332,フリーキャッシュフロー,acc,1,0
E01332,再生可能エネルギー,nonfin,1,0
E01332,営業利益,acc,1,1
E01332,営業利益率,ratio,1,0
E01332,売上高,acc,1,0
E01332,売上高比,ratio,1,0
E01332,当期純利益,acc,1,0
E01332,脱炭素/温室効果ガス,nonfin,1,1
E01332,自己資本比率,ratio,1,0
E01333,ROE,ratio,0,1
E01333,ROIC,ratio,1,1
E01333,サステナビリティ,nonfin,1,0
E01333,利益率,ratio,1,0
E01333,営業利益,acc,1,1
E01333,営業利益率,ratio,0,1
E01333,売上高,acc,1,1
E01333,当期純利益,acc,0,1
E01333,経常利益,acc,0,1
E01334,ROE,ratio,1,1
E01334,ROIC,ratio,1,1
E01334,利益率,ratio,0,1
E01334,営業利益,acc,1,1
E01334,営業利益率,ratio,0,1
E01334,売上高,acc,1,0
E01334,技術力強化,nonfin,1,0
E01334,自己資本比率,ratio,1,0
E01334,配当性向,stock,1,0
E01336,ESG,nonfin,0,1
E01336,ROIC,ratio,1,1
E01336,TSR,stock,1,0
E01336,エンゲージメント,nonfin,1,1
E01336,キャッシュフロー,acc,1,0
E01336,再生可能エネルギー,nonfin,0,1
E01336,労働安全,nonfin,0,1
E01336,営業利益,acc,1,1
E01336,営業利益率,ratio,1,0
E01336,脱炭素/温室効果ガス,nonfin,0,1
E01348,利益率,ratio,1,0
E01348,営業利益,acc,0,1
E01350,SDGs,nonfin,1,0
E01350,当期純利益,acc,0,1
E01351,EBITDA,acc,0,1
E01351,ESG,nonfin,1,0
E01351,ROE,ratio,0,1
E01351,売上高,acc,1,0
E01351,当期純利益,acc,0,1
E01351,経常利益,acc,0,1
E01351,経常利益率,ratio,1,1
E01353,DOE,stock,1,0
E01353,EBITDA,acc,1,1
E01353,ESG,nonfin,0,1
E01353,ROE,ratio,1,1
E01353,キャッシュフロー,acc,1,0
E01353,営業利益,acc,1,1
E01353,営業利益率,ratio,0,1
E01353,売上高,acc,1,1
E01353,売上高比,ratio,1,0
E01353,当期純利益,acc,1,0
E01353,経常利益,acc,1,0
E01355,EPS,acc,1,0
E01355,TSR,stock,0,1
E01355,営業利益,acc,1,1
E01355,売上高,acc,1,1
E01364,ESG,nonfin,1,0
E01364,ROE,ratio,1,0
E01364,エンゲージメント,nonfin,1,0
E01364,キャッシュフロー,acc,1,0
E01364,サステナビリティ,nonfin,1,0
E01364,事業利益,acc,1,0
E01364,利益率,ratio,1,0
E01364,営業利益,acc,1,0
E01364,営業利益率,ratio,1,0
E01364,売上高,acc,1,0
E01364,当期純利益,acc,0,1
E01364,経常利益,acc,1,0
E01364,経常利益率,ratio,1,0
E01367,ROE,ratio,1,0
E01367,ROIC,ratio,1,0
E01367,サステナビリティ,nonfin,1,0
E01367,利益率,ratio,1,0
E01367,営業利益,acc,1,0
E01367,売上高,acc,1,0
E01367,当期純利益,acc,1,0
E01367,経常利益,acc,1,1
E01367,自己資本比率,ratio,1,0
E01367,配当性向,stock,1,0
E01368,ROE,ratio,1,0
E01368,営業利益,acc,1,0
E01368,売上高,acc,1,0
E01368,当期純利益,acc,1,1
E01370,DOE,stock,1,0
E01370,ROE,ratio,1,0
E01370,営業利益,acc,1,1
E01370,売上高,acc,1,0
E01370,配当性向,stock,1,0
E01372,ROE,ratio,1,0
E01372,SDGs,nonfin,1,0
E01372,エンゲージメント,nonfin,1,0
E01372,営業利益,acc,1,1
E01372,営業利益率,ratio,1,0
E01372,売上高,acc,1,0
E01372,当期純利益,acc,0,1
E01372,時価総額,stock,1,0
E01372,脱炭素/温室効果ガス,nonfin,1,0
E01372,配当性向,stock,1,0
E01377,ESG,nonfin,1,0
E01377,ROE,ratio,1,0
E01377,エンゲージメント,nonfin,1,0
E01377,サステナビリティ,nonfin,1,0
E01377,利益率,ratio,1,0
E01377,営業利益,acc,0,1
E01377,営業利益率,ratio,1,0
E01377,脱炭素/温室効果ガス,nonfin,1,0
E01378,EBITDA,acc,1,0
E01378,EPS,acc,1,0
E01378,ROE,ratio,1,0
E01378,SDGs,nonfin,1,0
E01378,営業利益,acc,1,1
E01378,営業損益,acc,0,1
E01378,売上高,acc,1,0
E01378,当期純利益,acc,0,1
E01378,株主還元率,stock,1,0
E01379,ESG,nonfin,1,0
E01379,ROA,ratio,0,1
E01379,ROE,ratio,1,0
E01379,SDGs,nonfin,1,0
E01379,フリーキャッシュフロー,acc,1,0
E01379,利益率,ratio,0,1
E01379,営業利益,acc,0,1
E01379,売上高,acc,1,0
E01380,営業利益率,ratio,1,0
E01380,売上高,acc,1,0
E01380,当期純利益,acc,0,1
E01382,ESG,nonfin,1,0
E01382,ROE,ratio,1,1
E01382,ROIC,ratio,1,0
E01382,サステナビリティ,nonfin,1,1
E01382,営業利益,acc,0,1
E01382,営業利益率,ratio,1,1
E01382,売上高,acc,0,1
E01382,売上高成長率,acc,0,1
E01382,自己資本比率,ratio,1,0
E01385,ESG,nonfin,1,0
E01385,ROE,ratio,1,0
E01385,ROIC,ratio,1,0
E01385,サステナビリティ,nonfin,1,0
E01385,営業利益,acc,1,1
E01385,営業利益率,ratio,1,0
E01385,売上高,acc,1,0
E01385,脱炭素/温室効果ガス,nonfin,1,0
E01391,ROE,ratio,1,0
E01391,利益率,ratio,1,0
E01391,営業利益,acc,1,0
E01391,売上総利益,acc,1,0
E01391,売上高,acc,1,0
E01391,当期純利益,acc,1,0
E01391,経常利益,acc,1,0
E01391,経常利益率,ratio,0,1
E01394,PBR,stock,1,0
E01394,ROE,ratio,1,0
E01394,利益率,ratio,1,0
E01394,営業利益率,ratio,1,0
E01394,当期純利益,acc,0,1
E01396,ROE,ratio,1,0
E01396,SDGs,nonfin,1,0
E01396,サステナビリティ,nonfin,1,0
E01396,営業利益,acc,0,1
E01396,営業利益率,ratio,1,0
E01396,売上高,acc,1,0
E01396,脱炭素/温室効果ガス,nonfin,1,0
E01400,ROA,ratio,1,0
E01400,ROE,ratio,1,1
E01400,ROIC,ratio,1,0
E01400,サステナビリティ,nonfin,1,0
E01400,営業利益,acc,1,1
E01400,営業利益率,ratio,1,0
E01400,売上高,acc,1,1
E01400,当期純利益,acc,0,1
E01400,当期純利益率,ratio,1,0
E01400,経常利益,acc,0,1
E01400,脱炭素/温室効果ガス,nonfin,1,0
E01400,販売数量,nonfin,1,0
E01402,ROE,ratio,1,0
E01402,営業利益,acc,1,1
E01402,営業利益率,ratio,1,1
E01402,売上高,acc,1,1
E01402,当期純利益,acc,1,1
E01403,キャッシュフロー,acc,1,0
E01403,営業利益,acc,1,0
E01403,売上高,acc,1,0
E01403,当期純利益,acc,1,1
E01403,経常利益,acc,1,0
E01405,ESG,nonfin,1,0
E01405,ROE,ratio,1,0
E01405,サステナビリティ,nonfin,1,0
E01405,営業利益,acc,1,1
E01405,営業利益率,ratio,1,0
E01405,売上高,acc,1,0
E01411,ESG,nonfin,1,0
E01411,ROE,ratio,1,0
E01411,サステナビリティ,nonfin,1,0
E01411,利益率,ratio,1,0
E01411,営業利益,acc,1,0
E01411,経常利益,acc,0,1
E01412,PBR,stock,1,0
E01412,ROE,ratio,1,1
E01412,エンゲージメント,nonfin,0,1
E01412,サステナビリティ,nonfin,1,1
E01412,営業利益,acc,1,1
E01412,営業利益率,ratio,0,1
E01412,売上高,acc,1,1
E01412,当期純利益,acc,1,0
E01412,経常利益,acc,1,1
E01412,脱炭素/温室効果ガス,nonfin,0,1
E01413,ESG,nonfin,1,0
E01413,ROE,ratio,1,1
E01413,ROIC,ratio,1,1
E01413,SDGs,nonfin,1,0
E01413,エンゲージメント,nonfin,1,0
E01413,サステナビリティ,nonfin,1,0
E01413,営業利益,acc,1,1
E01413,営業利益率,ratio,1,0
E01413,売上高,acc,1,1
E01413,当期純利益,acc,0,1
E01413,脱炭素/温室効果ガス,nonfin,1,0
E01414,ESG,nonfin,0,1
E01414,ESG外部評価,nonfin,0,1
E01414,ROE,ratio,1,0
E01414,ROIC,ratio,1,1
E01414,営業利益,acc,0,1
E01414,売上高,acc,1,0
E01414,非財務指標,nonfin,0,1
E01415,PBR,stock,1,0
E01415,PER,stock,1,0
E01415,ROE,ratio,1,1
E01415,エンゲージメント,nonfin,1,0
E01415,サステナビリティ,nonfin,1,0
E01415,営業利益,acc,1,1
E01415,売上高,acc,1,0
E01415,脱炭素/温室効果ガス,nonfin,1,0
E01415,配当性向,stock,1,0
E01417,DOE,stock,1,0
E01417,ESG,nonfin,0,1
E01417,ROE,ratio,1,1
E01417,ROIC,ratio,1,0
E01417,TSR,stock,0,1
E01417,エンゲージメント,nonfin,1,1
E01417,営業利益,acc,1,1
E01417,営業利益率,ratio,1,0
E01417,売上高,acc,1,0
E01417,脱炭素/温室効果ガス,nonfin,1,0
E01417,配当性向,stock,1,0
E01420,ESG,nonfin,1,0
E01420,PBR,stock,1,0
E01420,ROE,ratio,1,0
E01420,サステナビリティ,nonfin,1,0
E01420,営業利益率,ratio,1,0
E01420,売上高,acc,1,1
E01420,脱炭素/温室効果ガス,nonfin,1,0
E01421,営業利益,acc,1,1
E01421,営業利益率,ratio,1,0
E01421,営業損益,acc,1,0
E01421,売上高,acc,1,0
E01421,当期純利益,acc,1,0
E01422,ESG,nonfin,1,0
E01422,PBR,stock,1,0
E01422,サステナビリティ,nonfin,1,0
E01422,営業利益,acc,1,1
E01422,当期純利益,acc,0,1
E01422,脱炭素/温室効果ガス,nonfin,1,0
E01426,PBR,stock,1,0
E01426,ROE,ratio,1,0
E01426,営業利益,acc,1,1
E01426,営業利益率,ratio,1,0
E01426,脱炭素/温室効果ガス,nonfin,1,0
E01427,キャッシュフロー,acc,1,0
E01427,売上総利益,acc,1,0
E01427,売上高,acc,1,0
E01427,当期純利益,acc,0,1
E01427,経常利益率,ratio,1,0
E01428,ROA,ratio,1,0
E01428,営業利益,acc,1,1
E01428,営業利益率,ratio,1,0
E01428,売上高,acc,1,0
E01428,経常利益,acc,1,0
E01430,EBITDA,acc,0,1
E01430,ESG,nonfin,0,1
E01430,ROE,ratio,0,1
E01430,売上高,acc,0,1
E01430,経常利益,acc,0,1
E01430,配当性向,stock,1,0
E01431,ROE,ratio,1,0
E01431,利益率,ratio,1,0
E01431,営業利益,acc,0,1
E01431,営業利益率,ratio,1,0
E01437,営業利益率,ratio,1,0
E01437,当期純利益,acc,0,1
E01438,ESG,nonfin,1,0
E01438,ROE,ratio,0,1
E01438,サステナビリティ,nonfin,1,0
E01438,営業利益,acc,0,1
E01438,当期純利益,acc,0,1
E01438,脱炭素/温室効果ガス,nonfin,1,0
E01438,配当性向,stock,1,0
E01443,DOE,stock,1,0
E01443,ESG,nonfin,1,0
E01443,ROA,ratio,0,1
E01443,ROE,ratio,1,1
E01443,ROIC,ratio,1,0
E01443,エンゲージメント,nonfin,1,0
E01443,キャッシュフロー,acc,1,0
E01443,サステナビリティ,nonfin,1,0
E01443,売上高,acc,1,0
E01443,経常利益,acc,1,1
E01443,経常利益率,ratio,1,1
E01443,脱炭素/温室効果ガス,nonfin,1,0
E01443,配当性向,stock,1,0
E01444,サステナビリティ,nonfin,1,0
E01444,営業利益,acc,0,1
E01444,売上高,acc,1,0
E01444,経常利益,acc,1,0
E01444,経常利益率,ratio,1,0
E01444,脱炭素/温室効果ガス,nonfin,1,0
E01445,ESG,nonfin,1,0
E01445,SDGs,nonfin,1,0
E01445,営業利益,acc,1,1
E01445,売上高,acc,1,0
E01445,経常利益,acc,1,0
E01452,ROA,ratio,1,0
E01452,サステナビリティ,nonfin,1,0
E01452,フリーキャッシュフロー,acc,0,1
E01452,営業利益,acc,1,1
E01452,営業利益率,ratio,0,1
E01452,売上高,acc,1,0
E01452,定性評価,nonfin,0,1
E01454,ESG,nonfin,1,0
E01454,SDGs,nonfin,1,0
E01454,サステナビリティ,nonfin,1,0
E01454,当期純利益,acc,0,1
E01454,経常利益,acc,0,1
E01456,ESG,nonfin,1,0
E01456,営業利益,acc,0,1
E01456,営業利益率,ratio,1,0
E01456,経常利益,acc,0,1
E01456,脱炭素/温室効果ガス,nonfin,1,0
E01459,ROE,ratio,1,0
E01459,サステナビリティ,nonfin,1,0
E01459,営業利益,acc,0,1
E01462,ROA,ratio,1,0
E01462,ROE,ratio,1,0
E01462,営業利益,acc,0,1
E01462,売上高,acc,1,0
E01462,経常利益率,ratio,1,0
E01464,ESG,nonfin,1,0
E01464,SDGs,nonfin,1,0
E01464,サステナビリティ,nonfin,1,0
E01464,営業利益,acc,1,1
E01464,売上総利益,acc,1,0
E01464,売上高,acc,1,1
E01464,売上高比,ratio,1,0
E01464,廃棄物削減,nonfin,1,0
E01464,経常利益,acc,1,0
E01465,ROA,ratio,0,1
E01465,ROE,ratio,0,1
E01465,ROIC,ratio,1,0
E01465,エンゲージメント,nonfin,0,1
E01465,営業利益率,ratio,0,1
E01465,経常利益率,ratio,0,1
E01469,ESG,nonfin,1,0
E01469,ROE,ratio,1,1
E01469,エンゲージメント,nonfin,1,0
E01469,受注高,nonfin,1,0
E01469,経常利益,acc,1,1
E01471,ROE,ratio,1,0
E01471,営業利益,acc,1,0
E01471,営業利益率,ratio,1,0
E01471,売上高,acc,1,0
E01471,当期純利益,acc,1,0
E01471,経常利益,acc,1,1
E01471,経常利益率,ratio,0,1
E01471,脱炭素/温室効果ガス,nonfin,1,0
E01474,サステナビリティ,nonfin,1,0
E01474,営業利益,acc,0,1
E01474,売上高,acc,1,0
E01474,経常利益,acc,1,0
E01474,脱炭素/温室効果ガス,nonfin,1,0
E01478,EPS,acc,1,0
E01478,ESG,nonfin,1,0
E01478,ROE,ratio,1,1
E01478,営業利益,acc,1,1
E01478,売上収益,acc,1,1
E01481,ROE,ratio,1,0
E01481,ROIC,ratio,1,0
E01481,営業利益,acc,0,1
E01481,営業利益率,ratio,1,1
E01481,売上高,acc,1,0
E01481,売上高比,ratio,1,0
E01481,当期純利益,acc,0,1
E01482,ESG,nonfin,1,0
E01482,ROE,ratio,0,1
E01482,ROIC,ratio,0,1
E01482,利益率,ratio,1,0
E01482,営業利益,acc,1,0
E01482,営業利益率,ratio,0,1
E01482,売上高,acc,1,0
E01482,当期純利益,acc,1,0
E01482,経常利益,acc,1,0
E01486,DOE,stock,1,0
E01486,EPS,acc,1,0
E01486,ROE,ratio,1,1
E01486,TSR,stock,1,0
E01486,エンゲージメント,nonfin,1,0
E01486,キャッシュフロー,acc,1,0
E01486,サステナビリティ,nonfin,1,0
E01486,営業利益,acc,1,1
E01486,営業利益率,ratio,1,0
E01486,売上収益,acc,1,1
E01486,当期純利益,acc,0,1
E01486,株主還元率,stock,1,0
E01486,脱炭素/温室効果ガス,nonfin,1,0
E01486,配当性向,stock,1,1
E01486,非財務目標,nonfin,1,0
E01486,顧客満足度,nonfin,1,0
E01488,ESG,nonfin,1,0
E01488,ROIC,ratio,1,0
E01488,営業利益,acc,0,1
E01488,営業利益率,ratio,1,0
E01488,売上高,acc,1,1
E01488,当期純利益,acc,0,1
E01488,配当性向,stock,1,0
E01495,ESG,nonfin,1,1
E01495,ROE,ratio,1,1
E01495,営業利益,acc,1,1
E01495,売上高,acc,1,0
E01495,配当性向,stock,1,0
E01499,ROE,ratio,1,0
E01499,利益率,ratio,1,0
E01499,営業利益,acc,1,1
E01499,営業利益率,ratio,1,0
E01499,売上高,acc,1,0
E01499,当期純利益,acc,1,1
E01502,ESG外部評価,nonfin,1,0
E01502,ROE,ratio,1,0
E01502,サステナビリティ,nonfin,1,0
E01502,利益率,ratio,1,0
E01502,受注高,nonfin,1,0
E01502,営業利益,acc,1,1
E01502,営業利益率,ratio,1,0
E01502,売上収益,acc,1,1
E01502,売上高,acc,0,1
E01502,当期純利益,acc,1,0
E01502,当期純利益率,ratio,1,0
E01502,脱炭素/温室効果ガス,nonfin,1,1
E01504,EBITDA,acc,0,1
E01504,EPS,acc,1,0
E01504,PBR,stock,1,0
E01504,ROE,ratio,1,0
E01504,SDGs,nonfin,1,0
E01504,サステナビリティ,nonfin,1,0
E01504,営業利益,acc,1,0
E01504,売上高,acc,1,0
E01504,当期純利益,acc,1,1
E01504,株主還元率,stock,1,0
E01505,営業利益,acc,1,1
E01505,営業利益率,ratio,1,0
E01505,売上高,acc,1,0
E01506,ESG,nonfin,0,1
E01506,ESG外部評価,nonfin,0,1
E01506,エンゲージメント,nonfin,1,1
E01506,サステナビリティ,nonfin,1,0
E01506,売上高,acc,1,1
E01506,定性評価,nonfin,0,1
E01506,経常利益率,ratio,1,1
E01506,脱炭素/温室効果ガス,nonfin,1,1
E01509,ROE,ratio,1,0
E01509,サステナビリティ,nonfin,1,0
E01509,営業利益,acc,1,1
E01509,営業利益率,ratio,0,1
E01509,売上高,acc,1,1
E01510,ROE,ratio,1,0
E01510,営業利益率,ratio,1,0
E01510,売上高,acc,1,0
E01510,当期純利益,acc,0,1
E01511,売上高,acc,1,0
E01511,当期純利益,acc,0,1
E01511,経常利益率,ratio,1,0
E01515,ESG,nonfin,1,0
E01515,ROE,ratio,1,1
E01515,サステナビリティ,nonfin,1,0
E01515,利益率,ratio,1,0
E01515,営業利益,acc,1,1
E01515,売上高,acc,1,0
E01515,配当性向,stock,1,0
E01521,ROE,ratio,1,0
E01521,利益率,ratio,1,0
E01521,営業利益,acc,1,0
E01521,営業利益率,ratio,1,0
E01521,売上高,acc,1,0
E01521,当期純利益,acc,0,1
E01529,ROE,ratio,1,0
E01529,営業利益,acc,1,0
E01529,営業利益率,ratio,1,0
E01529,売上高,acc,1,1
E01529,当期純利益,acc,1,1
E01529,経常利益,acc,0,1
E01529,配当性向,stock,1,0
E01531,ROE,ratio,1,0
E01531,SDGs,nonfin,1,0
E01531,サステナビリティ,nonfin,1,0
E01531,営業利益,acc,1,1
E01531,売上高,acc,1,0
E01531,当期純利益,acc,1,1
E01531,経常利益,acc,1,0
E01532,D/Eレシオ,ratio,1,1
E01532,ROA,ratio,1,1
E01532,ROE,ratio,1,1
E01532,フリーキャッシュフロー,acc,1,1
E01532,利益率,ratio,0,1
E01532,営業利益率,ratio,0,1
E01532,売上高,acc,0,1
E01532,脱炭素/温室効果ガス,nonfin,1,0
E01532,配当性向,stock,1,0
E01533,DOE,stock,1,0
E01533,ESG,nonfin,1,0
E01533,ROIC,ratio,1,1
E01533,SDGs,nonfin,1,0
E01533,キャッシュフロー,acc,1,0
E01533,サステナビリティ,nonfin,1,0
E01533,労働安全,nonfin,0,1
E01533,営業利益,acc,1,1
E01533,営業利益率,ratio,0,1
E01533,売上高,acc,1,1
E01533,株主還元率,stock,1,0
E01533,非財務目標,nonfin,1,0
E01534,サステナビリティ,nonfin,1,0
E01534,営業利益,acc,0,1
E01534,売上高,acc,1,0
E01536,DOE,stock,1,0
E01536,ESG,nonfin,1,0
E01536,ROE,ratio,1,1
E01536,ROIC,ratio,1,0
E01536,エンゲージメント,nonfin,1,1
E01536,キャッシュフロー,acc,1,0
E01536,サステナビリティ,nonfin,1,0
E01536,営業利益,acc,0,1
E01536,営業利益率,ratio,1,0
E01536,売上高,acc,1,1
E01536,定性評価,nonfin,0,1
E01536,脱炭素/温室効果ガス,nonfin,1,0
E01536,自己資本比率,ratio,1,0
E01536,配当性向,stock,1,0
E01537,ROE,ratio,1,1
E01537,ROIC,ratio,1,0
E01537,エンゲージメント,nonfin,1,0
E01537,キャッシュフロー,acc,1,0
E01537,サステナビリティ,nonfin,1,0
E01537,営業利益,acc,1,1
E01537,売上高,acc,1,0
E01537,売上高比,ratio,1,0
E01537,当期純利益,acc,1,1
E01537,技術力強化,nonfin,1,0
E01537,脱炭素/温室効果ガス,nonfin,1,0
E01539,ROE,ratio,1,0
E01539,サステナビリティ,nonfin,1,0
E01539,営業利益,acc,1,0
E01539,売上高,acc,1,0
E01539,当期純利益,acc,0,1
E01541,EBITDA,acc,1,0
E01541,ROE,ratio,1,0
E01541,SDGs,nonfin,1,0
E01541,利益率,ratio,1,0
E01541,営業利益,acc,0,1
E01541,売上総利益率,ratio,1,0
E01541,売上高,acc,1,0
E01541,当期純利益率,ratio,0,1
E01541,経常利益率,ratio,0,1
E01542,ESG,nonfin,1,1
E01542,ESG外部評価,nonfin,1,1
E01542,EVA,acc,1,0
E01542,ROE,ratio,1,0
E01542,ROIC,ratio,1,1
E01542,WACC,ratio,1,0
E01542,エンゲージメント,nonfin,1,1
E01542,サステナビリティ,nonfin,1,0
E01542,フリーキャッシュフロー,acc,1,0
E01542,営業利益,acc,0,1
E01542,営業利益率,ratio,1,0
E01542,売上収益,acc,1,1
E01542,女性管理職比率,nonfin,1,0
E01542,当期純利益,acc,0,1
E01542,時価総額,stock,1,0
E01542,脱炭素/温室効果ガス,nonfin,1,1
E01542,配当性向,stock,1,0
E01544,ESG,nonfin,1,0
E01544,ROE,ratio,1,0
E01544,サステナビリティ,nonfin,0,1
E01544,受注高,nonfin,1,0
E01544,営業利益,acc,1,0
E01544,営業利益率,ratio,1,0
E01544,経常利益,acc,0,1
E01544,配当性向,stock,1,0
E01545,DOE,stock,1,0
E01545,EBITDA,acc,1,0
E01545,ESG,nonfin,1,0
E01545,PBR,stock,1,0
E01545,PER,stock,1,0
E01545,ROE,ratio,1,0
E01545,ROIC,ratio,1,0
E01545,営業利益,acc,1,1
E01545,売上高,acc,1,0
E01546,売上高,acc,1,0
E01546,経常利益,acc,1,1
E01546,脱炭素/温室効果ガス,nonfin,1,0
E01547,サステナビリティ,nonfin,1,0
E01547,営業利益,acc,1,1
E01547,営業利益率,ratio,1,0
E01547,脱炭素/温室効果ガス,nonfin,1,0
E01548,キャッシュフロー,acc,1,0
E01548,営業利益,acc,0,1
E01548,経常利益率,ratio,1,0
E01551,ESG,nonfin,1,1
E01551,ESG外部評価,nonfin,1,1
E01551,ROE,ratio,1,1
E01551,エンゲージメント,nonfin,1,0
E01551,サステナビリティ,nonfin,1,1
E01551,利益率,ratio,0,1
E01551,利益率の改善率,ratio,0,1
E01551,労働安全,nonfin,1,0
E01551,営業利益,acc,1,0
E01551,営業利益率,ratio,1,1
E01551,売上高,acc,1,1
E01551,定性評価,nonfin,0,1
E01551,当期純利益,acc,0,1
E01551,当期純利益率,ratio,0,1
E01551,脱炭素/温室効果ガス,nonfin,1,1
E01551,配当性向,stock,1,0
E01551,非財務指標,nonfin,0,1
E01554,EPS,acc,1,1
E01554,ROE,ratio,1,0
E01554,営業利益,acc,1,0
E01554,売上高,acc,1,1
E01554,経常利益,acc,0,1
E01554,脱炭素/温室効果ガス,nonfin,1,0
E01563,DOE,stock,1,0
E01563,ESG,nonfin,1,0
E01563,PBR,stock,1,0
E01563,ROE,ratio,1,0
E01563,サステナビリティ,nonfin,1,0
E01563,利益率,ratio,1,0
E01563,営業利益率,ratio,1,1
E01563,売上高,acc,1,0
E01568,ROE,ratio,1,0
E01568,エンゲージメント,nonfin,1,0
E01568,キャッシュフロー,acc,1,0
E01568,利益率,ratio,1,0
E01568,営業利益,acc,1,0
E01568,売上高,acc,1,0
E01568,経常利益,acc,0,1
E01569,受注高,nonfin,1,0
E01569,売上総利益,acc,1,0
E01569,売上高,acc,1,0
E01569,当期純利益,acc,1,1
E01569,脱炭素/温室効果ガス,nonfin,1,0
E01570,ROE,ratio,1,1
E01570,ROIC,ratio,1,1
E01570,TSR,stock,0,1
E01570,キャッシュフロー,acc,1,0
E01570,フリーキャッシュフロー,acc,1,0
E01570,営業利益,acc,0,1
E01570,営業利益率,ratio,0,1
E01570,売上高,acc,1,1
E01571,ESG,nonfin,1,1
E01571,ROE,ratio,0,1
E01571,サステナビリティ,nonfin,1,0
E01571,営業利益,acc,0,1
E01571,営業利益率,ratio,1,0
E01571,売上高,acc,1,0
E01572,ESG,nonfin,1,1
E01572,ROE,ratio,1,1
E01572,SDGs,nonfin,1,0
E01572,エンゲージメント,nonfin,0,1
E01572,サステナビリティ,nonfin,1,0
E01572,営業利益,acc,1,1
E01572,売上高,acc,1,0
E01572,経常利益,acc,0,1
E01572,脱炭素/温室効果ガス,nonfin,1,1
E01572,非財務指標,nonfin,0,1
E01573,ROE,ratio,1,1
E01573,ROIC,ratio,1,1
E01573,TSR,stock,0,1
E01573,キャッシュフロー,acc,1,0
E01573,サステナビリティ,nonfin,1,0
E01573,事業利益,acc,1,0
E01573,事業利益率,ratio,1,1
E01573,営業利益率,ratio,0,1
E01573,売上総利益率,ratio,0,1
E01573,売上高,acc,1,1
E01573,当期純利益率,ratio,1,1
E01573,脱炭素/温室効果ガス,nonfin,1,1
E01573,非財務指標,nonfin,1,0
E01573,非財務目標,nonfin,1,0
E01575,DOE,stock,1,0
E01575,ESG,nonfin,0,1
E01575,ROE,ratio,1,0
E01575,エンゲージメント,nonfin,0,1
E01575,キャッシュフロー,acc,1,0
E01575,リスクマネジメント,nonfin,1,0
E01575,利益率,ratio,1,0
E01575,営業利益,acc,1,1
E01575,売上高,acc,1,0
E01575,当期純利益,acc,1,1
E01575,自己資本比率,ratio,1,0
E01575,配当性向,stock,1,0
E01577,DOE,stock,1,0
E01577,ROE,ratio,1,0
E01577,営業利益,acc,1,1
E01577,当期純利益,acc,1,0
E01577,当期純利益率,ratio,1,0
E01577,配当性向,stock,1,0
E01578,ESG,nonfin,1,1
E01578,ROE,ratio,1,1
E01578,サステナビリティ,nonfin,1,0
E01578,営業利益,acc,0,1
E01578,営業利益率,ratio,1,0
E01578,売上高,acc,1,0
E01578,時価総額,stock,0,1
E01578,配当性向,stock,1,0
E01583,PBR,stock,1,0
E01583,ROE,ratio,1,0
E01583,サステナビリティ,nonfin,1,0
E01583,営業利益,acc,1,1
E01583,営業利益率,ratio,1,0
E01583,売上高,acc,1,0
E01583,当期純利益,acc,1,0
E01583,経常利益,acc,1,0
E01585,DJSI,nonfin,0,1
E01585,ESG,nonfin,1,1
E01585,ESG外部評価,nonfin,0,1
E01585,SDGs,nonfin,1,0
E01585,エンゲージメント,nonfin,0,1
E01585,キャッシュフロー,acc,1,1
E01585,売上高,acc,1,1
E01585,当期純利益,acc,0,1
E01585,脱炭素/温室効果ガス,nonfin,0,1
E01589,ESG,nonfin,1,0
E01589,ROE,ratio,1,0
E01589,エンゲージメント,nonfin,1,0
E01589,キャッシュフロー,acc,1,0
E01589,サステナビリティ,nonfin,1,0
E01589,営業利益,acc,1,1
E01589,営業利益率,ratio,1,1
E01589,売上高,acc,1,0
E01589,脱炭素/温室効果ガス,nonfin,1,0
E01590,ROE,ratio,1,1
E01590,営業利益,acc,1,1
E01590,営業利益率,ratio,1,0
E01590,売上高,acc,1,1
E01590,当期純利益,acc,1,0
E01590,経常利益,acc,1,0
E01591,ROE,ratio,1,0
E01591,営業利益,acc,1,1
E01591,営業利益率,ratio,1,0
E01591,売上収益,acc,1,1
E01591,当期純利益,acc,0,1
E01593,ROE,ratio,1,0
E01593,ROIC,ratio,1,1
E01593,エンゲージメント,nonfin,0,1
E01593,サステナビリティ,nonfin,1,1
E01593,営業利益,acc,1,1
E01593,営業利益率,ratio,1,0
E01593,売上収益,acc,1,0
E01593,脱炭素/温室効果ガス,nonfin,0,1
E01593,非財務指標,nonfin,0,1
E01594,PBR,stock,1,0
E01594,ROE,ratio,1,1
E01594,TSR,stock,1,1
E01594,キャッシュフロー,acc,1,0
E01594,サステナビリティ,nonfin,1,1
E01594,営業利益,acc,1,0
E01594,営業利益率,ratio,1,0
E01594,売上収益,acc,1,1
E01594,売上高,acc,1,0
E01594,当期純利益,acc,0,1
E01594,脱炭素/温室効果ガス,nonfin,1,1
E01594,配当性向,stock,1,0
E01595,DOE,stock,1,0
E01595,ESG,nonfin,1,0
E01595,PBR,stock,1,0
E01595,ROE,ratio,1,0
E01595,サステナビリティ,nonfin,1,0
E01595,利益率,ratio,1,0
E01595,営業利益率,ratio,1,0
E01595,売上高,acc,1,0
E01595,当期純利益,acc,0,1
E01595,配当性向,stock,1,0
E01596,ESG,nonfin,1,0
E01596,PBR,stock,1,0
E01596,ROE,ratio,1,0
E01596,キャッシュコンバージョンサイクル,ratio,1,0
E01596,サステナビリティ,nonfin,1,0
E01596,売上高,acc,1,0
E01596,経常利益,acc,1,1
E01596,自己資本比率,ratio,1,0
E01599,サステナビリティ,nonfin,1,0
E01599,経常利益,acc,0,1
E01599,脱炭素/温室効果ガス,nonfin,1,0
E01600,D/Eレシオ,ratio,1,0
E01600,ESG,nonfin,1,1
E01600,ROE,ratio,1,1
E01600,ROIC,ratio,1,0
E01600,TSR,stock,0,1
E01600,エンゲージメント,nonfin,1,1
E01600,キャッシュフロー,acc,0,1
E01600,労働安全,nonfin,1,0
E01600,営業利益率,ratio,1,1
E01600,売上高,acc,0,1
E01600,売上高比,ratio,0,1
E01600,脱炭素/温室効果ガス,nonfin,1,1
E01600,非財務目標,nonfin,1,0
E01601,D/Eレシオ,ratio,1,1
E01601,ESG,nonfin,0,1
E01601,ROE,ratio,1,0
E01601,ROIC,ratio,1,1
E01601,サステナビリティ,nonfin,1,0
E01601,利益率,ratio,1,0
E01601,営業利益,acc,1,0
E01601,営業利益率,ratio,1,1
E01601,売上高,acc,1,1
E01601,当期純利益,acc,1,0
E01601,棚卸資産回転率,ratio,1,1
E01601,脱炭素/温室効果ガス,nonfin,1,0
E01601,自己資本比率,ratio,1,0
E01602,PBR,stock,1,0
E01602,ROA,ratio,1,0
E01602,ROE,ratio,1,0
E01602,ROIC,ratio,1,0
E01602,事業利益,acc,1,1
E01602,事業利益率,ratio,1,0
E01602,利益率,ratio,1,0
E01602,売上収益,acc,1,0
E01603,SDGs,nonfin,1,0
E01603,営業利益,acc,0,1
E01603,営業利益率,ratio,1,0
E01603,売上高比,ratio,1,0
E01607,EPS,acc,0,1
E01607,ROE,ratio,0,1
E01607,エンゲージメント,nonfin,1,0
E01607,サステナビリティ,nonfin,1,0
E01607,営業利益,acc,0,1
E01607,営業利益率,ratio,0,1
E01607,売上高,acc,0,1
E01607,当期純利益,acc,0,1
E01607,時価総額,stock,0,1
E01607,脱炭素/温室効果ガス,nonfin,1,1
E01612,ESG,nonfin,1,0
E01612,ROE,ratio,1,0
E01612,営業利益,acc,1,0
E01612,売上高,acc,1,0
E01612,経常利益,acc,1,1
E01613,エンゲージメント,nonfin,1,0
E01613,サステナビリティ,nonfin,1,0
E01613,営業利益,acc,0,1
E01613,脱炭素/温室効果ガス,nonfin,1,0
E01617,ROE,ratio,1,1
E01617,ROIC,ratio,1,0
E01617,TSR,stock,0,1
E01617,営業利益,acc,0,1
E01617,営業利益率,ratio,1,1
E01617,売上高,acc,1,1
E01617,当期純利益,acc,0,1
E01617,配当性向,stock,1,0
E01627,ROA,ratio,1,0
E01627,ROE,ratio,1,0
E01627,営業利益,acc,0,1
E01627,営業利益率,ratio,1,0
E01627,脱炭素/温室効果ガス,nonfin,1,0
E01628,DOE,stock,1,0
E01628,ROE,ratio,1,0
E01628,サステナビリティ,nonfin,1,0
E01628,経常利益,acc,0,1
E01629,ESG,nonfin,1,0
E01629,SDGs,nonfin,1,0
E01629,経常利益,acc,0,1
E01630,ESG,nonfin,1,1
E01630,ROE,ratio,1,1
E01630,ROIC,ratio,1,1
E01630,キャッシュフロー,acc,0,1
E01630,サステナビリティ,nonfin,1,0
E01630,営業利益,acc,0,1
E01630,営業利益率,ratio,1,0
E01630,売上収益,acc,1,1
E01631,EBITDA,acc,0,1
E01631,ESG,nonfin,1,0
E01631,ROE,ratio,0,1
E01631,SDGs,nonfin,1,0
E01631,営業利益,acc,0,1
E01631,脱炭素/温室効果ガス,nonfin,1,1
E01632,ESG,nonfin,1,0
E01632,サステナビリティ,nonfin,1,0
E01632,利益率,ratio,0,1
E01632,受注高,nonfin,0,1
E01632,経常利益,acc,0,1
E01632,脱炭素/温室効果ガス,nonfin,1,0
E01636,ROE,ratio,1,0
E01636,SDGs,nonfin,1,0
E01636,受注高,nonfin,1,0
E01636,営業利益,acc,1,1
E01636,売上高,acc,1,0
E01636,当期純利益,acc,1,0
E01636,経常利益,acc,1,1
E01636,脱炭素/温室効果ガス,nonfin,1,0
E01642,ESG,nonfin,1,0
E01642,ROE,ratio,1,0
E01642,エンゲージメント,nonfin,1,0
E01642,サステナビリティ,nonfin,1,0
E01642,営業利益,acc,0,1
E01642,営業利益率,ratio,1,0
E01642,当期純利益,acc,0,1
E01642,当期純利益率,ratio,1,0
E01642,脱炭素/温室効果ガス,nonfin,1,0
E01643,DOE,stock,1,0
E01643,ESG,nonfin,1,0
E01643,PBR,stock,1,0
E01643,ROA,ratio,1,0
E01643,ROE,ratio,1,0
E01643,ROIC,ratio,1,0
E01643,SDGs,nonfin,1,0
E01643,キャッシュフロー,acc,1,0
E01643,受注高,nonfin,1,0
E01643,営業利益,acc,1,0
E01643,営業利益率,ratio,1,0
E01643,売上高,acc,1,0
E01643,当期純利益,acc,1,1
E01643,当期純利益率,ratio,1,0
E01643,経常利益,acc,1,1
E01643,脱炭素/温室効果ガス,nonfin,1,0
E01643,配当性向,stock,1,0
E01645,ESG,nonfin,1,1
E01645,ESG外部評価,nonfin,1,1
E01645,ROE,ratio,0,1
E01645,SDGs,nonfin,1,0
E01645,エンゲージメント,nonfin,1,0
E01645,営業利益,acc,1,1
E01645,営業利益率,ratio,0,1
E01645,売上高,acc,1,1
E01645,女性管理職比率,nonfin,1,0
E01645,定性評価,nonfin,0,1
E01645,脱炭素/温室効果ガス,nonfin,1,0
E01645,非財務目標,nonfin,1,0
E01646,営業利益,acc,1,1
E01650,ROA,ratio,1,0
E01650,ROE,ratio,1,0
E01650,ROIC,ratio,1,1
E01650,エンゲージメント,nonfin,1,0
E01650,サステナビリティ,nonfin,1,0
E01650,リスクマネジメント,nonfin,1,0
E01650,営業利益,acc,1,1
E01650,売上収益,acc,1,1
E01650,当期純利益率,ratio,1,0
E01652,ESG,nonfin,1,0
E01652,ROA,ratio,1,0
E01652,ROIC,ratio,1,0
E01652,営業利益率,ratio,1,1
E01652,売上高,acc,0,1
E01653,DOE,stock,1,0
E01653,ROE,ratio,1,0
E01653,サステナビリティ,nonfin,1,0
E01653,営業利益,acc,1,1
E01653,営業利益率,ratio,1,1
E01653,売上高,acc,0,1
E01654,ROE,ratio,1,0
E01654,営業利益,acc,0,1
E01654,営業利益率,ratio,1,0
E01654,売上高,acc,1,0
E01654,脱炭素/温室効果ガス,nonfin,1,0
E01657,ROE,ratio,1,0
E01657,営業利益,acc,1,1
E01657,売上高,acc,1,0
E01657,脱炭素/温室効果ガス,nonfin,1,0
E01657,配当性向,stock,1,0
E01660,ESG,nonfin,1,0
E01660,PBR,stock,1,0
E01660,PER,stock,1,0
E01660,ROE,ratio,1,1
E01660,ROIC,ratio,1,0
E01660,エンゲージメント,nonfin,1,1
E01660,キャッシュフロー,acc,1,0
E01660,サステナビリティ,nonfin,1,0
E01660,営業利益,acc,1,1
E01660,売上高,acc,1,1
E01660,女性管理職比率,nonfin,0,1
E01660,当期純利益,acc,0,1
E01660,脱炭素/温室効果ガス,nonfin,1,1
E01660,配当性向,stock,1,1
E01660,非財務目標,nonfin,0,1
E01661,受注高,nonfin,1,0
E01661,営業利益,acc,1,0
E01661,売上総利益,acc,1,0
E01661,当期純利益,acc,1,1
E01661,経常利益,acc,1,0
E01661,脱炭素/温室効果ガス,nonfin,1,0
E01662,サステナビリティ,nonfin,1,0
E01662,営業利益,acc,0,1
E01662,売上高,acc,0,1
E01663,PBR,stock,1,0
E01663,ROE,ratio,1,1
E01663,営業利益,acc,1,1
E01663,営業利益率,ratio,0,1
E01663,売上高,acc,1,1
E01663,当期純利益,acc,0,1
E01663,株主還元率,stock,1,0
E01663,経常利益,acc,0,1
E01667,ROE,ratio,1,1
E01667,サステナビリティ,nonfin,1,0
E01667,営業利益,acc,0,1
E01667,営業利益率,ratio,1,1
E01667,株主還元率,stock,1,0
E01667,脱炭素/温室効果ガス,nonfin,1,0
E01669,DOE,stock,1,0
E01669,ESG,nonfin,1,0
E01669,PBR,stock,1,0
E01669,ROE,ratio,1,1
E01669,SDGs,nonfin,1,0
E01669,エンゲージメント,nonfin,1,0
E01669,サステナビリティ,nonfin,0,1
E01669,営業利益,acc,1,1
E01669,売上高,acc,1,0
E01669,脱炭素/温室効果ガス,nonfin,1,0
E01669,配当性向,stock,1,0
E01669,非財務指標,nonfin,0,1
E01670,ROE,ratio,0,1
E01670,サステナビリティ,nonfin,1,0
E01670,営業利益率,ratio,0,1
E01670,売上高,acc,0,1
E01670,脱炭素/温室効果ガス,nonfin,1,0
E01673,ESG,nonfin,0,1
E01673,営業利益,acc,0,1
E01673,営業利益率,ratio,0,1
E01673,売上高,acc,1,1
E01673,脱炭素/温室効果ガス,nonfin,1,0
E01676,PBR,stock,1,0
E01676,ROE,ratio,1,1
E01676,TSR,stock,0,1
E01676,サステナビリティ,nonfin,1,0
E01676,営業利益,acc,0,1
E01676,営業利益率,ratio,1,0
E01676,売上高,acc,0,1
E01676,株主還元率,stock,1,0
E01676,脱炭素/温室効果ガス,nonfin,1,0
E01677,ROE,ratio,0,1
E01677,営業利益,acc,0,1
E01677,営業利益率,ratio,1,0
E01677,売上高,acc,1,1
E01677,当期純利益,acc,0,1
E01677,配当性向,stock,1,0
E01678,ESG,nonfin,1,0
E01678,ROE,ratio,1,1
E01678,ROIC,ratio,1,0
E01678,サステナビリティ,nonfin,1,0
E01678,営業利益,acc,1,1
E01678,売上収益,acc,1,0
E01678,当期純利益,acc,1,1
E01682,ESG,nonfin,1,0
E01682,ROE,ratio,1,0
E01682,エンゲージメント,nonfin,1,0
E01682,サステナビリティ,nonfin,1,0
E01682,営業利益,acc,1,0
E01682,売上総利益,acc,1,0
E01682,売上高,acc,0,1
E01682,売上高比,ratio,1,0
E01682,当期純利益,acc,0,1
E01682,経常利益,acc,1,0
E01682,脱炭素/温室効果ガス,nonfin,1,0
E01682,配当性向,stock,1,0
E01684,EBITDA,acc,1,0
E01684,サステナビリティ,nonfin,1,0
E01684,営業利益,acc,1,1
E01684,売上高,acc,1,0
E01685,PBR,stock,1,0
E01685,ROE,ratio,1,0
E01685,ROIC,ratio,1,1
E01685,エンゲージメント,nonfin,0,1
E01685,利益率,ratio,1,0
E01685,営業利益,acc,1,1
E01685,営業利益率,ratio,1,0
E01685,売上高,acc,1,0
E01686,ROE,ratio,1,0
E01686,キャッシュフロー,acc,1,0
E01686,サステナビリティ,nonfin,1,0
E01686,営業利益率,ratio,1,0
E01686,売上高,acc,1,0
E01686,女性管理職比率,nonfin,1,0
E01686,当期純利益,acc,0,1
E01686,脱炭素/温室効果ガス,nonfin,1,0
E01686,非財務目標,nonfin,1,0
E01690,ROE,ratio,1,0
E01690,営業利益,acc,1,1
E01690,売上高,acc,1,1
E01693,ROE,ratio,1,0
E01693,サステナビリティ,nonfin,1,0
E01693,営業利益,acc,1,1
E01693,営業利益率,ratio,1,0
E01693,売上高,acc,1,0
E01693,脱炭素/温室効果ガス,nonfin,1,0
E01694,DOE,stock,1,0
E01694,EPS,acc,0,1
E01694,ESG,nonfin,1,0
E01694,ROE,ratio,1,1
E01694,サステナビリティ,nonfin,1,0
E01694,売上高,acc,0,1
E01694,定性評価,nonfin,0,1
E01694,当期純利益,acc,1,0
E01694,経常利益,acc,0,1
E01694,経常利益率,ratio,0,1
E01694,配当性向,stock,1,0
E01696,ROE,ratio,1,0
E01696,営業利益,acc,1,1
E01696,営業利益率,ratio,1,0
E01696,売上高,acc,1,1
E01696,売上高比,ratio,1,0
E01696,経常利益,acc,0,1
E01698,ROE,ratio,1,0
E01698,サステナビリティ,nonfin,1,0
E01698,営業利益,acc,1,1
E01698,営業利益率,ratio,1,0
E01698,売上高,acc,1,0
E01698,売上高比,ratio,1,0
E01698,当期純利益,acc,1,1
E01698,時価総額,stock,0,1
E01704,ROE,ratio,1,0
E01704,当期純利益,acc,0,1
E01704,配当性向,stock,1,0
E01705,ROE,ratio,1,0
E01705,営業利益,acc,1,0
E01705,売上総利益,acc,1,0
E01705,売上高,acc,1,0
E01705,当期純利益,acc,1,0
E01705,経常利益,acc,1,1
E01708,ROE,ratio,1,0
E01708,サステナビリティ,nonfin,1,0
E01708,営業利益,acc,1,1
E01708,営業利益率,ratio,1,0
E01708,売上高,acc,1,1
E01708,当期純利益,acc,1,0
E01708,経常利益,acc,1,0
E01708,配当性向,stock,1,0
E01710,EPS,acc,0,1
E01710,サステナビリティ,nonfin,1,0
E01710,定性評価,nonfin,0,1
E01710,当期純利益,acc,0,1
E01710,株価成長率,stock,0,1
E01710,経常利益,acc,0,1
E01711,ROE,ratio,1,0
E01711,営業利益,acc,0,1
E01712,サステナビリティ,nonfin,1,0
E01712,当期純利益,acc,0,1
E01714,ROE,ratio,1,1
E01714,SDGs,nonfin,1,0
E01714,サステナビリティ,nonfin,1,0
E01714,営業利益,acc,1,1
E01714,営業利益率,ratio,1,0
E01714,売上総利益,acc,1,0
E01714,売上総利益率,ratio,1,0
E01714,売上高,acc,1,0
E01714,当期純利益,acc,0,1
E01714,脱炭素/温室効果ガス,nonfin,1,0
E01714,配当性向,stock,1,0
E01715,PBR,stock,1,0
E01715,ROE,ratio,1,0
E01715,利益率,ratio,1,0
E01715,売上高,acc,1,1
E01715,経常利益,acc,0,1
E01716,ESG,nonfin,1,0
E01716,サステナビリティ,nonfin,1,0
E01716,利益率,ratio,1,0
E01716,営業利益,acc,1,0
E01716,売上高,acc,1,0
E01716,経常利益,acc,1,1
E01716,限界利益,acc,1,0
E01717,EBITDA,acc,0,1
E01717,SDGs,nonfin,1,0
E01717,キャッシュフロー,acc,0,1
E01717,サステナビリティ,nonfin,1,0
E01717,売上高,acc,1,0
E01717,新製品比率,nonfin,1,0
E01717,脱炭素/温室効果ガス,nonfin,1,0
E01719,ROE,ratio,1,0
E01719,サステナビリティ,nonfin,1,0
E01719,当期純利益,acc,0,1
E01721,ROE,ratio,1,0
E01721,エンゲージメント,nonfin,1,0
E01721,当期純利益率,ratio,1,0
E01721,経常利益,acc,0,1
E01721,経常利益率,ratio,1,0
E01721,配当性向,stock,1,0
E01723,EBITDA,acc,0,1
E01723,EPS,acc,1,0
E01723,PER,stock,1,0
E01723,ROE,ratio,1,1
E01723,エンゲージメント,nonfin,1,0
E01723,サステナビリティ,nonfin,1,0
E01723,リスクマネジメント,nonfin,1,0
E01723,営業利益,acc,1,0
E01723,営業利益率,ratio,1,1
E01723,売上高,acc,1,1
E01723,脱炭素/温室効果ガス,nonfin,1,0
E01724,ROE,ratio,1,1
E01724,営業利益,acc,1,1
E01724,売上高,acc,1,1
E01724,株主還元率,stock,1,0
E01725,EBITDA,acc,1,0
E01725,キャッシュフロー,acc,0,1
E01725,サステナビリティ,nonfin,1,0
E01725,当期純利益,acc,1,1
E01726,DOE,stock,1,0
E01726,ROE,ratio,0,1
E01726,ROIC,ratio,1,1
E01726,サステナビリティ,nonfin,1,0
E01726,営業利益,acc,0,1
E01726,売上高,acc,0,1
E01726,当期純利益,acc,0,1
E01726,環境指標,nonfin,0,1
E01726,脱炭素/温室効果ガス,nonfin,1,1
E01726,配当性向,stock,0,1
E01727,ESG,nonfin,1,0
E01727,SDGs,nonfin,1,0
E01727,サステナビリティ,nonfin,1,0
E01727,利益率,ratio,1,0
E01727,営業利益,acc,1,1
E01727,営業利益率,ratio,1,0
E01727,売上高,acc,1,0
E01727,脱炭素/温室効果ガス,nonfin,1,0
E01728,売上高,acc,1,0
E01728,経常利益,acc,0,1
E01728,経常利益率,ratio,1,0
E01729,ROE,ratio,1,0
E01729,サステナビリティ,nonfin,1,0
E01729,利益率,ratio,1,0
E01729,営業利益,acc,0,1
E01729,経常利益,acc,1,0
E01729,経常利益率,ratio,1,0
E01729,販売数量,nonfin,1,0
E01731,PBR,stock,1,0
E01731,ROE,ratio,1,0
E01731,キャッシュフロー,acc,1,0
E01731,サステナビリティ,nonfin,1,0
E01731,当期純利益,acc,0,1
E01733,ESG,nonfin,0,1
E01733,ROE,ratio,1,1
E01733,ROIC,ratio,1,0
E01733,WACC,ratio,1,0
E01733,キャッシュフロー,acc,1,0
E01733,利益率,ratio,1,0
E01733,営業利益,acc,1,1
E01733,営業利益率,ratio,1,0
E01733,売上高,acc,1,0
E01735,ROE,ratio,1,0
E01735,ROIC,ratio,1,0
E01735,サステナビリティ,nonfin,1,0
E01735,営業利益,acc,1,0
E01735,営業利益率,ratio,0,1
E01735,売上高,acc,1,1
E01735,脱炭素/温室効果ガス,nonfin,1,0
E01737,EBITA,acc,1,1
E01737,EPS,acc,0,1
E01737,ROIC,ratio,1,1
E01737,TSR,stock,0,1
E01737,キャッシュフロー,acc,1,1
E01737,サステナビリティ,nonfin,1,1
E01737,フリーキャッシュフロー,acc,1,1
E01737,営業利益,acc,1,0
E01737,売上収益,acc,1,1
E01737,当期純利益,acc,1,0
E01739,ESG,nonfin,0,1
E01739,ROE,ratio,1,1
E01739,ROIC,ratio,1,1
E01739,TSR,stock,0,1
E01739,エンゲージメント,nonfin,0,1
E01739,キャッシュフロー,acc,1,1
E01739,サステナビリティ,nonfin,1,0
E01739,営業利益,acc,1,0
E01739,営業利益率,ratio,1,1
E01739,売上高,acc,1,1
E01739,女性管理職比率,nonfin,0,1
E01739,脱炭素/温室効果ガス,nonfin,1,1
E01740,D/Eレシオ,ratio,1,0
E01740,ESG,nonfin,1,0
E01740,ROE,ratio,1,0
E01740,ROIC,ratio,1,0
E01740,利益率,ratio,1,0
E01740,営業利益,acc,1,1
E01740,営業利益率,ratio,1,1
E01740,売上高,acc,1,1
E01740,当期純利益,acc,1,1
E01740,当期純利益率,ratio,0,1
E01740,自己資本比率,ratio,1,0
E01740,配当性向,stock,1,0
E01741,ESG,nonfin,1,0
E01741,ROA,ratio,0,1
E01741,ROE,ratio,1,0
E01741,ROIC,ratio,1,0
E01741,SDGs,nonfin,1,0
E01741,TSR,stock,0,1
E01741,サステナビリティ,nonfin,1,0
E01741,営業利益,acc,1,1
E01741,営業利益率,ratio,1,1
E01741,売上収益,acc,1,0
E01741,当期純利益,acc,0,1
E01741,脱炭素/温室効果ガス,nonfin,0,1
E01741,配当性向,stock,1,0
E01742,PBR,stock,1,0
E01742,ROE,ratio,1,0
E01742,エンゲージメント,nonfin,1,0
E01742,サステナビリティ,nonfin,1,0
E01742,受注高,nonfin,0,1
E01742,営業利益,acc,0,1
E01742,営業利益率,ratio,1,0
E01742,売上高,acc,1,1
E01742,当期純利益,acc,0,1
E01742,経常利益,acc,0,1
E01742,配当性向,stock,1,0
E01743,ROE,ratio,0,1
E01743,キャッシュフロー,acc,1,0
E01743,営業利益率,ratio,1,1
E01743,売上高,acc,1,1
E01743,当期純利益,acc,0,1
E01743,技術力強化,nonfin,1,0
E01743,経常利益,acc,0,1
E01743,配当性向,stock,1,0
E01744,ESG,nonfin,0,1
E01744,PBR,stock,1,0
E01744,ROE,ratio,1,0
E01744,ROIC,ratio,1,0
E01744,TSR,stock,0,1
E01744,エンゲージメント,nonfin,1,1
E01744,サステナビリティ,nonfin,1,0
E01744,利益率,ratio,1,0
E01744,受注高,nonfin,1,0
E01744,営業利益,acc,1,1
E01744,営業利益率,ratio,1,0
E01744,売上高,acc,1,0
E01744,当期純利益,acc,1,0
E01744,脱炭素/温室効果ガス,nonfin,1,0
E01744,顧客満足度,nonfin,0,1
E01750,サステナビリティ,nonfin,1,0
E01750,営業利益,acc,0,1
E01750,営業利益率,ratio,1,1
E01750,売上高,acc,1,0
E01750,脱炭素/温室効果ガス,nonfin,0,1
E01750,配当性向,stock,1,0
E01751,ROE,ratio,1,0
E01751,利益率,ratio,1,0
E01751,営業利益,acc,1,1
E01751,売上高,acc,0,1
E01751,当期純利益,acc,1,0
E01751,経常利益,acc,1,1
E01752,PBR,stock,1,0
E01752,ROE,ratio,1,0
E01752,キャッシュコンバージョンサイクル,ratio,1,0
E01752,利益率,ratio,1,0
E01752,営業利益,acc,1,0
E01752,営業利益率,ratio,0,1
E01752,売上高,acc,1,0
E01752,当期純利益,acc,1,0
E01753,ROE,ratio,1,0
E01753,キャッシュフロー,acc,1,0
E01753,営業利益,acc,0,1
E01753,営業利益率,ratio,1,0
E01753,売上高,acc,1,0
E01753,当期純利益,acc,0,1
E01753,非財務指標,nonfin,0,1
E01755,EPS,acc,1,0
E01755,ROE,ratio,1,0
E01755,ROIC,ratio,1,1
E01755,TSR,stock,0,1
E01755,エンゲージメント,nonfin,1,1
E01755,サステナビリティ,nonfin,1,1
E01755,営業利益,acc,1,1
E01755,営業利益率,ratio,1,0
E01755,売上高,acc,1,0
E01755,当期純利益,acc,1,1
E01755,脱炭素/温室効果ガス,nonfin,1,1
E01755,非財務目標,nonfin,1,0
E01757,ESG,nonfin,1,0
E01757,ROE,ratio,1,1
E01757,ROS,ratio,1,1
E01757,サステナビリティ,nonfin,1,0
E01757,営業利益,acc,1,1
E01757,営業利益率,ratio,0,1
E01757,売上高,acc,1,1
E01757,当期純利益,acc,0,1
E01757,当期純利益率,ratio,0,1
E01757,技術力強化,nonfin,1,0
E01758,ROE,ratio,1,1
E01758,サステナビリティ,nonfin,1,0
E01758,当期純利益率,ratio,1,0
E01758,経常利益率,ratio,1,0
E01759,ROE,ratio,1,0
E01759,エンゲージメント,nonfin,1,0
E01759,営業利益,acc,1,1
E01759,売上高,acc,1,0
E01759,当期純利益,acc,0,1
E01760,ROE,ratio,1,0
E01760,ROIC,ratio,1,0
E01760,エンゲージメント,nonfin,1,0
E01760,受注高,nonfin,1,0
E01760,営業利益,acc,1,1
E01760,営業利益率,ratio,1,0
E01760,売上高,acc,1,0
E01760,脱炭素/温室効果ガス,nonfin,1,0
E01761,ROE,ratio,1,0
E01761,エンゲージメント,nonfin,1,0
E01761,営業利益,acc,1,1
E01761,売上高,acc,1,1
E01761,脱炭素/温室効果ガス,nonfin,1,0
E01764,営業利益率,ratio,1,0
E01764,当期純利益,acc,0,1
E01764,自己資本比率,ratio,1,0
E01765,EBITDA,acc,0,1
E01765,EPS,acc,1,0
E01765,ESG,nonfin,0,1
E01765,Non-GAAP営業利益,acc,1,1
E01765,ROIC,ratio,0,1
E01765,TSR,stock,0,1
E01765,エンゲージメント,nonfin,1,1
E01765,キャッシュフロー,acc,0,1
E01765,営業利益,acc,1,1
E01765,売上収益,acc,1,1
E01765,当期純利益,acc,1,0
E01766,EPS,acc,0,1
E01766,ESG,nonfin,0,1
E01766,TSR,stock,0,1
E01766,エンゲージメント,nonfin,1,1
E01766,フリーキャッシュフロー,acc,1,1
E01766,営業利益,acc,1,1
E01766,営業利益率,ratio,1,0
E01766,売上収益,acc,1,1
E01766,当期純利益,acc,0,1
E01766,脱炭素/温室効果ガス,nonfin,1,0
E01766,非財務指標,nonfin,1,1
E01766,顧客満足度,nonfin,1,1
E01767,ESG,nonfin,0,1
E01767,ROE,ratio,0,1
E01767,営業利益,acc,1,1
E01767,売上高,acc,1,1
E01767,定性評価,nonfin,0,1
E01767,脱炭素/温室効果ガス,nonfin,0,1
E01769,ESG,nonfin,1,0
E01769,ROE,ratio,1,0
E01769,ROIC,ratio,1,0
E01769,エンゲージメント,nonfin,1,0
E01769,売上高,acc,1,0
E01769,経常利益,acc,0,1
E01769,脱炭素/温室効果ガス,nonfin,1,0
E01770,ROE,ratio,0,1
E01770,ROIC,ratio,0,1
E01770,キャッシュフロー,acc,1,0
E01770,売上高,acc,0,1
E01770,経常利益,acc,0,1
E01770,脱炭素/温室効果ガス,nonfin,0,1
E01772,EBITDA,acc,0,1
E01772,ROE,ratio,0,1
E01772,TSR,stock,0,1
E01772,営業利益,acc,1,1
E01772,売上高,acc,1,1
E01772,脱炭素/温室効果ガス,nonfin,0,1
E01773,サステナビリティ,nonfin,0,1
E01773,営業利益,acc,1,0
E01773,売上高,acc,1,0
E01773,当期純利益,acc,1,0
E01773,経常利益,acc,1,0
E01774,ESG,nonfin,1,1
E01774,ROE,ratio,1,1
E01774,SDGs,nonfin,1,1
E01774,キャッシュフロー,acc,1,0
E01774,サステナビリティ,nonfin,1,0
E01774,営業利益,acc,1,1
E01774,営業利益率,ratio,1,1
E01774,売上収益,acc,0,1
E01774,売上高,acc,1,1
E01774,自己資本比率,ratio,1,0
E01774,配当性向,stock,1,0
E01777,ESG,nonfin,0,1
E01777,エンゲージメント,nonfin,0,1
E01777,キャッシュフロー,acc,1,0
E01777,サステナビリティ,nonfin,0,1
E01777,営業利益,acc,1,1
E01777,営業利益率,ratio,1,1
E01777,株主還元率,stock,1,0
E01780,ROA,ratio,1,0
E01780,ROE,ratio,1,0
E01780,ROIC,ratio,1,1
E01780,TSR,stock,0,1
E01780,WACC,ratio,1,0
E01780,エンゲージメント,nonfin,1,1
E01780,キャッシュフロー,acc,1,0
E01780,フリーキャッシュフロー,acc,1,0
E01780,営業利益,acc,0,1
E01780,営業利益率,ratio,1,0
E01780,売上高,acc,1,0
E01780,脱炭素/温室効果ガス,nonfin,1,1
E01782,DOE,stock,1,0
E01782,ROE,ratio,1,0
E01782,サステナビリティ,nonfin,1,0
E01782,利益率,ratio,1,0
E01782,営業利益,acc,1,1
E01782,営業利益率,ratio,1,0
E01782,売上高,acc,1,1
E01782,脱炭素/温室効果ガス,nonfin,1,0
E01782,自己資本比率,ratio,1,0
E01786,DOE,stock,1,0
E01786,PBR,stock,1,0
E01786,ROE,ratio,1,1
E01786,ROIC,ratio,1,0
E01786,TSR,stock,0,1
E01786,エンゲージメント,nonfin,1,1
E01786,キャッシュフロー,acc,1,0
E01786,サステナビリティ,nonfin,1,0
E01786,リスクマネジメント,nonfin,1,0
E01786,営業利益,acc,1,1
E01786,営業利益率,ratio,1,1
E01786,売上高,acc,1,0
E01786,当期純利益,acc,0,1
E01786,脱炭素/温室効果ガス,nonfin,1,0
E01790,ESG,nonfin,0,1
E01790,ROE,ratio,0,1
E01790,TSR,stock,0,1
E01790,営業利益,acc,0,1
E01790,営業利益率,ratio,1,0
E01790,売上高,acc,1,0
E01790,新製品比率,nonfin,1,0
E01793,ESG,nonfin,1,1
E01793,ESG外部評価,nonfin,0,1
E01793,PBR,stock,1,0
E01793,ROE,ratio,1,1
E01793,ROIC,ratio,1,0
E01793,サステナビリティ,nonfin,0,1
E01793,営業利益率,ratio,0,1
E01793,当期純利益,acc,0,1
E01793,非財務指標,nonfin,0,1
E01797,DOE,stock,1,0
E01797,ESG,nonfin,1,0
E01797,PBR,stock,1,0
E01797,ROE,ratio,1,1
E01797,TSR,stock,0,1
E01797,営業利益,acc,1,1
E01797,営業利益率,ratio,1,0
E01797,売上高,acc,1,0
E01797,定性評価,nonfin,0,1
E01797,脱炭素/温室効果ガス,nonfin,0,1
E01797,配当性向,stock,1,0
E01797,非財務指標,nonfin,0,1
E01798,ESG,nonfin,1,0
E01798,ROE,ratio,1,0
E01798,サステナビリティ,nonfin,1,0
E01798,営業利益,acc,1,1
E01798,営業利益率,ratio,0,1
E01798,売上高,acc,1,0
E01802,ESG,nonfin,1,0
E01802,ROE,ratio,1,1
E01802,ROIC,ratio,1,0
E01802,営業利益,acc,1,1
E01802,営業利益率,ratio,1,1
E01802,売上高,acc,1,1
E01802,経常利益,acc,0,1
E01803,ROE,ratio,1,0
E01803,サステナビリティ,nonfin,1,0
E01803,利益率,ratio,1,0
E01803,営業利益,acc,0,1
E01803,営業利益率,ratio,1,0
E01803,売上高,acc,1,1
E01803,定性評価,nonfin,0,1
E01803,当期純利益,acc,0,1
E01803,経常利益,acc,0,1
E01805,ESG,nonfin,0,1
E01805,ROE,ratio,1,0
E01805,営業利益,acc,0,1
E01805,営業利益率,ratio,1,1
E01805,売上高,acc,1,0
E01805,脱炭素/温室効果ガス,nonfin,1,0
E01806,ROE,ratio,1,1
E01806,サステナビリティ,nonfin,1,0
E01806,フリーキャッシュフロー,acc,1,0
E01806,受注高,nonfin,1,0
E01806,営業利益,acc,1,1
E01806,営業利益率,ratio,1,0
E01806,売上収益,acc,1,0
E01806,定性評価,nonfin,0,1
E01806,当期純利益,acc,1,0
E01806,配当性向,stock,1,0
E01808,ROE,ratio,1,0
E01808,ROIC,ratio,1,0
E01808,サステナビリティ,nonfin,1,1
E01808,営業利益,acc,1,1
E01808,営業利益率,ratio,1,0
E01808,売上高,acc,1,1
E01808,当期純利益,acc,0,1
E01811,DOE,stock,1,0
E01811,ROE,ratio,1,0
E01811,サステナビリティ,nonfin,1,0
E01811,営業利益,acc,1,1
E01811,営業利益率,ratio,1,0
E01811,売上高,acc,1,0
E01811,当期純利益,acc,0,1
E01811,経常利益,acc,0,1
E01811,配当性向,stock,1,0
E01816,ESG,nonfin,1,0
E01816,ROE,ratio,1,0
E01816,キャッシュフロー,acc,1,0
E01816,サステナビリティ,nonfin,1,0
E01816,営業利益,acc,1,1
E01816,営業利益率,ratio,1,0
E01816,売上高,acc,1,0
E01817,DOE,stock,1,0
E01817,ESG,nonfin,0,1
E01817,PBR,stock,1,0
E01817,PER,stock,1,0
E01817,ROE,ratio,1,0
E01817,エンゲージメント,nonfin,1,0
E01817,キャッシュフロー,acc,1,0
E01817,営業利益,acc,0,1
E01817,営業利益率,ratio,1,0
E01817,売上高,acc,1,1
E01817,女性管理職比率,nonfin,1,0
E01817,脱炭素/温室効果ガス,nonfin,1,0
E01817,配当性向,stock,1,0
E01819,ESG,nonfin,1,0
E01819,営業利益,acc,1,1
E01819,売上高,acc,1,1
E01819,当期純利益,acc,1,0
E01819,経常利益,acc,1,0
E01821,ROA,ratio,1,0
E01821,ROE,ratio,1,1
E01821,サステナビリティ,nonfin,1,0
E01821,営業利益率,ratio,0,1
E01821,売上高,acc,0,1
E01821,脱炭素/温室効果ガス,nonfin,1,0
E01824,ROE,ratio,0,1
E01824,エンゲージメント,nonfin,0,1
E01824,労働安全,nonfin,0,1
E01824,当期純利益,acc,0,1
E01824,脱炭素/温室効果ガス,nonfin,1,1
E01828,ROE,ratio,1,0
E01828,キャッシュフロー,acc,1,0
E01828,サステナビリティ,nonfin,1,0
E01828,営業利益,acc,1,0
E01828,営業利益率,ratio,1,0
E01828,売上高,acc,1,0
E01828,当期純利益,acc,0,1
E01828,経常利益,acc,0,1
E01828,配当性向,stock,1,0
E01831,ROIC,ratio,1,0
E01831,営業利益,acc,1,0
E01831,売上高,acc,1,0
E01831,当期純利益,acc,1,1
E01831,経常利益,acc,1,0
E01834,ROE,ratio,1,0
E01834,ROIC,ratio,1,1
E01834,営業利益,acc,1,1
E01834,売上高,acc,1,0
E01834,当期純利益,acc,1,1
E01839,ROE,ratio,1,0
E01839,ROIC,ratio,1,0
E01839,エンゲージメント,nonfin,1,0
E01839,リスクマネジメント,nonfin,1,0
E01839,営業利益率,ratio,1,0
E01839,売上高,acc,1,0
E01839,当期純利益,acc,0,1
E01839,株主還元率,stock,1,0
E01839,脱炭素/温室効果ガス,nonfin,1,0
E01839,配当性向,stock,1,0
E01841,ROE,ratio,0,1
E01841,SDGs,nonfin,1,0
E01841,フリーキャッシュフロー,acc,0,1
E01841,営業利益率,ratio,0,1
E01841,売上高,acc,1,1
E01842,ROE,ratio,1,1
E01842,営業利益,acc,0,1
E01842,営業利益率,ratio,1,1
E01842,売上高,acc,1,1
E01842,当期純利益率,ratio,1,0
E01842,経常利益,acc,0,1
E01849,ROE,ratio,0,1
E01849,サステナビリティ,nonfin,1,0
E01849,営業利益,acc,0,1
E01849,営業利益率,ratio,1,0
E01849,売上高,acc,0,1
E01849,経常利益,acc,0,1
E01849,脱炭素/温室効果ガス,nonfin,0,1
E01856,ROE,ratio,1,0
E01856,営業利益,acc,1,0
E01856,営業利益率,ratio,1,1
E01856,売上高,acc,1,0
E01856,当期純利益,acc,0,1
E01856,新製品比率,nonfin,1,0
E01857,ROE,ratio,0,1
E01857,利益率,ratio,0,1
E01857,営業利益,acc,0,1
E01857,営業利益率,ratio,1,0
E01857,当期純利益,acc,0,1
E01857,経常利益,acc,0,1
E01859,PBR,stock,1,0
E01859,ROE,ratio,1,0
E01859,SDGs,nonfin,1,0
E01859,利益率,ratio,1,0
E01859,営業利益,acc,1,1
E01859,売上高,acc,1,1
E01859,当期純利益,acc,0,1
E01870,フリーキャッシュフロー,acc,1,1
E01870,利益率,ratio,1,0
E01870,営業利益,acc,0,1
E01870,営業利益率,ratio,1,0
E01870,売上高,acc,1,1
E01870,当期純利益,acc,0,1
E01870,当期純利益率,ratio,0,1
E01873,DOE,stock,1,0
E01873,ROE,ratio,1,1
E01873,ROIC,ratio,1,1
E01873,ROS,ratio,1,0
E01873,キャッシュフロー,acc,1,0
E01873,サステナビリティ,nonfin,1,1
E01873,事業利益,acc,1,1
E01873,売上収益,acc,1,1
E01873,棚卸資産回転率,ratio,1,0
E01873,脱炭素/温室効果ガス,nonfin,1,1
E01874,DOE,stock,1,0
E01874,ROE,ratio,1,0
E01874,営業利益,acc,1,0
E01874,営業収益,acc,0,1
E01874,当期純利益,acc,1,0
E01874,株主還元率,stock,1,0
E01874,経常利益,acc,0,1
E01875,キャッシュフロー,acc,1,0
E01875,営業利益,acc,0,1
E01875,売上総利益率,ratio,1,0
E01875,売上高,acc,1,1
E01878,DOE,stock,1,0
E01878,EPS,acc,0,1
E01878,ESG,nonfin,0,1
E01878,ROIC,ratio,0,1
E01878,ROS,ratio,0,1
E01878,エンゲージメント,nonfin,0,1
E01878,キャッシュフロー,acc,1,0
E01878,サステナビリティ,nonfin,1,1
E01878,受注高,nonfin,1,0
E01878,営業利益率,ratio,0,1
E01878,売上高,acc,0,1
E01878,売上高比,ratio,1,0
E01878,環境指標,nonfin,0,1
E01878,脱炭素/温室効果ガス,nonfin,0,1
E01878,配当性向,stock,1,0
E01879,ESG,nonfin,1,0
E01879,ROE,ratio,1,1
E01879,SDGs,nonfin,1,1
E01879,TSR,stock,0,1
E01879,エンゲージメント,nonfin,0,1
E01879,サステナビリティ,nonfin,1,0
E01879,事業利益,acc,0,1
E01879,営業利益,acc,1,1
E01879,営業利益率,ratio,1,0
E01879,売上収益,acc,0,1
E01879,売上高,acc,1,1
E01879,女性管理職比率,nonfin,0,1
E01879,脱炭素/温室効果ガス,nonfin,1,1
E01879,非財務指標,nonfin,0,1
E01880,ROE,ratio,1,0
E01880,営業利益率,ratio,1,0
E01880,売上高,acc,1,0
E01880,当期純利益,acc,0,1
E01884,ROIC,ratio,1,0
E01884,ROS,ratio,1,1
E01884,キャッシュフロー,acc,1,1
E01884,フリーキャッシュフロー,acc,1,0
E01884,営業利益,acc,1,1
E01884,営業利益率,ratio,1,1
E01884,売上高,acc,1,0
E01884,当期純利益,acc,1,0
E01887,ESG,nonfin,0,1
E01887,PBR,stock,1,0
E01887,ROA,ratio,1,0
E01887,ROE,ratio,1,0
E01887,サステナビリティ,nonfin,1,0
E01887,営業利益率,ratio,1,0
E01887,売上高,acc,1,0
E01888,ESG,nonfin,1,1
E01888,ROE,ratio,1,1
E01888,エンゲージメント,nonfin,1,0
E01888,サステナビリティ,nonfin,1,0
E01888,利益率,ratio,1,0
E01888,営業利益,acc,1,1
E01888,営業利益率,ratio,1,0
E01888,売上収益,acc,1,0
E01888,新製品比率,nonfin,1,0
E01888,脱炭素/温室効果ガス,nonfin,1,0
E01892,ROE,ratio,1,1
E01892,ROIC,ratio,0,1
E01892,TSR,stock,0,1
E01892,エンゲージメント,nonfin,0,1
E01892,サステナビリティ,nonfin,0,1
E01892,営業利益,acc,1,1
E01892,売上収益,acc,1,0
E01892,脱炭素/温室効果ガス,nonfin,0,1
E01896,営業利益,acc,0,1
E01896,営業利益率,ratio,1,0
E01896,売上高,acc,1,0
E01897,PBR,stock,1,0
E01897,ROE,ratio,1,0
E01897,エンゲージメント,nonfin,1,0
E01897,サステナビリティ,nonfin,1,0
E01897,営業利益,acc,1,1
E01897,当期純利益,acc,0,1
E01897,当期純利益率,ratio,1,0
E01897,脱炭素/温室効果ガス,nonfin,1,0
E01898,サステナビリティ,nonfin,1,0
E01898,営業利益,acc,0,1
E01899,PBR,stock,1,0
E01899,ROE,ratio,1,0
E01899,営業利益率,ratio,1,1
E01899,売上高,acc,1,1
E01899,当期純利益,acc,0,1
E01899,当期純利益率,ratio,1,0
E01899,配当性向,stock,1,0
E01899,顧客満足度,nonfin,1,0
E01901,ROE,ratio,1,1
E01901,サステナビリティ,nonfin,1,0
E01901,営業利益,acc,1,0
E01901,営業利益率,ratio,1,0
E01901,売上高,acc,1,0
E01901,独自の経営指標,acc,1,0
E01901,脱炭素/温室効果ガス,nonfin,1,0
E01901,非財務目標,nonfin,1,0
E01902,ESG,nonfin,1,0
E01902,ROE,ratio,0,1
E01902,ROIC,ratio,1,0
E01902,営業利益率,ratio,0,1
E01902,売上高,acc,0,1
E01902,脱炭素/温室効果ガス,nonfin,1,0
E01903,ROE,ratio,1,1
E01903,ROIC,ratio,1,0
E01903,TSR,stock,0,1
E01903,キャッシュコンバージョンサイクル,ratio,1,0
E01903,サステナビリティ,nonfin,1,0
E01903,利益率,ratio,1,0
E01903,営業利益,acc,1,1
E01903,営業利益率,ratio,1,1
E01903,売上高,acc,1,1
E01903,当期純利益,acc,1,0
E01903,時価総額,stock,0,1
E01904,エンゲージメント,nonfin,1,0
E01904,サステナビリティ,nonfin,1,0
E01904,当期純利益,acc,0,1
E01905,ROE,ratio,1,1
E01905,ROIC,ratio,1,1
E01905,エンゲージメント,nonfin,1,0
E01905,営業利益,acc,0,1
E01905,営業利益率,ratio,1,0
E01905,売上高,acc,0,1
E01905,当期純利益率,ratio,1,0
E01907,ROE,ratio,1,0
E01907,サステナビリティ,nonfin,1,0
E01907,営業利益,acc,1,0
E01907,当期純利益,acc,0,1
E01907,経常利益,acc,0,1
E01907,配当性向,stock,1,0
E01909,ROE,ratio,1,1
E01909,利益率,ratio,1,0
E01909,営業利益,acc,0,1
E01909,営業利益率,ratio,1,1
E01909,売上高,acc,1,1
E01909,女性管理職比率,nonfin,0,1
E01913,サステナビリティ,nonfin,1,0
E01913,売上高,acc,1,1
E01913,当期純利益,acc,0,1
E01913,経常利益,acc,1,0
E01914,ROIC,ratio,1,1
E01914,SDGs,nonfin,1,0
E01914,TSR,stock,0,1
E01914,エンゲージメント,nonfin,1,1
E01914,サステナビリティ,nonfin,1,1
E01914,再生可能エネルギー,nonfin,1,1
E01914,利益率,ratio,0,1
E01914,営業利益,acc,0,1
E01914,営業利益率,ratio,1,0
E01914,売上収益,acc,1,1
E01914,女性管理職比率,nonfin,1,1
E01914,脱炭素/温室効果ガス,nonfin,1,1
E01921,ESG,nonfin,1,0
E01921,ROE,ratio,1,0
E01921,サステナビリティ,nonfin,1,0
E01921,営業利益,acc,1,1
E01921,営業利益率,ratio,1,0
E01921,売上高,acc,1,0
E01921,当期純利益,acc,1,0
E01926,ESG,nonfin,1,0
E01926,ROE,ratio,1,0
E01926,ROIC,ratio,1,0
E01926,キャッシュフロー,acc,1,0
E01926,営業利益,acc,0,1
E01926,当期純利益,acc,0,1
E01928,サステナビリティ,nonfin,1,0
E01928,営業利益,acc,0,1
E01928,売上高,acc,1,0
E01929,ESG,nonfin,1,1
E01929,ESG外部評価,nonfin,0,1
E01929,PBR,stock,1,0
E01929,ROE,ratio,1,1
E01929,WACC,ratio,1,0
E01929,エンゲージメント,nonfin,0,1
E01929,利益率,ratio,1,0
E01929,営業利益率,ratio,0,1
E01929,廃棄物削減,nonfin,1,0
E01930,ROE,ratio,1,0
E01930,キャッシュフロー,acc,1,0
E01930,営業利益,acc,1,0
E01930,営業利益率,ratio,1,0
E01930,売上高,acc,1,1
E01930,当期純利益,acc,0,1
E01930,自己資本比率,ratio,1,0
E01932,ESG,nonfin,0,1
E01932,ROE,ratio,1,1
E01932,キャッシュフロー,acc,1,1
E01932,サステナビリティ,nonfin,1,0
E01932,利益率,ratio,1,0
E01932,営業利益,acc,1,1
E01932,営業利益率,ratio,1,1
E01932,脱炭素/温室効果ガス,nonfin,1,0
E01932,自己資本比率,ratio,1,0
E01932,配当性向,stock,1,0
E01933,ESG,nonfin,1,0
E01933,ROE,ratio,1,0
E01933,サステナビリティ,nonfin,1,0
E01933,営業利益,acc,1,1
E01933,営業利益率,ratio,1,0
E01933,売上高,acc,1,0
E01935,ROE,ratio,1,1
E01935,TSR,stock,0,1
E01935,サステナビリティ,nonfin,1,1
E01935,フリーキャッシュフロー,acc,1,0
E01935,営業利益,acc,0,1
E01935,売上高,acc,0,1
E01935,女性役員比率,nonfin,1,0
E01935,当期純利益,acc,0,1
E01935,非財務指標,nonfin,0,1
E01935,非財務目標,nonfin,0,1
E01939,ESG,nonfin,1,0
E01939,ROE,ratio,1,0
E01939,SDGs,nonfin,1,0
E01939,サステナビリティ,nonfin,1,0
E01939,営業利益率,ratio,1,1
E01939,売上収益,acc,1,1
E01939,時価総額,stock,0,1
E01944,ROE,ratio,1,0
E01944,ROIC,ratio,1,0
E01944,SDGs,nonfin,1,0
E01944,サステナビリティ,nonfin,1,0
E01944,労働安全,nonfin,1,0
E01944,営業利益率,ratio,1,0
E01944,売上高,acc,1,0
E01944,女性管理職比率,nonfin,1,0
E01944,当期純利益,acc,0,1
E01944,脱炭素/温室効果ガス,nonfin,1,0
E01944,非財務指標,nonfin,1,0
E01946,ESG,nonfin,0,1
E01946,ROE,ratio,1,1
E01946,エンゲージメント,nonfin,0,1
E01946,サステナビリティ,nonfin,0,1
E01946,利益率,ratio,0,1
E01946,営業利益率,ratio,1,0
E01946,当期純利益,acc,0,1
E01946,経常利益率,ratio,1,1
E01946,脱炭素/温室効果ガス,nonfin,0,1
E01946,非財務指標,nonfin,0,1
E01947,ROE,ratio,1,1
E01947,ROIC,ratio,1,1
E01947,サステナビリティ,nonfin,1,0
E01947,営業利益,acc,1,1
E01947,営業利益率,ratio,1,0
E01947,売上高,acc,1,0
E01947,株主還元率,stock,1,0
E01950,EPS,acc,1,1
E01950,NOPAT,acc,1,0
E01950,ROIC,ratio,1,0
E01950,TSR,stock,0,1
E01950,サステナビリティ,nonfin,1,1
E01950,リスクマネジメント,nonfin,1,0
E01950,営業利益,acc,1,0
E01950,営業利益率,ratio,1,0
E01950,売上高,acc,1,1
E01950,当期純利益,acc,1,1
E01950,脱炭素/温室効果ガス,nonfin,1,0
E01951,ESG,nonfin,0,1
E01951,ROE,ratio,1,0
E01951,ROIC,ratio,1,0
E01951,WACC,ratio,1,0
E01951,利益率,ratio,1,0
E01951,営業利益率,ratio,0,1
E01951,非財務指標,nonfin,0,1
E01953,ROE,ratio,1,1
E01953,ROIC,ratio,0,1
E01953,エンゲージメント,nonfin,0,1
E01953,営業利益,acc,1,1
E01953,営業利益率,ratio,0,1
E01953,売上高,acc,1,1
E01953,女性管理職比率,nonfin,0,1
E01953,脱炭素/温室効果ガス,nonfin,0,1
E01954,営業利益,acc,0,1
E01954,技術力強化,nonfin,1,0
E01955,ROE,ratio,1,0
E01955,サステナビリティ,nonfin,1,0
E01955,利益率,ratio,1,0
E01955,営業利益,acc,0,1
E01955,営業利益率,ratio,1,0
E01959,DOE,stock,1,0
E01959,EBITDA,acc,0,1
E01959,ROE,ratio,1,1
E01959,営業利益,acc,0,1
E01959,売上高,acc,0,1
E01959,定性評価,nonfin,0,1
E01959,経常利益,acc,0,1
E01966,EPS,acc,1,0
E01966,経常利益,acc,0,1
E01967,営業利益,acc,1,1
E01967,売上総利益,acc,1,0
E01967,売上高,acc,1,0
E01968,キャッシュフロー,acc,1,0
E01968,受注高,nonfin,0,1
E01968,営業利益,acc,1,0
E01968,営業損益,acc,0,1
E01968,売上高,acc,0,1
E01971,D/Eレシオ,ratio,1,0
E01971,EPS,acc,1,0
E01971,ESG,nonfin,1,0
E01971,ROIC,ratio,1,1
E01971,営業利益,acc,1,1
E01971,売上収益,acc,1,0
E01971,脱炭素/温室効果ガス,nonfin,1,0
E01974,ROE,ratio,1,0
E01974,ROIC,ratio,1,0
E01974,営業利益,acc,0,1
E01974,営業利益率,ratio,1,1
E01974,売上高,acc,0,1
E01979,ROE,ratio,1,1
E01979,キャッシュフロー,acc,1,0
E01979,サステナビリティ,nonfin,1,0
E01979,営業利益,acc,1,0
E01979,営業利益率,ratio,1,0
E01979,売上高,acc,1,0
E01979,当期純利益,acc,1,1
E01979,株主還元率,stock,1,0
E01979,配当性向,stock,1,1
E01981,EBITDA,acc,1,1
E01981,ROE,ratio,1,1
E01981,ROIC,ratio,1,1
E01981,SDGs,nonfin,1,0
E01981,キャッシュフロー,acc,0,1
E01981,売上高,acc,1,0
E01981,当期純利益,acc,0,1
E01981,配当性向,stock,1,0
E01986,サステナビリティ,nonfin,1,1
E01986,営業利益,acc,1,0
E01986,経常利益,acc,0,1
E01988,EBITDA,acc,0,1
E01988,PBR,stock,1,0
E01988,ROE,ratio,1,1
E01988,SDGs,nonfin,1,0
E01988,キャッシュフロー,acc,1,0
E01988,サステナビリティ,nonfin,1,0
E01988,当期純利益,acc,0,1
E01989,ROE,ratio,1,0
E01989,キャッシュフロー,acc,1,0
E01989,サステナビリティ,nonfin,1,0
E01989,営業利益,acc,0,1
E01989,営業利益率,ratio,1,0
E01991,営業利益率,ratio,1,0
E01991,当期純利益,acc,0,1
E01993,ROE,ratio,1,0
E01993,サステナビリティ,nonfin,1,0
E01993,営業利益率,ratio,1,0
E01993,売上高,acc,1,0
E01993,当期純利益,acc,0,1
E01993,当期純利益率,ratio,1,0
E01993,経常利益率,ratio,1,0
E01993,自己資本比率,ratio,1,0
E01995,PBR,stock,1,0
E01995,ROE,ratio,1,0
E01995,営業利益,acc,1,1
E01995,営業利益率,ratio,0,1
E01995,売上高,acc,1,1
E01995,当期純利益,acc,1,1
E01997,キャッシュフロー,acc,1,0
E01997,当期純利益,acc,0,1
E01998,ROE,ratio,1,0
E01998,サステナビリティ,nonfin,1,1
E01998,営業利益率,ratio,1,0
E01998,売上高,acc,1,0
E01998,脱炭素/温室効果ガス,nonfin,1,0
E01999,ROE,ratio,1,1
E01999,TSR,stock,0,1
E01999,WACC,ratio,1,0
E01999,サステナビリティ,nonfin,1,0
E01999,営業利益,acc,0,1
E01999,営業利益率,ratio,1,1
E01999,売上高,acc,1,1
E01999,売上高比,ratio,1,0
E01999,当期純利益率,ratio,1,0
E01999,自己資本比率,ratio,1,0
E02004,ROE,ratio,1,0
E02004,SDGs,nonfin,1,0
E02004,営業利益,acc,1,1
E02004,売上高,acc,1,0
E02005,ESG,nonfin,1,0
E02005,ROIC,ratio,1,0
E02005,サステナビリティ,nonfin,1,0
E02005,営業利益,acc,0,1
E02005,売上高,acc,1,0
E02006,営業利益,acc,0,1
E02006,営業利益率,ratio,1,0
E02006,売上高,acc,1,0
E02006,脱炭素/温室効果ガス,nonfin,1,0
E02007,EPS,acc,1,0
E02007,ROE,ratio,1,0
E02007,エンゲージメント,nonfin,1,0
E02007,営業利益,acc,0,1
E02007,売上高,acc,1,0
E02007,当期純利益率,ratio,1,0
E02007,脱炭素/温室効果ガス,nonfin,1,0
E02008,SDGs,nonfin,1,0
E02008,キャッシュフロー,acc,1,0
E02008,営業利益,acc,0,1
E02008,売上高,acc,0,1
E02008,自己資本比率,ratio,1,0
E02011,ESG,nonfin,1,0
E02011,ROE,ratio,1,0
E02011,エンゲージメント,nonfin,1,0
E02011,サステナビリティ,nonfin,1,0
E02011,営業利益,acc,1,0
E02011,売上高,acc,1,0
E02011,当期純利益,acc,0,1
E02011,自己資本比率,ratio,1,0
E02013,営業利益,acc,1,1
E02013,売上高,acc,1,0
E02015,ROE,ratio,1,1
E02015,TSR,stock,0,1
E02015,サステナビリティ,nonfin,1,1
E02015,営業利益,acc,1,1
E02015,売上高,acc,1,1
E02015,当期純利益,acc,0,1
E02015,脱炭素/温室効果ガス,nonfin,1,0
E02015,配当性向,stock,1,0
E02017,ROE,ratio,0,1
E02017,営業利益,acc,0,1
E02017,売上高,acc,1,0
E02020,EBITDA,acc,1,0
E02020,PBR,stock,1,0
E02020,ROE,ratio,1,0
E02020,営業利益,acc,0,1
E02024,DOE,stock,1,0
E02024,ROE,ratio,1,1
E02024,ROIC,ratio,1,0
E02024,TSR,stock,0,1
E02024,フリーキャッシュフロー,acc,1,0
E02024,営業利益,acc,1,0
E02024,営業利益率,ratio,0,1
E02024,売上高,acc,1,1
E02024,当期純利益,acc,1,1
E02024,株主還元率,stock,1,0
E02024,株価成長率,stock,0,1
E02024,自己資本比率,ratio,1,0
E02025,SDGs,nonfin,1,0
E02025,サステナビリティ,nonfin,1,0
E02025,利益率,ratio,1,0
E02025,営業利益率,ratio,1,0
E02025,売上高,acc,1,0
E02025,経常利益,acc,0,1
E02025,経常利益率,ratio,1,0
E02025,自己資本比率,ratio,1,0
E02027,SDGs,nonfin,1,0
E02027,経常利益,acc,0,1
E02030,ROE,ratio,1,0
E02030,サステナビリティ,nonfin,1,0
E02030,営業利益,acc,1,1
E02030,営業利益率,ratio,1,0
E02030,売上高,acc,1,1
E02030,当期純利益,acc,0,1
E02039,ROE,ratio,1,0
E02039,利益率,ratio,1,0
E02039,当期純利益,acc,0,1
E02039,経常利益,acc,0,1
E02039,経常利益率,ratio,1,0
E02040,ROE,ratio,1,0
E02040,当期純利益,acc,0,1
E02040,自己資本比率,ratio,1,0
E02042,ROE,ratio,1,0
E02042,キャッシュフロー,acc,1,0
E02042,サステナビリティ,nonfin,1,0
E02042,営業利益,acc,1,0
E02042,営業利益率,ratio,1,0
E02042,当期純利益,acc,0,1
E02043,ESG,nonfin,1,0
E02043,ROE,ratio,1,0
E02043,サステナビリティ,nonfin,1,0
E02043,利益率,ratio,1,0
E02043,売上高,acc,1,0
E02043,経常利益,acc,1,0
E02043,経常利益率,ratio,1,1
E02045,SDGs,nonfin,1,0
E02045,営業利益,acc,1,0
E02045,売上高,acc,1,0
E02045,当期純利益,acc,0,1
E02045,経常利益,acc,1,0
E02047,PBR,stock,1,0
E02047,キャッシュフロー,acc,1,0
E02047,売上高,acc,1,0
E02047,当期純利益,acc,0,1
E02047,経常利益率,ratio,1,0
E02055,PBR,stock,1,0
E02055,ROE,ratio,1,0
E02055,営業利益率,ratio,1,1
E02055,売上高,acc,1,0
E02055,配当性向,stock,1,0
E02056,ESG,nonfin,1,0
E02056,ROE,ratio,0,1
E02056,サステナビリティ,nonfin,1,0
E02056,営業利益,acc,1,1
E02056,売上高,acc,1,1
E02056,廃棄物削減,nonfin,1,0
E02056,当期純利益,acc,0,1
E02058,ESG,nonfin,0,1
E02058,SDGs,nonfin,1,0
E02058,営業利益,acc,0,1
E02058,当期純利益,acc,0,1
E02058,非財務指標,nonfin,0,1
E02059,ROE,ratio,1,1
E02059,ROIC,ratio,1,0
E02059,TSR,stock,0,1
E02059,サステナビリティ,nonfin,1,0
E02059,営業利益,acc,1,1
E02059,売上高,acc,1,0
E02059,株主還元率,stock,1,0
E02060,ESG,nonfin,1,0
E02060,サステナビリティ,nonfin,1,0
E02060,営業利益率,ratio,1,0
E02060,売上高,acc,1,0
E02060,売上高比,ratio,1,0
E02060,当期純利益,acc,0,1
E02060,脱炭素/温室効果ガス,nonfin,1,0
E02062,キャッシュフロー,acc,1,0
E02062,営業利益,acc,1,1
E02062,売上高,acc,1,0
E02069,ESG,nonfin,0,1
E02069,ROE,ratio,0,1
E02069,エンゲージメント,nonfin,0,1
E02069,サステナビリティ,nonfin,1,0
E02069,営業利益,acc,0,1
E02069,営業利益率,ratio,0,1
E02069,当期純利益,acc,0,1
E02069,脱炭素/温室効果ガス,nonfin,1,0
E02073,ROE,ratio,1,0
E02073,営業利益,acc,0,1
E02073,当期純利益,acc,0,1
E02076,営業利益,acc,1,1
E02076,売上高,acc,1,0
E02077,ROE,ratio,1,1
E02081,ESG,nonfin,1,0
E02081,TSR,stock,0,1
E02081,エンゲージメント,nonfin,1,0
E02081,サステナビリティ,nonfin,1,0
E02081,営業利益率,ratio,0,1
E02081,売上収益,acc,1,1
E02081,時価総額,stock,0,1
E02086,ROE,ratio,1,0
E02086,営業利益,acc,0,1
E02089,ROE,ratio,1,0
E02089,ROIC,ratio,1,1
E02089,サステナビリティ,nonfin,1,0
E02089,営業利益,acc,1,1
E02089,営業利益率,ratio,0,1
E02089,売上高,acc,1,1
E02089,当期純利益,acc,0,1
E02092,EPS,acc,1,0
E02092,売上高,acc,1,0
E02092,当期純利益,acc,1,0
E02092,経常利益,acc,1,1
E02092,経常利益率,ratio,1,0
E02093,DOE,stock,1,0
E02093,ROIC,ratio,1,0
E02093,キャッシュフロー,acc,1,0
E02093,フリーキャッシュフロー,acc,1,0
E02093,営業利益,acc,1,1
E02093,売上高,acc,1,0
E02103,EBITDA,acc,0,1
E02103,ROE,ratio,0,1
E02103,サステナビリティ,nonfin,1,0
E02103,当期純利益,acc,0,1
E02103,脱炭素/温室効果ガス,nonfin,0,1
E02109,営業利益,acc,1,1
E02109,売上高,acc,1,0
E02114,SDGs,nonfin,1,0
E02114,サステナビリティ,nonfin,1,0
E02114,フリーキャッシュフロー,acc,1,0
E02114,営業利益率,ratio,1,0
E02114,売上高,acc,1,0
E02114,売上高比,ratio,1,0
E02114,当期純利益,acc,0,1
E02114,税引前利益,acc,0,1
E02114,脱炭素/温室効果ガス,nonfin,1,0
E02120,サステナビリティ,nonfin,1,0
E02120,営業利益,acc,0,1
E02120,売上高,acc,1,0
E02121,営業利益,acc,1,0
E02121,売上高,acc,1,0
E02121,当期純利益,acc,0,1
E02121,経常利益,acc,1,0
E02121,脱炭素/温室効果ガス,nonfin,1,0
E02123,PBR,stock,1,0
E02123,ROE,ratio,1,0
E02123,ROIC,ratio,1,1
E02123,WACC,ratio,1,0
E02123,キャッシュフロー,acc,1,0
E02123,サステナビリティ,nonfin,1,0
E02123,営業利益率,ratio,1,0
E02123,売上高,acc,1,0
E02123,脱炭素/温室効果ガス,nonfin,1,0
E02123,自己資本比率,ratio,1,0
E02123,限界利益,acc,1,0
E02124,ROE,ratio,1,0
E02124,エンゲージメント,nonfin,1,0
E02124,サステナビリティ,nonfin,1,0
E02124,受注高,nonfin,1,0
E02124,営業利益,acc,1,0
E02124,営業利益率,ratio,1,1
E02124,売上高,acc,1,1
E02124,売上高比,ratio,1,0
E02124,当期純利益,acc,1,1
E02124,経常利益,acc,1,0
E02126,ESG,nonfin,0,1
E02126,ROE,ratio,1,0
E02126,事業利益,acc,1,1
E02126,事業利益率,ratio,1,0
E02126,売上収益,acc,1,0
E02126,脱炭素/温室効果ガス,nonfin,1,0
E02127,ESG,nonfin,0,1
E02127,ROE,ratio,1,0
E02127,ROIC,ratio,1,1
E02127,SDGs,nonfin,1,0
E02127,WACC,ratio,1,1
E02127,エンゲージメント,nonfin,0,1
E02127,キャッシュフロー,acc,1,0
E02127,サステナビリティ,nonfin,1,1
E02127,フリーキャッシュフロー,acc,0,1
E02127,事業利益率,ratio,1,1
E02127,売上収益,acc,0,1
E02127,当期純利益,acc,0,1
E02127,当期純利益率,ratio,0,1
E02127,脱炭素/温室効果ガス,nonfin,1,1
E02127,非財務指標,nonfin,0,1
E02128,ESG,nonfin,0,1
E02128,ROIC,ratio,0,1
E02128,エンゲージメント,nonfin,0,1
E02128,キャッシュフロー,acc,1,1
E02128,フリーキャッシュフロー,acc,1,0
E02128,営業利益,acc,1,1
E02128,営業利益率,ratio,1,0
E02128,当期純利益,acc,0,1
E02128,脱炭素/温室効果ガス,nonfin,1,1
E02129,営業利益,acc,0,1
E02129,脱炭素/温室効果ガス,nonfin,1,0
E02138,サステナビリティ,nonfin,1,0
E02138,経常利益,acc,0,1
E02138,脱炭素/温室効果ガス,nonfin,1,0
E02140,ESG,nonfin,0,1
E02140,TSR,stock,0,1
E02140,営業利益,acc,1,0
E02140,売上高,acc,1,0
E02140,当期純利益,acc,1,0
E02140,経常利益,acc,1,1
E02140,脱炭素/温室効果ガス,nonfin,1,0
E02140,販売数量,nonfin,1,0
E02142,TSR,stock,0,1
E02142,エンゲージメント,nonfin,0,1
E02142,サステナビリティ,nonfin,1,0
E02142,フリーキャッシュフロー,acc,1,1
E02142,営業利益,acc,1,1
E02142,営業利益率,ratio,1,1
E02142,売上高,acc,1,1
E02142,脱炭素/温室効果ガス,nonfin,0,1
E02143,ROE,ratio,1,1
E02143,TSR,stock,0,1
E02143,サステナビリティ,nonfin,1,0
E02143,営業利益,acc,0,1
E02143,営業利益率,ratio,1,0
E02143,売上収益,acc,1,1
E02143,当期純利益,acc,0,1
E02143,当期純利益率,ratio,0,1
E02143,脱炭素/温室効果ガス,nonfin,0,1
E02143,自己資本比率,ratio,1,0
E02143,配当性向,stock,1,0
E02143,非財務指標,nonfin,0,1
E02147,ROE,ratio,1,0
E02147,サステナビリティ,nonfin,0,1
E02147,利益率,ratio,1,0
E02147,営業利益,acc,1,0
E02147,売上高,acc,1,0
E02147,当期純利益,acc,0,1
E02147,脱炭素/温室効果ガス,nonfin,1,1
E02147,配当性向,stock,1,0
E02150,フリーキャッシュフロー,acc,0,1
E02150,営業利益,acc,0,1
E02150,脱炭素/温室効果ガス,nonfin,1,0
E02152,PER,stock,1,0
E02152,ROE,ratio,1,1
E02152,TSR,stock,0,1
E02152,WACC,ratio,1,0
E02152,エンゲージメント,nonfin,0,1
E02152,サステナビリティ,nonfin,1,0
E02152,利益率,ratio,1,0
E02152,税引前利益,acc,0,1
E02152,非財務指標,nonfin,0,1
E02154,DOE,stock,1,0
E02154,ROE,ratio,0,1
E02154,エンゲージメント,nonfin,1,0
E02154,サステナビリティ,nonfin,1,0
E02154,営業利益,acc,1,0
E02154,営業利益率,ratio,0,1
E02154,売上高,acc,1,1
E02154,当期純利益,acc,1,1
E02154,株主還元率,stock,1,1
E02154,経常利益,acc,1,0
E02154,脱炭素/温室効果ガス,nonfin,0,1
E02154,非財務指標,nonfin,0,1
E02155,ROE,ratio,1,0
E02155,売上高,acc,1,0
E02155,経常利益,acc,0,1
E02155,経常利益率,ratio,0,1
E02155,脱炭素/温室効果ガス,nonfin,1,0
E02158,ROE,ratio,1,0
E02158,サステナビリティ,nonfin,1,0
E02158,営業利益,acc,0,1
E02158,営業利益率,ratio,1,0
E02158,売上高,acc,1,1
E02158,当期純利益,acc,0,1
E02158,経常利益,acc,0,1
E02161,EBITDA,acc,0,1
E02161,フリーキャッシュフロー,acc,1,1
E02161,営業利益,acc,1,1
E02161,営業利益率,ratio,1,0
E02162,ROE,ratio,1,0
E02162,営業利益,acc,0,1
E02162,営業利益率,ratio,1,0
E02162,売上高,acc,1,0
E02163,ROE,ratio,0,1
E02163,エンゲージメント,nonfin,0,1
E02163,営業利益,acc,1,0
E02163,営業利益率,ratio,1,0
E02163,売上高,acc,0,1
E02163,当期純利益,acc,0,1
E02163,棚卸資産回転率,ratio,1,0
E02163,脱炭素/温室効果ガス,nonfin,1,1
E02163,非財務指標,nonfin,0,1
E02163,顧客満足度,nonfin,1,0
E02166,DOE,stock,1,0
E02166,ROIC,ratio,1,1
E02166,TSR,stock,0,1
E02166,エンゲージメント,nonfin,0,1
E02166,キャッシュフロー,acc,1,0
E02166,サステナビリティ,nonfin,1,0
E02166,営業利益,acc,1,0
E02166,営業利益率,ratio,0,1
E02166,当期純利益,acc,1,1
E02166,税引前利益,acc,0,1
E02166,脱炭素/温室効果ガス,nonfin,0,1
E02166,非財務指標,nonfin,0,1
E02167,ROE,ratio,1,1
E02167,TSR,stock,0,1
E02167,営業利益,acc,1,1
E02167,営業利益率,ratio,1,0
E02167,売上収益,acc,1,0
E02167,脱炭素/温室効果ガス,nonfin,1,0
E02168,ROA,ratio,1,1
E02168,ROE,ratio,1,0
E02168,ROIC,ratio,1,0
E02168,TSR,stock,0,1
E02168,エンゲージメント,nonfin,1,0
E02168,キャッシュフロー,acc,1,0
E02168,サステナビリティ,nonfin,0,1
E02168,営業利益,acc,0,1
E02168,売上収益,acc,0,1
E02168,当期純利益,acc,0,1
E02168,株主還元率,stock,1,0
E02168,脱炭素/温室効果ガス,nonfin,1,0
E02170,DOE,stock,1,0
E02170,ROE,ratio,1,1
E02170,WACC,ratio,1,0
E02170,キャッシュフロー,acc,1,0
E02170,サステナビリティ,nonfin,1,0
E02170,労働安全,nonfin,1,0
E02170,営業利益,acc,0,1
E02170,営業利益率,ratio,1,1
E02170,売上高,acc,1,1
E02170,脱炭素/温室効果ガス,nonfin,1,0
E02171,ROE,ratio,1,0
E02171,営業利益,acc,0,1
E02171,営業利益率,ratio,1,0
E02171,売上高,acc,0,1
E02171,経常利益率,ratio,1,0
E02171,自己資本比率,ratio,1,0
E02172,EBITDA,acc,1,1
E02172,ROA,ratio,0,1
E02172,ROE,ratio,0,1
E02172,ROIC,ratio,1,0
E02172,WACC,ratio,1,0
E02172,サステナビリティ,nonfin,0,1
E02172,営業利益,acc,1,0
E02172,脱炭素/温室効果ガス,nonfin,0,1
E02172,非財務指標,nonfin,0,1
E02174,キャッシュコンバージョンサイクル,ratio,1,0
E02174,フリーキャッシュフロー,acc,1,0
E02174,営業利益,acc,1,1
E02174,売上高,acc,1,0
E02174,当期純利益,acc,1,0
E02174,経常利益,acc,1,0
E02175,ESG,nonfin,1,0
E02175,PBR,stock,1,0
E02175,ROE,ratio,1,1
E02175,サステナビリティ,nonfin,1,0
E02175,営業利益,acc,1,0
E02175,営業利益率,ratio,1,1
E02175,売上高,acc,1,1
E02175,当期純利益率,ratio,0,1
E02176,EPS,acc,1,0
E02176,ESG,nonfin,0,1
E02176,ESG外部評価,nonfin,0,1
E02176,ROA,ratio,0,1
E02176,営業利益,acc,0,1
E02176,営業利益率,ratio,1,0
E02176,売上高,acc,0,1
E02176,非財務指標,nonfin,0,1
E02177,PBR,stock,1,0
E02177,ROA,ratio,0,1
E02177,キャッシュフロー,acc,0,1
E02177,サステナビリティ,nonfin,0,1
E02177,利益率,ratio,0,1
E02177,営業利益,acc,1,0
E02177,営業利益率,ratio,0,1
E02177,売上高,acc,1,0
E02189,ESG,nonfin,1,0
E02189,SDGs,nonfin,1,0
E02189,営業利益,acc,0,1
E02189,当期純利益,acc,0,1
E02189,脱炭素/温室効果ガス,nonfin,1,0
E02194,ESG,nonfin,1,1
E02194,ROE,ratio,0,1
E02194,サステナビリティ,nonfin,1,0
E02194,売上高,acc,1,0
E02194,経常利益,acc,0,1
E02194,脱炭素/温室効果ガス,nonfin,1,0
E02195,PBR,stock,1,0
E02195,ROE,ratio,1,0
E02195,営業利益,acc,0,1
E02195,営業利益率,ratio,1,0
E02195,売上高,acc,1,0
E02195,脱炭素/温室効果ガス,nonfin,1,0
E02195,自己資本比率,ratio,1,0
E02199,エンゲージメント,nonfin,1,0
E02199,リスクマネジメント,nonfin,1,0
E02199,営業利益,acc,1,1
E02199,売上高,acc,1,0
E02201,ESG,nonfin,1,0
E02201,ROE,ratio,1,0
E02201,営業利益,acc,0,1
E02201,営業利益率,ratio,1,1
E02201,脱炭素/温室効果ガス,nonfin,1,0
E02201,販売数量,nonfin,1,0
E02201,非財務指標,nonfin,1,0
E02204,ROE,ratio,1,0
E02204,利益率,ratio,1,0
E02204,営業利益,acc,1,1
E02204,売上高,acc,1,1
E02204,当期純利益,acc,1,0
E02205,キャッシュフロー,acc,1,0
E02205,当期純利益,acc,0,1
E02205,自己資本比率,ratio,1,0
E02210,PBR,stock,0,1
E02210,ROE,ratio,1,1
E02210,ROIC,ratio,1,1
E02210,営業利益,acc,1,0
E02210,営業利益率,ratio,1,0
E02210,株主還元率,stock,1,0
E02213,EBITDA,acc,0,1
E02213,ESG,nonfin,0,1
E02213,ROE,ratio,1,1
E02213,エンゲージメント,nonfin,0,1
E02213,営業利益,acc,1,1
E02213,営業利益率,ratio,1,1
E02213,当期純利益,acc,0,1
E02213,脱炭素/温室効果ガス,nonfin,0,1
E02213,限界利益,acc,0,1
E02214,ESG,nonfin,1,0
E02214,PBR,stock,1,0
E02214,ROE,ratio,1,1
E02214,エンゲージメント,nonfin,1,0
E02214,営業利益,acc,1,1
E02214,売上収益,acc,1,1
E02214,女性管理職比率,nonfin,1,0
E02214,当期純利益,acc,1,0
E02214,株主還元率,stock,1,0
E02214,脱炭素/温室効果ガス,nonfin,1,0
E02216,SDGs,nonfin,1,0
E02216,エンゲージメント,nonfin,0,1
E02216,営業利益,acc,0,1
E02216,営業利益率,ratio,1,0
E02216,売上高,acc,0,1
E02216,脱炭素/温室効果ガス,nonfin,1,1
E02216,配当性向,stock,1,0
E02216,非財務指標,nonfin,1,1
E02221,ROE,ratio,1,1
E02221,サステナビリティ,nonfin,1,0
E02221,事業利益,acc,0,1
E02221,売上収益,acc,0,1
E02221,売上総利益,acc,0,1
E02222,ESG,nonfin,1,0
E02222,ROE,ratio,1,0
E02222,ROIC,ratio,1,1
E02222,サステナビリティ,nonfin,1,0
E02222,利益率,ratio,1,0
E02222,営業利益,acc,1,1
E02222,売上収益,acc,1,0
E02222,当期純利益率,ratio,1,0
E02225,DOE,stock,1,0
E02225,ESG,nonfin,1,0
E02225,エンゲージメント,nonfin,1,0
E02225,利益率,ratio,1,0
E02225,営業利益,acc,1,1
E02225,営業利益率,ratio,1,0
E02225,売上高,acc,1,0
E02225,株主還元率,stock,1,0
E02225,脱炭素/温室効果ガス,nonfin,1,0
E02226,ESG,nonfin,1,0
E02226,サステナビリティ,nonfin,1,0
E02226,当期純利益,acc,0,1
E02228,DOE,stock,1,0
E02228,ESG,nonfin,1,1
E02228,ROA,ratio,1,0
E02228,ROE,ratio,1,1
E02228,ROIC,ratio,1,0
E02228,営業利益,acc,1,1
E02228,営業利益率,ratio,1,1
E02228,売上高,acc,1,0
E02228,自己資本比率,ratio,1,0
E02228,配当性向,stock,1,0
E02229,EBITDA,acc,0,1
E02229,EPS,acc,0,1
E02229,ESG,nonfin,1,0
E02229,ROE,ratio,0,1
E02229,エンゲージメント,nonfin,0,1
E02229,キャッシュフロー,acc,0,1
E02229,サステナビリティ,nonfin,1,0
E02229,営業利益,acc,0,1
E02229,営業利益率,ratio,0,1
E02229,当期純利益,acc,0,1
E02229,配当性向,stock,0,1
E02231,ESG,nonfin,1,0
E02231,ROE,ratio,1,1
E02231,サステナビリティ,nonfin,1,0
E02231,営業利益,acc,1,1
E02231,売上高,acc,1,0
E02234,営業利益,acc,0,1
E02234,営業利益率,ratio,1,0
E02234,売上高,acc,0,1
E02237,EBITDA,acc,0,1
E02237,ESG,nonfin,0,1
E02237,ROA,ratio,1,0
E02237,ROE,ratio,1,0
E02237,ROIC,ratio,1,1
E02237,利益率,ratio,1,0
E02237,受注高,nonfin,0,1
E02237,営業利益,acc,0,1
E02237,売上高,acc,1,0
E02237,脱炭素/温室効果ガス,nonfin,1,1
E02237,自己資本比率,ratio,1,0
E02245,ROIC,ratio,1,0
E02245,サステナビリティ,nonfin,1,0
E02245,営業利益,acc,1,1
E02245,売上高,acc,1,1
E02245,売上高比,ratio,1,0
E02245,当期純利益,acc,0,1
E02245,自己資本比率,ratio,1,0
E02246,ROE,ratio,1,0
E02246,営業利益,acc,0,1
E02246,営業利益率,ratio,1,0
E02246,売上高,acc,1,0
E02246,当期純利益,acc,0,1
E02246,自己資本比率,ratio,1,0
E02248,DOE,stock,1,0
E02248,ROE,ratio,1,0
E02248,営業利益,acc,1,1
E02248,売上高,acc,1,0
E02248,脱炭素/温室効果ガス,nonfin,1,0
E02248,非財務指標,nonfin,1,0
E02252,ROE,ratio,1,1
E02252,ROIC,ratio,1,1
E02252,エンゲージメント,nonfin,1,0
E02252,営業利益,acc,1,1
E02252,売上高,acc,1,0
E02252,当期純利益,acc,0,1
E02252,脱炭素/温室効果ガス,nonfin,1,0
E02257,営業利益,acc,1,1
E02257,売上高,acc,1,1
E02258,ESG,nonfin,1,0
E02258,PBR,stock,1,0
E02258,ROE,ratio,1,1
E02258,サステナビリティ,nonfin,1,0
E02258,営業利益,acc,1,1
E02258,売上高,acc,1,0
E02258,当期純利益,acc,1,0
E02258,株主還元率,stock,1,0
E02258,経常利益,acc,1,0
E02258,配当性向,stock,1,0
E02265,ROIC,ratio,1,0
E02265,サステナビリティ,nonfin,1,0
E02265,営業利益,acc,0,1
E02265,売上高,acc,0,1
E02265,時価総額,stock,0,1
E02265,脱炭素/温室効果ガス,nonfin,1,0
E02266,ESG,nonfin,1,0
E02266,ROE,ratio,1,1
E02266,ROIC,ratio,1,0
E02266,SDGs,nonfin,1,0
E02266,サステナビリティ,nonfin,1,0
E02266,利益率,ratio,1,0
E02266,営業利益,acc,1,1
E02266,営業利益率,ratio,1,1
E02266,売上高,acc,1,1
E02266,当期純利益,acc,0,1
E02267,ROE,ratio,1,0
E02267,サステナビリティ,nonfin,1,0
E02267,売上高,acc,1,0
E02267,当期純利益,acc,1,0
E02267,経常利益,acc,1,1
E02267,脱炭素/温室効果ガス,nonfin,1,0
E02271,ROE,ratio,1,1
E02271,ROIC,ratio,1,1
E02271,TSR,stock,0,1
E02271,キャッシュフロー,acc,1,0
E02271,サステナビリティ,nonfin,1,1
E02271,リスクマネジメント,nonfin,1,0
E02271,営業利益,acc,1,1
E02271,営業利益率,ratio,1,1
E02271,売上収益,acc,1,1
E02271,定性評価,nonfin,0,1
E02272,DJSI,nonfin,0,1
E02272,EPS,acc,0,1
E02272,ESG,nonfin,1,1
E02272,ROIC,ratio,1,0
E02272,TSR,stock,0,1
E02272,エンゲージメント,nonfin,0,1
E02272,フリーキャッシュフロー,acc,1,0
E02272,利益率,ratio,1,0
E02272,営業利益率,ratio,1,1
E02272,売上高,acc,1,1
E02272,脱炭素/温室効果ガス,nonfin,0,1
E02274,ROE,ratio,1,0
E02274,利益率,ratio,1,0
E02274,営業利益率,ratio,1,0
E02274,売上高,acc,1,0
E02274,当期純利益,acc,0,1
E02275,DJSI,nonfin,0,1
E02275,ESG,nonfin,1,1
E02275,ROE,ratio,1,1
E02275,ROI,ratio,1,0
E02275,ROIC,ratio,1,0
E02275,TSR,stock,1,1
E02275,キャッシュフロー,acc,1,0
E02275,営業利益,acc,1,1
E02275,売上高,acc,1,0
E02275,当期純利益,acc,1,0
E02275,時価総額,stock,0,1
E02275,株主還元率,stock,1,0
E02280,ESG,nonfin,1,1
E02280,ROE,ratio,1,0
E02280,ROIC,ratio,1,1
E02280,サステナビリティ,nonfin,1,0
E02280,営業利益,acc,1,1
E02280,売上総利益率,ratio,1,1
E02280,定性評価,nonfin,0,1
E02280,脱炭素/温室効果ガス,nonfin,1,1
E02281,ESG,nonfin,0,1
E02281,ESG外部評価,nonfin,0,1
E02281,ROE,ratio,0,1
E02281,営業利益,acc,0,1
E02281,営業利益率,ratio,0,1
E02281,売上高,acc,1,1
E02281,脱炭素/温室効果ガス,nonfin,0,1
E02281,非財務指標,nonfin,0,1
E02285,ROE,ratio,1,0
E02285,営業利益,acc,1,1
E02285,売上高,acc,1,0
E02285,売上高比,ratio,1,0
E02285,当期純利益率,ratio,1,0
E02286,ROA,ratio,1,0
E02286,ROE,ratio,1,0
E02286,サステナビリティ,nonfin,1,0
E02286,営業利益,acc,1,1
E02286,営業利益率,ratio,1,0
E02286,売上高,acc,1,0
E02286,配当性向,stock,1,0
E02288,ESG,nonfin,1,0
E02288,ROIC,ratio,1,1
E02288,エンゲージメント,nonfin,1,0
E02288,キャッシュフロー,acc,1,0
E02288,サステナビリティ,nonfin,1,0
E02288,営業利益率,ratio,1,1
E02288,売上総利益,acc,1,0
E02288,売上高,acc,1,0
E02288,脱炭素/温室効果ガス,nonfin,1,1
E02288,自己資本比率,ratio,1,0
E02288,配当性向,stock,1,0
E02288,非財務目標,nonfin,1,0
E02289,ESG,nonfin,0,1
E02289,ROE,ratio,1,1
E02289,営業利益,acc,1,1
E02289,売上高,acc,1,0
E02289,当期純利益,acc,0,1
E02293,ESG,nonfin,0,1
E02293,ROE,ratio,1,0
E02293,ROIC,ratio,1,1
E02293,サステナビリティ,nonfin,1,0
E02293,営業利益,acc,1,1
E02293,営業利益率,ratio,1,0
E02293,売上高,acc,1,1
E02293,当期純利益,acc,0,1
E02293,脱炭素/温室効果ガス,nonfin,0,1
E02294,DOE,stock,1,0
E02294,PBR,stock,1,0
E02294,ROE,ratio,1,0
E02294,サステナビリティ,nonfin,1,0
E02294,営業利益,acc,1,0
E02294,営業利益率,ratio,1,0
E02294,売上高,acc,1,0
E02294,売上高比,ratio,1,0
E02294,女性管理職比率,nonfin,1,0
E02294,当期純利益,acc,1,1
E02294,経常利益,acc,1,0
E02294,脱炭素/温室効果ガス,nonfin,1,0
E02294,配当性向,stock,1,0
E02294,非財務指標,nonfin,1,0
E02296,ESG,nonfin,0,1
E02296,ROE,ratio,1,1
E02296,ROIC,ratio,1,1
E02296,キャッシュフロー,acc,1,0
E02296,利益率,ratio,1,0
E02296,営業利益,acc,1,1
E02296,営業利益率,ratio,0,1
E02296,売上高,acc,1,0
E02296,脱炭素/温室効果ガス,nonfin,1,0
E02301,ESG,nonfin,1,0
E02301,SDGs,nonfin,1,0
E02301,サステナビリティ,nonfin,1,0
E02301,女性管理職比率,nonfin,1,0
E02301,当期純利益,acc,0,1
E02301,経常利益率,ratio,1,0
E02301,脱炭素/温室効果ガス,nonfin,1,0
E02304,キャッシュフロー,acc,1,0
E02304,営業利益,acc,1,0
E02304,売上高,acc,1,1
E02304,当期純利益,acc,0,1
E02304,経常利益,acc,0,1
E02306,PBR,stock,1,0
E02306,ROE,ratio,1,0
E02306,サステナビリティ,nonfin,1,0
E02306,受注高,nonfin,0,1
E02306,営業利益,acc,1,1
E02306,売上高,acc,1,1
E02306,売上高比,ratio,1,0
E02306,非財務指標,nonfin,0,1
E02307,ESG,nonfin,1,0
E02307,ROE,ratio,1,0
E02307,サステナビリティ,nonfin,1,0
E02307,リスクマネジメント,nonfin,1,0
E02307,受注高,nonfin,1,0
E02307,営業利益,acc,1,1
E02307,営業利益率,ratio,1,1
E02307,売上高,acc,1,1
E02307,当期純利益,acc,1,0
E02307,自己資本比率,ratio,1,0
E02308,EBITDA,acc,1,0
E02308,ESG,nonfin,1,1
E02308,ROE,ratio,1,1
E02308,TSR,stock,0,1
E02308,サステナビリティ,nonfin,1,0
E02308,営業利益,acc,1,1
E02308,営業利益率,ratio,1,0
E02308,売上高,acc,1,1
E02308,定性評価,nonfin,0,1
E02308,株主還元率,stock,1,0
E02308,脱炭素/温室効果ガス,nonfin,0,1
E02322,DOE,stock,1,0
E02322,EBITDA,acc,1,0
E02322,ROE,ratio,1,0
E02322,サステナビリティ,nonfin,1,1
E02322,営業利益,acc,1,1
E02322,売上収益,acc,1,0
E02322,売上高,acc,1,0
E02322,当期純利益,acc,1,1
E02322,株主還元率,stock,1,0
E02322,配当性向,stock,1,0
E02323,ESG,nonfin,1,0
E02323,ROE,ratio,1,0
E02323,エンゲージメント,nonfin,1,0
E02323,サステナビリティ,nonfin,1,0
E02323,リスクマネジメント,nonfin,1,0
E02323,営業利益,acc,1,1
E02323,営業利益率,ratio,1,0
E02323,売上高,acc,1,0
E02323,当期純利益,acc,1,0
E02324,ROE,ratio,1,0
E02324,営業利益,acc,1,1
E02324,売上高,acc,1,1
E02324,売上高成長率,acc,0,1
E02324,当期純利益,acc,1,0
E02324,時価総額,stock,1,0
E02324,経常利益,acc,1,1
E02324,経常利益率,ratio,1,0
E02325,SDGs,nonfin,1,0
E02325,サステナビリティ,nonfin,1,0
E02325,営業利益,acc,1,1
E02325,営業利益率,ratio,1,0
E02325,売上総利益率,ratio,1,0
E02325,売上高,acc,1,0
E02325,当期純利益,acc,1,0
E02328,売上高,acc,1,0
E02328,当期純利益,acc,0,1
E02328,技術力強化,nonfin,1,0
E02328,経常利益,acc,1,0
E02329,ROE,ratio,1,1
E02329,営業利益,acc,1,1
E02329,営業利益率,ratio,1,0
E02329,売上高,acc,1,1
E02329,脱炭素/温室効果ガス,nonfin,1,0
E02331,EBITDA,acc,1,1
E02331,ROE,ratio,1,1
E02331,売上高,acc,1,1
E02331,株主還元率,stock,1,0
E02336,ROE,ratio,1,0
E02336,営業利益,acc,1,0
E02336,売上総利益率,ratio,1,0
E02336,売上高,acc,1,0
E02336,経常利益,acc,0,1
E02340,DOE,stock,1,0
E02340,EBITDA,acc,1,0
E02340,ROE,ratio,1,0
E02340,キャッシュフロー,acc,1,0
E02340,サステナビリティ,nonfin,1,0
E02340,利益率,ratio,1,0
E02340,営業利益,acc,1,1
E02340,営業利益率,ratio,1,0
E02340,売上高,acc,1,1
E02340,当期純利益,acc,1,0
E02340,当期純利益率,ratio,1,0
E02343,利益率,ratio,1,0
E02343,経常利益,acc,0,1
E02343,経常利益率,ratio,0,1
E02344,サステナビリティ,nonfin,1,0
E02344,営業利益,acc,1,1
E02344,営業利益率,ratio,1,1
E02344,売上高,acc,1,1
E02344,当期純利益,acc,0,1
E02344,配当性向,stock,1,0
E02345,ROE,ratio,1,0
E02345,営業利益,acc,1,1
E02345,売上高,acc,1,0
E02345,当期純利益,acc,0,1
E02346,ROE,ratio,1,0
E02346,営業利益率,ratio,1,0
E02346,当期純利益,acc,0,1
E02348,営業利益,acc,0,1
E02348,経常利益率,ratio,1,0
E02348,自己資本比率,ratio,1,0
E02350,営業利益,acc,0,1
E02350,売上高,acc,1,0
E02350,経常利益,acc,1,0
E02350,配当性向,stock,1,0
E02352,ESG,nonfin,1,0
E02352,ROIC,ratio,1,0
E02352,SDGs,nonfin,1,0
E02352,営業利益,acc,0,1
E02352,売上高,acc,0,1
E02356,PBR,stock,1,0
E02356,ROE,ratio,1,0
E02356,エンゲージメント,nonfin,1,0
E02356,キャッシュフロー,acc,1,0
E02356,利益率,ratio,1,0
E02356,営業利益,acc,0,1
E02356,営業利益率,ratio,1,0
E02356,売上高,acc,0,1
E02362,ROE,ratio,1,0
E02362,ROIC,ratio,0,1
E02362,TSR,stock,0,1
E02362,エンゲージメント,nonfin,1,0
E02362,サステナビリティ,nonfin,1,0
E02362,事業利益率,ratio,1,0
E02362,売上高,acc,0,1
E02362,当期純利益,acc,0,1
E02362,非財務目標,nonfin,0,1
E02369,ROE,ratio,1,0
E02369,SDGs,nonfin,0,1
E02369,サステナビリティ,nonfin,1,0
E02369,営業利益,acc,1,1
E02369,営業利益率,ratio,1,0
E02369,売上高,acc,1,0
E02369,定性評価,nonfin,0,1
E02369,経常利益,acc,0,1
E02369,配当性向,stock,1,0
E02371,ESG,nonfin,1,0
E02371,ROE,ratio,1,0
E02371,エンゲージメント,nonfin,1,0
E02371,営業利益,acc,1,0
E02371,営業利益率,ratio,1,0
E02371,売上高,acc,1,0
E02371,当期純利益,acc,0,1
E02371,当期純利益率,ratio,1,0
E02373,ROE,ratio,1,0
E02373,エンゲージメント,nonfin,1,0
E02373,サステナビリティ,nonfin,1,0
E02373,営業利益,acc,1,1
E02373,営業利益率,ratio,1,1
E02373,売上高,acc,1,1
E02373,女性管理職比率,nonfin,1,0
E02373,脱炭素/温室効果ガス,nonfin,1,0
E02373,非財務指標,nonfin,1,0
E02376,サステナビリティ,nonfin,1,0
E02376,当期純利益,acc,1,0
E02376,経常利益,acc,0,1
E02378,ROA,ratio,1,1
E02378,サステナビリティ,nonfin,1,0
E02378,営業利益,acc,1,1
E02378,営業利益率,ratio,1,0
E02378,売上総利益率,ratio,1,0
E02378,売上高,acc,1,0
E02378,定性評価,nonfin,0,1
E02378,時価総額,stock,1,1
E02378,脱炭素/温室効果ガス,nonfin,1,0
E02378,非財務指標,nonfin,1,0
E02379,DOE,stock,1,0
E02379,ROE,ratio,1,1
E02379,サステナビリティ,nonfin,1,0
E02379,営業利益,acc,1,0
E02379,売上高,acc,1,0
E02379,当期純利益,acc,1,1
E02379,経常利益,acc,1,0
E02379,脱炭素/温室効果ガス,nonfin,1,1
E02379,配当性向,stock,1,0
E02380,DOE,stock,1,0
E02380,ESG,nonfin,1,0
E02380,ROE,ratio,1,0
E02380,エンゲージメント,nonfin,1,0
E02380,キャッシュフロー,acc,1,0
E02380,サステナビリティ,nonfin,1,0
E02380,営業利益,acc,0,1
E02380,営業利益率,ratio,1,0
E02380,売上収益,acc,0,1
E02381,ROE,ratio,1,0
E02381,キャッシュフロー,acc,1,0
E02381,利益率,ratio,1,0
E02381,営業利益,acc,1,1
E02381,営業利益率,ratio,1,0
E02381,売上高,acc,1,0
E02381,売上高比,ratio,1,0
E02381,当期純利益,acc,1,0
E02381,経常利益,acc,1,0
E02382,PBR,stock,1,0
E02382,ROE,ratio,1,0
E02382,エンゲージメント,nonfin,1,0
E02382,サステナビリティ,nonfin,1,0
E02382,営業利益,acc,1,1
E02382,売上高,acc,1,1
E02382,株主還元率,stock,1,0
E02382,配当性向,stock,1,0
E02385,営業利益,acc,0,1
E02385,営業利益率,ratio,1,0
E02385,売上高,acc,1,0
E02385,脱炭素/温室効果ガス,nonfin,1,0
E02385,自己資本比率,ratio,1,0
E02386,ROE,ratio,1,1
E02386,ROIC,ratio,0,1
E02386,TSR,stock,0,1
E02386,エンゲージメント,nonfin,1,1
E02386,営業利益,acc,1,1
E02386,営業利益率,ratio,1,1
E02386,売上高,acc,1,1
E02386,定性評価,nonfin,0,1
E02386,当期純利益,acc,1,1
E02386,自己資本比率,ratio,1,0
E02387,ESG,nonfin,1,0
E02387,PBR,stock,1,0
E02387,ROE,ratio,1,0
E02387,営業利益,acc,0,1
E02387,当期純利益,acc,1,1
E02387,経常利益,acc,0,1
E02387,脱炭素/温室効果ガス,nonfin,1,0
E02390,ROE,ratio,0,1
E02390,フリーキャッシュフロー,acc,1,0
E02390,営業利益率,ratio,0,1
E02394,ESG,nonfin,1,0
E02394,PBR,stock,1,0
E02394,ROE,ratio,1,0
E02394,SDGs,nonfin,1,0
E02394,TSR,stock,0,1
E02394,エンゲージメント,nonfin,0,1
E02394,サステナビリティ,nonfin,1,0
E02394,営業利益,acc,1,1
E02394,営業利益率,ratio,1,0
E02394,売上高,acc,1,1
E02394,当期純利益,acc,1,0
E02394,脱炭素/温室効果ガス,nonfin,0,1
E02394,販売数量,nonfin,1,0
E02394,非財務指標,nonfin,0,1
E02395,ESG,nonfin,1,1
E02395,ROE,ratio,1,0
E02395,サステナビリティ,nonfin,1,0
E02395,利益率,ratio,1,0
E02395,営業利益,acc,1,0
E02395,売上高,acc,1,0
E02395,当期純利益,acc,0,1
E02395,脱炭素/温室効果ガス,nonfin,1,0
E02396,営業利益,acc,1,1
E02396,営業利益率,ratio,1,0
E02398,ESG,nonfin,1,0
E02398,ROE,ratio,1,1
E02398,サステナビリティ,nonfin,1,0
E02398,売上総利益率,ratio,1,0
E02398,売上高,acc,1,0
E02398,当期純利益率,ratio,1,0
E02398,経常利益,acc,1,0
E02398,経常利益率,ratio,1,0
E02403,EBITDA,acc,1,0
E02403,ROE,ratio,1,0
E02403,営業利益,acc,1,1
E02403,売上高,acc,1,0
E02404,EPS,acc,1,1
E02404,ESG,nonfin,1,1
E02404,ESG外部評価,nonfin,0,1
E02404,PVA,acc,1,1
E02404,ROE,ratio,1,0
E02404,ROI,ratio,1,0
E02404,ROIC,ratio,1,1
E02404,TSR,stock,0,1
E02404,エンゲージメント,nonfin,0,1
E02404,営業利益,acc,1,1
E02404,売上高,acc,1,1
E02404,当期純利益,acc,1,0
E02408,DOE,stock,1,0
E02408,EBITDA,acc,0,1
E02408,ESG,nonfin,1,0
E02408,PBR,stock,1,0
E02408,ROE,ratio,1,1
E02408,サステナビリティ,nonfin,1,0
E02408,営業利益率,ratio,1,0
E02408,売上高,acc,1,0
E02408,経常利益,acc,0,1
E02411,営業利益,acc,1,1
E02411,当期純利益,acc,0,1
E02411,経常利益,acc,1,1
E02411,自己資本比率,ratio,1,0
E02412,EPS,acc,1,0
E02412,売上高,acc,1,0
E02412,当期純利益,acc,0,1
E02412,経常利益,acc,1,0
E02412,経常利益率,ratio,1,0
E02412,脱炭素/温室効果ガス,nonfin,1,0
E02414,EBITDA,acc,0,1
E02414,ESG,nonfin,0,1
E02414,ROE,ratio,0,1
E02414,SDGs,nonfin,1,0
E02414,サステナビリティ,nonfin,0,1
E02414,営業利益,acc,0,1
E02414,売上高,acc,0,1
E02414,脱炭素/温室効果ガス,nonfin,1,0
E02415,PBR,stock,1,0
E02415,PER,stock,1,0
E02415,ROE,ratio,1,0
E02415,ROIC,ratio,1,1
E02415,WACC,ratio,1,0
E02415,営業利益,acc,1,1
E02415,売上高,acc,1,1
E02415,当期純利益率,ratio,1,0
E02415,脱炭素/温室効果ガス,nonfin,1,0
E02416,ROE,ratio,1,1
E02416,利益率,ratio,1,0
E02416,営業利益,acc,1,1
E02416,営業利益率,ratio,1,0
E02416,売上高,acc,1,1
E02417,ROE,ratio,1,0
E02417,TSR,stock,0,1
E02417,エンゲージメント,nonfin,1,0
E02417,キャッシュフロー,acc,1,0
E02417,サステナビリティ,nonfin,1,0
E02417,営業利益,acc,1,1
E02417,売上高,acc,1,0
E02417,当期純利益,acc,0,1
E02417,株価成長率,stock,0,1
E02417,脱炭素/温室効果ガス,nonfin,1,0
E02417,配当性向,stock,1,0
E02419,ROE,ratio,1,0
E02419,営業利益,acc,0,1
E02419,営業利益率,ratio,1,0
E02419,売上高,acc,1,0
E02419,当期純利益率,ratio,1,0
E02421,ESG,nonfin,1,0
E02421,PBR,stock,1,0
E02421,PER,stock,1,0
E02421,ROE,ratio,1,0
E02421,SDGs,nonfin,1,0
E02421,サステナビリティ,nonfin,1,0
E02421,営業利益,acc,1,1
E02421,売上高,acc,1,1
E02421,売上高比,ratio,1,0
E02421,当期純利益,acc,0,1
E02421,株主還元率,stock,1,0
E02421,経常利益,acc,1,1
E02421,脱炭素/温室効果ガス,nonfin,1,0
E02421,配当性向,stock,1,0
E02423,EBITDA,acc,1,0
E02423,ROA,ratio,1,0
E02423,ROE,ratio,1,0
E02423,ROIC,ratio,1,0
E02423,フリーキャッシュフロー,acc,1,0
E02423,営業利益,acc,1,1
E02423,営業利益率,ratio,1,0
E02423,売上高,acc,1,1
E02423,配当性向,stock,1,0
E02425,ROE,ratio,1,0
E02425,営業利益率,ratio,1,0
E02425,売上高,acc,1,0
E02425,当期純利益,acc,0,1
E02425,経常利益,acc,0,1
E02425,脱炭素/温室効果ガス,nonfin,1,0
E02427,ROE,ratio,1,0
E02427,キャッシュフロー,acc,1,0
E02427,サステナビリティ,nonfin,1,1
E02427,営業利益率,ratio,1,1
E02427,売上高,acc,1,1
E02427,女性管理職比率,nonfin,0,1
E02428,EPS,acc,0,1
E02428,営業利益,acc,1,0
E02428,売上高,acc,1,0
E02428,当期純利益,acc,0,1
E02435,ROE,ratio,1,0
E02435,SDGs,nonfin,1,0
E02435,営業利益,acc,1,1
E02435,営業利益率,ratio,1,0
E02435,営業損益,acc,0,1
E02435,売上高,acc,1,1
E02438,EPS,acc,1,0
E02438,ROE,ratio,1,0
E02438,SDGs,nonfin,1,0
E02438,利益率,ratio,1,0
E02438,売上高,acc,1,0
E02438,経常利益,acc,0,1
E02439,ROA,ratio,1,0
E02439,SDGs,nonfin,1,0
E02439,キャッシュフロー,acc,1,0
E02439,当期純利益率,ratio,1,0
E02439,非財務指標,nonfin,0,1
E02441,リスクマネジメント,nonfin,1,0
E02441,営業利益,acc,0,1
E02442,ROE,ratio,1,0
E02442,エンゲージメント,nonfin,1,0
E02442,キャッシュフロー,acc,1,0
E02442,サステナビリティ,nonfin,1,0
E02442,営業利益,acc,0,1
E02442,売上高,acc,1,0
E02442,女性管理職比率,nonfin,1,0
E02442,脱炭素/温室効果ガス,nonfin,1,0
E02448,営業利益,acc,0,1
E02448,営業利益率,ratio,1,0
E02450,EPS,acc,1,0
E02450,PBR,stock,1,0
E02450,ROE,ratio,1,1
E02450,利益率,ratio,1,0
E02450,営業利益率,ratio,1,0
E02450,売上高,acc,1,1
E02450,当期純利益,acc,0,1
E02450,株主還元率,stock,1,0
E02450,自己資本比率,ratio,1,0
E02453,ROE,ratio,1,1
E02453,エンゲージメント,nonfin,1,0
E02453,サステナビリティ,nonfin,1,0
E02453,営業利益,acc,1,1
E02453,当期純利益,acc,0,1
E02462,営業利益率,ratio,1,1
E02464,営業利益,acc,0,1
E02464,営業利益率,ratio,1,0
E02464,売上高,acc,1,0
E02466,ROE,ratio,1,1
E02466,営業利益,acc,0,1
E02466,営業利益率,ratio,1,0
E02466,売上高,acc,1,1
E02466,株主還元率,stock,1,0
E02466,経常利益,acc,0,1
E02467,ROE,ratio,1,0
E02467,キャッシュフロー,acc,1,0
E02467,サステナビリティ,nonfin,1,0
E02467,営業利益,acc,0,1
E02467,売上高,acc,0,1
E02467,当期純利益,acc,0,1
E02469,ROA,ratio,1,0
E02469,ROE,ratio,1,0
E02469,サステナビリティ,nonfin,1,0
E02469,売上高比,ratio,1,0
E02469,当期純利益,acc,0,1
E02469,経常利益率,ratio,1,0
E02470,EBITDA,acc,0,1
E02470,ESG,nonfin,1,0
E02470,サステナビリティ,nonfin,1,0
E02470,当期純利益,acc,0,1
E02470,脱炭素/温室効果ガス,nonfin,1,0
E02470,自己資本比率,ratio,1,0
E02470,販売数量,nonfin,1,0
E02472,サステナビリティ,nonfin,1,0
E02472,売上高,acc,1,0
E02472,経常利益,acc,0,1
E02475,DOE,stock,1,0
E02475,EBITDA,acc,1,1
E02475,ROE,ratio,1,1
E02475,エンゲージメント,nonfin,0,1
E02475,キャッシュフロー,acc,1,0
E02475,サステナビリティ,nonfin,1,0
E02475,売上高,acc,0,1
E02475,女性管理職比率,nonfin,0,1
E02475,当期純利益,acc,0,1
E02475,株主還元率,stock,1,0
E02475,経常利益,acc,0,1
E02477,DOE,stock,1,0
E02477,PBR,stock,1,0
E02477,PER,stock,1,0
E02477,ROE,ratio,1,1
E02477,営業利益,acc,1,0
E02477,営業利益率,ratio,1,1
E02477,売上高,acc,1,1
E02477,株主還元率,stock,1,0
E02477,配当性向,stock,1,0
E02480,ROE,ratio,1,1
E02480,キャッシュフロー,acc,1,0
E02480,経常利益,acc,0,1
E02481,EPS,acc,1,1
E02481,ROE,ratio,1,0
E02481,エンゲージメント,nonfin,0,1
E02481,サステナビリティ,nonfin,1,1
E02481,営業利益,acc,1,1
E02481,営業利益率,ratio,1,0
E02481,売上高,acc,1,0
E02481,当期純利益,acc,0,1
E02481,脱炭素/温室効果ガス,nonfin,0,1
E02485,ROE,ratio,1,0
E02485,ROIC,ratio,1,0
E02485,営業利益,acc,0,1
E02485,売上高,acc,1,0
E02485,当期純利益,acc,0,1
E02485,経常利益,acc,1,1
E02488,経常利益,acc,1,1
E02490,サステナビリティ,nonfin,1,0
E02490,営業利益,acc,1,1
E02490,営業利益率,ratio,1,0
E02490,売上高,acc,1,1
E02491,ESG,nonfin,1,0
E02491,PBR,stock,1,0
E02491,ROE,ratio,1,0
E02491,エンゲージメント,nonfin,1,0
E02491,サステナビリティ,nonfin,1,0
E02491,営業利益率,ratio,1,0
E02491,売上高,acc,1,0
E02491,当期純利益,acc,1,1
E02497,ESG,nonfin,0,1
E02497,SDGs,nonfin,1,1
E02497,当期純利益,acc,0,1
E02497,株価成長率,stock,0,1
E02498,ROE,ratio,1,0
E02498,TSR,stock,0,1
E02498,キャッシュフロー,acc,1,1
E02498,サステナビリティ,nonfin,1,1
E02498,フリーキャッシュフロー,acc,1,0
E02498,定性評価,nonfin,0,1
E02498,当期純利益,acc,1,1
E02498,時価総額,stock,1,1
E02498,株主還元率,stock,1,0
E02498,脱炭素/温室効果ガス,nonfin,1,0
E02501,ROE,ratio,1,0
E02501,営業利益,acc,1,0
E02501,売上高,acc,1,0
E02501,当期純利益,acc,1,1
E02503,ROE,ratio,1,1
E02503,ROIC,ratio,1,0
E02503,エンゲージメント,nonfin,1,0
E02503,営業利益,acc,1,1
E02503,売上高,acc,1,0
E02503,定性評価,nonfin,0,1
E02503,当期純利益,acc,1,0
E02503,経常利益,acc,1,1
E02503,配当性向,stock,1,0
E02505,PBR,stock,1,0
E02505,PER,stock,1,0
E02505,ROE,ratio,1,0
E02505,エンゲージメント,nonfin,0,1
E02505,サステナビリティ,nonfin,1,1
E02505,当期純利益,acc,0,1
E02505,脱炭素/温室効果ガス,nonfin,0,1
E02506,ESG,nonfin,1,0
E02506,ROE,ratio,1,0
E02506,ROIC,ratio,1,0
E02506,SDGs,nonfin,1,0
E02506,エンゲージメント,nonfin,1,0
E02506,キャッシュフロー,acc,1,0
E02506,サステナビリティ,nonfin,1,0
E02506,当期純利益,acc,1,1
E02506,当期純利益率,ratio,1,0
E02506,株主還元率,stock,1,0
E02506,脱炭素/温室効果ガス,nonfin,1,0
E02506,配当性向,stock,1,0
E02509,ROE,ratio,1,1
E02509,TSR,stock,0,1
E02509,エンゲージメント,nonfin,0,1
E02509,サステナビリティ,nonfin,1,0
E02509,営業利益,acc,1,1
E02509,売上高,acc,1,0
E02509,女性管理職比率,nonfin,0,1
E02509,当期純利益,acc,1,1
E02509,経常利益,acc,1,0
E02510,D/Eレシオ,ratio,1,0
E02510,ROA,ratio,1,0
E02510,ROE,ratio,1,0
E02510,ROIC,ratio,1,0
E02510,エンゲージメント,nonfin,1,0
E02510,キャッシュフロー,acc,1,0
E02510,経常利益,acc,1,1
E02510,経常利益率,ratio,1,0
E02510,脱炭素/温室効果ガス,nonfin,1,0
E02512,ROE,ratio,0,1
E02512,SDGs,nonfin,1,0
E02512,TSR,stock,0,1
E02512,営業利益,acc,1,1
E02512,売上高,acc,1,0
E02512,当期純利益,acc,1,1
E02512,時価総額,stock,0,1
E02512,経常利益,acc,1,1
E02513,ESG,nonfin,0,1
E02513,ROE,ratio,1,1
E02513,エンゲージメント,nonfin,0,1
E02513,キャッシュフロー,acc,1,1
E02513,サステナビリティ,nonfin,1,0
E02513,利益率,ratio,1,0
E02513,定性評価,nonfin,0,1
E02513,当期純利益,acc,1,1
E02513,脱炭素/温室効果ガス,nonfin,0,1
E02515,ROE,ratio,1,0
E02515,当期純利益率,ratio,1,0
E02515,経常利益,acc,0,1
E02516,DOE,stock,1,0
E02516,EBITDA,acc,1,1
E02516,ROE,ratio,1,1
E02516,ROIC,ratio,1,1
E02516,TSR,stock,0,1
E02516,WACC,ratio,1,0
E02516,エンゲージメント,nonfin,0,1
E02516,キャッシュフロー,acc,1,0
E02516,サステナビリティ,nonfin,1,0
E02516,営業利益,acc,1,0
E02516,売上高,acc,0,1
E02516,当期純利益,acc,0,1
E02516,経常利益,acc,1,0
E02516,脱炭素/温室効果ガス,nonfin,0,1
E02516,自己資本比率,ratio,1,0
E02516,配当性向,stock,1,0
E02516,非財務指標,nonfin,0,1
E02517,D/Eレシオ,ratio,1,0
E02517,DOE,stock,1,0
E02517,ESG,nonfin,0,1
E02517,ESG外部評価,nonfin,0,1
E02517,PBR,stock,1,0
E02517,ROE,ratio,1,1
E02517,ROIC,ratio,0,1
E02517,エンゲージメント,nonfin,0,1
E02517,キャッシュフロー,acc,1,0
E02517,サステナビリティ,nonfin,1,1
E02517,営業利益,acc,1,1
E02517,売上高,acc,1,0
E02517,当期純利益,acc,1,1
E02517,株主還元率,stock,1,0
E02517,経常利益,acc,1,0
E02517,自己資本比率,ratio,1,0
E02518,ROE,ratio,0,1
E02518,サステナビリティ,nonfin,1,0
E02518,営業利益,acc,0,1
E02518,当期純利益,acc,0,1
E02518,脱炭素/温室効果ガス,nonfin,1,0
E02522,ESG,nonfin,1,0
E02522,ROE,ratio,1,0
E02522,ROIC,ratio,1,0
E02522,サステナビリティ,nonfin,1,0
E02522,経常利益,acc,1,1
E02522,脱炭素/温室効果ガス,nonfin,1,0
E02522,自己資本比率,ratio,1,0
E02525,DOE,stock,1,0
E02525,ROIC,ratio,1,0
E02525,キャッシュフロー,acc,1,0
E02525,サステナビリティ,nonfin,1,0
E02525,売上高,acc,1,1
E02525,当期純利益,acc,0,1
E02525,株主還元率,stock,1,0
E02525,経常利益,acc,1,1
E02527,DOE,stock,1,0
E02527,ROE,ratio,1,1
E02527,キャッシュフロー,acc,1,0
E02527,サステナビリティ,nonfin,1,0
E02527,営業利益,acc,1,1
E02527,売上高,acc,1,0
E02527,当期純利益,acc,1,0
E02527,経常利益,acc,0,1
E02527,脱炭素/温室効果ガス,nonfin,1,0
E02528,ESG,nonfin,0,1
E02528,ROE,ratio,0,1
E02528,ROIC,ratio,1,0
E02528,WACC,ratio,1,0
E02528,キャッシュフロー,acc,1,0
E02528,サステナビリティ,nonfin,0,1
E02528,当期純利益,acc,1,1
E02528,株主還元率,stock,1,0
E02528,株価成長率,stock,0,1
E02528,非財務指標,nonfin,0,1
E02529,ROE,ratio,1,1
E02529,TSR,stock,0,1
E02529,キャッシュフロー,acc,1,1
E02529,サステナビリティ,nonfin,0,1
E02529,営業収益,acc,1,1
E02529,定性評価,nonfin,0,1
E02529,当期純利益,acc,0,1
E02529,株価成長率,stock,0,1
E02530,ROE,ratio,1,1
E02530,ROIC,ratio,1,1
E02530,サステナビリティ,nonfin,1,0
E02530,利益率,ratio,1,0
E02530,営業利益,acc,1,0
E02530,売上高,acc,1,1
E02530,当期純利益,acc,0,1
E02530,経常利益,acc,1,1
E02534,ROE,ratio,1,0
E02534,SDGs,nonfin,1,0
E02534,営業利益,acc,1,0
E02534,営業利益率,ratio,1,0
E02534,売上高,acc,1,0
E02534,当期純利益,acc,0,1
E02534,経常利益,acc,1,0
E02534,経常利益率,ratio,1,0
E02535,ESG,nonfin,1,0
E02535,サステナビリティ,nonfin,1,0
E02535,営業利益,acc,0,1
E02535,経常利益,acc,0,1
E02542,PBR,stock,1,0
E02542,PER,stock,1,0
E02542,ROE,ratio,1,0
E02542,経常利益,acc,1,1
E02542,自己資本比率,ratio,1,0
E02542,配当性向,stock,1,0
E02544,DOE,stock,1,0
E02544,営業利益,acc,0,1
E02544,売上高,acc,0,1
E02544,当期純利益,acc,0,1
E02547,ESG,nonfin,0,1
E02547,ROE,ratio,1,0
E02547,サステナビリティ,nonfin,1,1
E02547,営業利益,acc,1,0
E02547,営業利益率,ratio,1,0
E02547,売上高,acc,1,0
E02547,当期純利益,acc,1,1
E02547,経常利益,acc,1,0
E02547,脱炭素/温室効果ガス,nonfin,1,0
E02548,ESG,nonfin,1,0
E02548,PBR,stock,1,0
E02548,ROE,ratio,1,0
E02548,キャッシュフロー,acc,1,0
E02548,サステナビリティ,nonfin,1,0
E02548,営業利益,acc,1,0
E02548,営業利益率,ratio,1,0
E02548,定性評価,nonfin,0,1
E02548,経常利益,acc,0,1
E02548,自己資本比率,ratio,1,0
E02549,ESG,nonfin,1,0
E02549,PBR,stock,1,0
E02549,ROA,ratio,0,1
E02549,ROE,ratio,1,0
E02549,当期純利益,acc,0,1
E02549,時価総額,stock,0,1
E02549,経常利益,acc,0,1
E02552,EBITDA,acc,1,0
E02552,EPS,acc,1,0
E02552,ESG,nonfin,1,0
E02552,ROE,ratio,1,1
E02552,ROIC,ratio,1,0
E02552,エンゲージメント,nonfin,1,0
E02552,サステナビリティ,nonfin,1,1
E02552,営業利益,acc,1,1
E02552,売上総利益,acc,1,0
E02552,当期純利益,acc,1,0
E02552,時価総額,stock,1,0
E02552,株主還元率,stock,1,0
E02552,脱炭素/温室効果ガス,nonfin,1,0
E02552,非財務目標,nonfin,1,0
E02554,DOE,stock,1,0
E02554,ESG,nonfin,1,0
E02554,ROE,ratio,1,0
E02554,キャッシュフロー,acc,1,0
E02554,サステナビリティ,nonfin,1,0
E02554,営業利益,acc,1,0
E02554,売上高,acc,1,0
E02554,当期純利益,acc,1,0
E02554,株主還元率,stock,1,0
E02554,経常利益,acc,1,1
E02560,ROE,ratio,1,0
E02560,キャッシュフロー,acc,1,0
E02560,サステナビリティ,nonfin,1,0
E02560,経常利益,acc,0,1
E02560,自己資本比率,ratio,1,0
E02561,PBR,stock,1,0
E02561,ROE,ratio,1,0
E02561,SDGs,nonfin,1,0
E02561,経常利益,acc,1,1
E02563,ROE,ratio,1,1
E02563,サステナビリティ,nonfin,1,0
E02563,営業利益,acc,1,0
E02563,定性評価,nonfin,0,1
E02563,当期純利益,acc,1,1
E02563,経常利益,acc,1,0
E02563,配当性向,stock,1,0
E02566,キャッシュフロー,acc,1,0
E02566,営業利益,acc,1,1
E02566,営業利益率,ratio,1,0
E02566,売上総利益,acc,0,1
E02566,売上高,acc,1,0
E02566,当期純利益,acc,0,1
E02566,経常利益,acc,1,1
E02569,ROE,ratio,1,0
E02569,サステナビリティ,nonfin,1,0
E02569,営業利益,acc,1,0
E02569,売上高,acc,0,1
E02569,当期純利益,acc,1,1
E02569,経常利益,acc,0,1
E02571,PBR,stock,1,0
E02571,ROE,ratio,1,0
E02571,営業利益,acc,1,0
E02571,売上高,acc,1,0
E02571,当期純利益,acc,1,1
E02571,経常利益,acc,1,0
E02571,配当性向,stock,1,0
E02572,DOE,stock,1,0
E02572,ESG,nonfin,1,0
E02572,ROA,ratio,1,0
E02572,ROE,ratio,1,0
E02572,キャッシュフロー,acc,1,0
E02572,サステナビリティ,nonfin,1,0
E02572,受注高,nonfin,1,0
E02572,営業利益,acc,1,0
E02572,売上高,acc,1,0
E02572,当期純利益,acc,1,0
E02572,経常利益,acc,1,1
E02572,経常利益率,ratio,1,0
E02572,配当性向,stock,1,0
E02574,DOE,stock,1,0
E02574,EBITDA,acc,1,0
E02574,ROE,ratio,1,1
E02574,ROIC,ratio,1,0
E02574,キャッシュフロー,acc,1,0
E02574,営業利益,acc,0,1
E02574,売上高,acc,1,1
E02574,経常利益,acc,1,0
E02574,脱炭素/温室効果ガス,nonfin,1,0
E02574,自己資本比率,ratio,1,0
E02576,サステナビリティ,nonfin,1,0
E02576,営業利益,acc,0,1
E02576,当期純利益,acc,0,1
E02576,経常利益,acc,0,1
E02578,ROE,ratio,1,0
E02578,営業利益,acc,1,1
E02578,売上高,acc,1,0
E02578,当期純利益,acc,0,1
E02579,ROE,ratio,1,0
E02579,キャッシュフロー,acc,1,0
E02579,サステナビリティ,nonfin,1,0
E02579,営業利益,acc,1,1
E02579,売上高,acc,1,0
E02579,当期純利益,acc,1,0
E02579,当期純利益率,ratio,1,0
E02579,経常利益,acc,1,0
E02579,自己資本比率,ratio,1,0
E02580,PBR,stock,1,0
E02580,ROE,ratio,1,0
E02580,売上高,acc,0,1
E02580,時価総額,stock,0,1
E02580,経常利益,acc,0,1
E02584,EBITDA,acc,1,0
E02584,ROA,ratio,1,0
E02584,ROE,ratio,1,0
E02584,キャッシュフロー,acc,1,0
E02584,営業利益,acc,1,1
E02584,売上高,acc,1,0
E02584,当期純利益,acc,1,0
E02584,株主還元率,stock,0,1
E02585,DOE,stock,0,1
E02585,EBITDA,acc,0,1
E02585,ROE,ratio,1,1
E02585,サステナビリティ,nonfin,1,0
E02585,売上高,acc,1,1
E02585,当期純利益,acc,0,1
E02585,当期純利益率,ratio,1,0
E02588,ESG,nonfin,1,0
E02588,ROE,ratio,1,0
E02588,営業利益,acc,1,0
E02588,売上高,acc,1,0
E02588,当期純利益,acc,1,0
E02588,経常利益,acc,1,1
E02588,脱炭素/温室効果ガス,nonfin,1,0
E02608,ROE,ratio,0,1
E02608,エンゲージメント,nonfin,0,1
E02608,サステナビリティ,nonfin,1,0
E02608,営業利益,acc,1,1
E02608,時価総額,stock,0,1
E02608,脱炭素/温室効果ガス,nonfin,1,0
E02608,顧客満足度,nonfin,0,1
E02610,キャッシュフロー,acc,1,0
E02610,売上総利益,acc,1,0
E02610,売上高,acc,0,1
E02610,当期純利益,acc,0,1
E02610,経常利益,acc,1,1
E02610,自己資本比率,ratio,1,0
E02611,ESG,nonfin,1,1
E02611,ROE,ratio,1,0
E02611,SDGs,nonfin,1,0
E02611,TSR,stock,0,1
E02611,サステナビリティ,nonfin,1,0
E02611,営業利益率,ratio,1,0
E02611,売上収益,acc,1,0
E02611,当期純利益,acc,0,1
E02611,配当性向,stock,1,0
E02616,PBR,stock,1,0
E02616,ROE,ratio,1,0
E02616,エンゲージメント,nonfin,1,0
E02616,営業利益,acc,1,0
E02616,売上高,acc,1,0
E02616,技術力強化,nonfin,1,0
E02616,経常利益,acc,1,1
E02616,配当性向,stock,1,0
E02618,EBITDA,acc,1,1
E02618,ROE,ratio,1,1
E02618,エンゲージメント,nonfin,1,0
E02618,営業利益,acc,1,1
E02618,売上高,acc,1,1
E02618,当期純利益,acc,0,1
E02618,時価総額,stock,0,1
E02621,DOE,stock,1,0
E02621,ROE,ratio,1,0
E02621,営業利益,acc,0,1
E02621,売上高,acc,1,0
E02621,当期純利益,acc,1,0
E02621,株主還元率,stock,1,0
E02632,ROE,ratio,1,0
E02632,サステナビリティ,nonfin,1,0
E02632,営業利益,acc,0,1
E02632,営業利益率,ratio,0,1
E02632,株主還元率,stock,1,0
E02632,経常利益,acc,1,0
E02632,脱炭素/温室効果ガス,nonfin,1,0
E02635,ROE,ratio,1,1
E02635,TSR,stock,0,1
E02635,サステナビリティ,nonfin,1,1
E02635,営業利益,acc,0,1
E02635,当期純利益,acc,0,1
E02639,ROE,ratio,1,0
E02639,ROIC,ratio,1,0
E02639,営業利益,acc,1,1
E02639,営業利益率,ratio,1,0
E02639,売上総利益,acc,0,1
E02639,売上高,acc,1,1
E02639,経常利益,acc,0,1
E02639,配当性向,stock,1,0
E02643,ROE,ratio,1,0
E02643,キャッシュフロー,acc,1,0
E02643,女性管理職比率,nonfin,1,0
E02643,定性評価,nonfin,0,1
E02643,当期純利益,acc,1,1
E02643,脱炭素/温室効果ガス,nonfin,1,0
E02643,配当性向,stock,1,0
E02643,非財務指標,nonfin,1,0
E02644,サステナビリティ,nonfin,1,0
E02644,当期純利益,acc,0,1
E02645,営業利益,acc,0,1
E02645,経常利益率,ratio,1,0
E02647,ROE,ratio,1,0
E02647,ROIC,ratio,1,0
E02647,当期純利益,acc,1,0
E02647,経常利益,acc,1,1
E02647,配当性向,stock,1,0
E02652,ESG,nonfin,1,1
E02652,ROE,ratio,1,1
E02652,TSR,stock,0,1
E02652,キャッシュフロー,acc,1,0
E02652,サステナビリティ,nonfin,1,1
E02652,利益率,ratio,1,0
E02652,営業利益,acc,0,1
E02652,営業利益率,ratio,1,1
E02652,売上高,acc,1,0
E02652,定性評価,nonfin,0,1
E02652,当期純利益,acc,1,0
E02652,脱炭素/温室効果ガス,nonfin,1,0
E02652,配当性向,stock,1,0
E02655,ROE,ratio,0,1
E02655,TSR,stock,0,1
E02655,営業利益,acc,1,1
E02655,非財務指標,nonfin,0,1
E02656,PBR,stock,1,0
E02656,ROE,ratio,1,0
E02656,営業利益,acc,1,0
E02656,株価成長率,stock,0,1
E02656,経常利益,acc,0,1
E02664,ESG,nonfin,1,0
E02664,PBR,stock,1,0
E02664,ROE,ratio,1,0
E02664,SDGs,nonfin,1,0
E02664,エンゲージメント,nonfin,1,0
E02664,売上高,acc,1,0
E02664,当期純利益,acc,1,1
E02664,配当性向,stock,1,0
E02665,PBR,stock,1,0
E02665,ROE,ratio,1,0
E02665,エンゲージメント,nonfin,1,0
E02665,サステナビリティ,nonfin,1,0
E02665,営業利益,acc,0,1
E02665,売上高,acc,1,0
E02665,当期純利益,acc,1,0
E02665,脱炭素/温室効果ガス,nonfin,1,0
E02666,売上高,acc,1,0
E02666,経常利益,acc,0,1
E02666,経常利益率,ratio,1,0
E02671,ROE,ratio,1,1
E02671,サステナビリティ,nonfin,1,0
E02671,当期純利益,acc,1,0
E02671,当期純利益率,ratio,1,1
E02671,経常利益,acc,1,1
E02671,脱炭素/温室効果ガス,nonfin,1,0
E02671,配当性向,stock,1,0
E02672,DOE,stock,1,0
E02672,ESG外部評価,nonfin,1,0
E02672,ROE,ratio,1,0
E02672,キャッシュフロー,acc,1,0
E02672,サステナビリティ,nonfin,1,1
E02672,営業利益,acc,1,0
E02672,売上高,acc,1,1
E02672,女性管理職比率,nonfin,1,0
E02672,経常利益,acc,0,1
E02672,脱炭素/温室効果ガス,nonfin,1,0
E02672,非財務指標,nonfin,0,1
E02675,ROE,ratio,1,1
E02675,SDGs,nonfin,1,0
E02675,エンゲージメント,nonfin,0,1
E02675,営業利益,acc,1,1
E02675,営業利益率,ratio,1,0
E02675,売上高,acc,1,1
E02675,当期純利益,acc,1,1
E02675,当期純利益率,ratio,0,1
E02675,棚卸資産回転率,ratio,1,0
E02675,脱炭素/温室効果ガス,nonfin,0,1
E02675,非財務目標,nonfin,0,1
E02676,DOE,stock,1,0
E02676,ESG,nonfin,1,0
E02676,ROE,ratio,1,0
E02676,SDGs,nonfin,1,0
E02676,キャッシュフロー,acc,1,0
E02676,サステナビリティ,nonfin,1,0
E02676,営業利益,acc,1,1
E02676,営業利益率,ratio,1,0
E02676,売上高,acc,1,0
E02676,女性管理職比率,nonfin,1,0
E02676,当期純利益,acc,0,1
E02676,経常利益,acc,0,1
E02676,脱炭素/温室効果ガス,nonfin,1,0
E02676,配当性向,stock,1,0
E02679,PBR,stock,1,0
E02679,PER,stock,1,0
E02679,ROE,ratio,1,0
E02679,営業利益,acc,1,1
E02679,営業利益率,ratio,1,0
E02679,売上高,acc,1,0
E02679,配当性向,stock,1,0
E02683,DOE,stock,1,0
E02683,ROE,ratio,1,0
E02683,利益率,ratio,1,0
E02683,受注高,nonfin,0,1
E02683,営業利益,acc,1,1
E02683,営業利益率,ratio,1,0
E02683,売上総利益,acc,0,1
E02683,売上高,acc,1,1
E02683,当期純利益,acc,0,1
E02686,EBITDA,acc,1,0
E02686,ROE,ratio,1,0
E02686,営業利益,acc,1,1
E02686,営業利益率,ratio,1,0
E02686,売上高,acc,1,0
E02686,当期純利益,acc,0,1
E02686,当期純利益率,ratio,1,0
E02688,PBR,stock,1,0
E02688,ROE,ratio,1,1
E02688,ROIC,ratio,1,0
E02688,キャッシュフロー,acc,1,0
E02688,サステナビリティ,nonfin,1,0
E02688,利益率,ratio,1,0
E02688,営業利益率,ratio,1,0
E02688,売上高,acc,1,0
E02691,サステナビリティ,nonfin,1,0
E02691,営業利益,acc,0,1
E02691,経常利益,acc,0,1
E02692,受注高,nonfin,0,1
E02692,営業利益,acc,1,0
E02692,売上総利益,acc,0,1
E02692,売上高,acc,1,1
E02692,当期純利益,acc,1,0
E02692,経常利益,acc,1,1
E02693,ESG,nonfin,1,0
E02693,利益率,ratio,1,0
E02693,経常利益,acc,0,1
E02701,EPS,acc,1,0
E02701,サステナビリティ,nonfin,1,0
E02701,売上高,acc,1,0
E02701,当期純利益,acc,1,1
E02701,経常利益,acc,1,0
E02703,EBITDA,acc,0,1
E02703,SDGs,nonfin,1,0
E02703,営業利益,acc,0,1
E02703,売上高,acc,0,1
E02713,ROE,ratio,1,1
E02713,利益率,ratio,1,0
E02713,売上高,acc,1,1
E02713,経常利益,acc,1,1
E02714,ROA,ratio,1,0
E02714,利益率,ratio,1,0
E02714,営業利益,acc,0,1
E02718,ROE,ratio,1,0
E02718,サステナビリティ,nonfin,1,0
E02718,リスクマネジメント,nonfin,1,0
E02718,利益率,ratio,1,0
E02718,営業利益率,ratio,1,0
E02718,売上高,acc,1,0
E02718,当期純利益,acc,0,1
E02718,当期純利益率,ratio,1,0
E02719,サステナビリティ,nonfin,1,0
E02719,経常利益,acc,0,1
E02719,脱炭素/温室効果ガス,nonfin,1,0
E02724,D/Eレシオ,ratio,1,0
E02724,ESG,nonfin,0,1
E02724,PBR,stock,0,1
E02724,ROE,ratio,1,1
E02724,ROIC,ratio,1,0
E02724,SDGs,nonfin,0,1
E02724,サステナビリティ,nonfin,1,0
E02724,利益率,ratio,1,0
E02724,営業利益,acc,0,1
E02724,営業利益率,ratio,1,0
E02724,当期純利益,acc,0,1
E02724,当期純利益率,ratio,1,0
E02724,株主還元率,stock,1,0
E02724,脱炭素/温室効果ガス,nonfin,1,0
E02724,配当性向,stock,1,0
E02727,ROE,ratio,1,1
E02727,エンゲージメント,nonfin,1,0
E02727,サステナビリティ,nonfin,1,0
E02727,フリーキャッシュフロー,acc,1,0
E02727,営業利益,acc,0,1
E02727,営業利益率,ratio,1,0
E02727,売上総利益,acc,0,1
E02727,売上高,acc,1,1
E02727,当期純利益,acc,0,1
E02728,ROE,ratio,1,0
E02728,キャッシュフロー,acc,1,0
E02728,営業利益,acc,1,1
E02728,営業利益率,ratio,1,0
E02732,DOE,stock,1,0
E02732,ROE,ratio,1,0
E02732,利益率,ratio,1,0
E02732,営業利益,acc,1,0
E02732,売上高,acc,1,1
E02732,当期純利益,acc,1,1
E02732,経常利益,acc,1,1
E02732,配当性向,stock,1,0
E02735,ROE,ratio,1,0
E02735,営業利益,acc,1,0
E02735,売上高,acc,1,0
E02735,株主還元率,stock,1,0
E02735,経常利益,acc,1,0
E02735,経常利益率,ratio,0,1
E02735,配当性向,stock,1,0
E02739,ROE,ratio,1,0
E02739,営業利益,acc,1,1
E02739,販売数量,nonfin,1,0
E02742,ESG,nonfin,1,0
E02742,PBR,stock,1,0
E02742,ROE,ratio,1,1
E02742,SDGs,nonfin,1,0
E02742,サステナビリティ,nonfin,1,0
E02742,利益率,ratio,1,0
E02742,売上高,acc,1,0
E02742,当期純利益,acc,0,1
E02742,経常利益,acc,1,1
E02742,配当性向,stock,1,0
E02745,ROA,ratio,1,0
E02745,ROE,ratio,1,0
E02745,サステナビリティ,nonfin,1,0
E02745,営業利益,acc,1,0
E02745,営業利益率,ratio,1,0
E02745,売上高,acc,0,1
E02752,ROE,ratio,1,1
E02752,サステナビリティ,nonfin,1,0
E02752,利益率,ratio,1,0
E02752,営業利益,acc,1,1
E02752,売上高,acc,1,1
E02752,当期純利益,acc,0,1
E02752,脱炭素/温室効果ガス,nonfin,1,0
E02753,SDGs,nonfin,1,0
E02753,営業利益,acc,1,0
E02753,売上総利益率,ratio,1,0
E02753,売上高,acc,1,0
E02753,当期純利益,acc,1,0
E02753,時価総額,stock,1,0
E02753,経常利益,acc,1,1
E02761,サステナビリティ,nonfin,1,0
E02761,営業利益,acc,1,0
E02761,売上高,acc,1,0
E02761,当期純利益,acc,0,1
E02767,D/Eレシオ,ratio,1,0
E02767,ESG,nonfin,0,1
E02767,NOPAT,acc,1,0
E02767,ROE,ratio,1,1
E02767,ROIC,ratio,1,1
E02767,TSR,stock,0,1
E02767,コア営業利益,acc,1,1
E02767,事業利益,acc,1,0
E02767,営業利益,acc,1,0
E02767,売上収益,acc,0,1
E02767,売上総利益,acc,1,0
E02767,当期純利益,acc,0,1
E02767,棚卸資産回転率,ratio,1,0
E02767,脱炭素/温室効果ガス,nonfin,0,1
E02767,非財務指標,nonfin,0,1
E02769,DOE,stock,1,0
E02769,ROE,ratio,1,0
E02769,フリーキャッシュフロー,acc,1,0
E02769,売上高,acc,1,1
E02769,経常利益,acc,1,1
E02769,経常利益率,ratio,1,0
E02770,サステナビリティ,nonfin,1,0
E02770,営業利益,acc,1,0
E02770,売上高,acc,1,0
E02770,経常利益,acc,0,1
E02773,ROE,ratio,0,1
E02773,キャッシュフロー,acc,1,0
E02773,サステナビリティ,nonfin,1,0
E02773,営業利益,acc,1,0
E02773,売上高,acc,1,0
E02773,当期純利益,acc,0,1
E02774,ROE,ratio,1,0
E02774,営業利益,acc,0,1
E02774,営業利益率,ratio,1,0
E02774,売上高,acc,1,0
E02774,廃棄物削減,nonfin,1,0
E02778,DOE,stock,1,0
E02778,NAV,stock,1,1
E02778,サステナビリティ,nonfin,1,0
E02778,売上高,acc,0,1
E02778,当期純利益,acc,0,1
E02778,税引前利益,acc,0,1
E02779,ROE,ratio,1,0
E02779,経常利益,acc,0,1
E02780,DOE,stock,1,0
E02780,PBR,stock,1,0
E02780,ROE,ratio,1,0
E02780,サステナビリティ,nonfin,1,0
E02780,売上高,acc,1,1
E02780,女性管理職比率,nonfin,1,0
E02780,時価総額,stock,0,1
E02780,株主還元率,stock,1,0
E02780,経常利益,acc,0,1
E02780,経常利益率,ratio,1,1
E02780,脱炭素/温室効果ガス,nonfin,1,0
E02782,DOE,stock,1,0
E02782,ROE,ratio,1,1
E02782,SDGs,nonfin,1,0
E02782,営業利益,acc,1,0
E02782,売上高,acc,1,0
E02782,当期純利益,acc,1,0
E02782,経常利益,acc,1,1
E02782,配当性向,stock,1,0
E02786,ROA,ratio,1,0
E02786,営業利益,acc,1,0
E02786,売上高,acc,1,0
E02786,経常利益,acc,0,1
E02786,経常利益率,ratio,1,0
E02791,サステナビリティ,nonfin,1,0
E02791,営業利益,acc,1,1
E02791,営業利益率,ratio,1,0
E02791,売上総利益率,ratio,1,0
E02791,売上高,acc,1,0
E02791,当期純利益,acc,0,1
E02791,経常利益,acc,0,1
E02792,ROA,ratio,1,0
E02792,ROE,ratio,1,0
E02792,サステナビリティ,nonfin,1,0
E02792,当期純利益,acc,0,1
E02792,当期純利益率,ratio,1,0
E02792,経常利益,acc,0,1
E02794,営業利益,acc,0,1
E02794,営業利益率,ratio,1,0
E02794,売上高,acc,1,0
E02794,当期純利益,acc,0,1
E02794,販売数量,nonfin,1,0
E02797,PBR,stock,1,0
E02797,ROE,ratio,1,0
E02797,利益率,ratio,1,0
E02797,売上高,acc,1,0
E02797,時価総額,stock,1,0
E02797,経常利益,acc,0,1
E02797,経常利益率,ratio,1,0
E02797,自己資本比率,ratio,1,0
E02797,配当性向,stock,1,0
E02801,営業利益,acc,0,1
E02801,営業利益率,ratio,1,0
E02802,DOE,stock,1,0
E02802,EBITDA,acc,1,0
E02802,ROE,ratio,1,1
E02802,ROIC,ratio,1,0
E02802,エンゲージメント,nonfin,1,0
E02802,利益率,ratio,1,0
E02802,営業利益,acc,0,1
E02802,営業利益率,ratio,1,0
E02802,売上総利益,acc,1,0
E02802,売上高,acc,1,0
E02802,配当性向,stock,1,0
E02803,ROE,ratio,1,0
E02803,営業利益,acc,0,1
E02803,売上高,acc,0,1
E02803,経常利益,acc,0,1
E02803,経常利益率,ratio,1,0
E02804,ROE,ratio,1,0
E02804,売上高比,ratio,1,0
E02804,当期純利益率,ratio,1,0
E02804,経常利益,acc,0,1
E02805,SDGs,nonfin,1,0
E02805,営業利益,acc,0,1
E02805,売上高,acc,1,1
E02805,経常利益,acc,1,1
E02806,営業利益,acc,1,1
E02806,営業利益率,ratio,1,0
E02812,サステナビリティ,nonfin,1,0
E02812,売上高,acc,1,0
E02812,経常利益,acc,1,1
E02812,経常利益率,ratio,1,0
E02818,営業利益,acc,1,1
E02818,売上高,acc,1,0
E02818,経常利益,acc,1,1
E02824,EPS,acc,1,1
E02824,ROE,ratio,1,1
E02824,営業利益,acc,0,1
E02824,営業利益率,ratio,1,1
E02824,売上高,acc,0,1
E02824,当期純利益,acc,0,1
E02824,当期純利益率,ratio,1,1
E02824,経常利益,acc,0,1
E02825,PBR,stock,1,0
E02825,ROE,ratio,1,0
E02825,営業利益,acc,1,0
E02825,売上高,acc,1,0
E02825,当期純利益,acc,1,1
E02825,経常利益,acc,1,1
E02832,PBR,stock,1,0
E02832,ROE,ratio,1,1
E02832,WACC,ratio,1,0
E02832,エンゲージメント,nonfin,1,1
E02832,キャッシュフロー,acc,1,0
E02832,サステナビリティ,nonfin,1,0
E02832,営業利益,acc,1,0
E02832,営業利益率,ratio,1,0
E02832,営業収益,acc,1,0
E02832,売上総利益率,ratio,1,0
E02832,売上高,acc,0,1
E02832,当期純利益,acc,1,1
E02832,株主還元率,stock,1,0
E02832,経常利益,acc,1,1
E02832,経常利益率,ratio,1,0
E02832,脱炭素/温室効果ガス,nonfin,1,1
E02832,非財務指標,nonfin,0,1
E02833,PBR,stock,1,0
E02833,ROE,ratio,1,0
E02833,サステナビリティ,nonfin,1,0
E02833,当期純利益,acc,0,1
E02835,ROE,ratio,1,0
E02835,サステナビリティ,nonfin,1,0
E02835,利益率,ratio,1,0
E02835,営業利益,acc,1,1
E02835,営業利益率,ratio,1,0
E02835,売上高,acc,1,1
E02835,株主還元率,stock,1,0
E02835,脱炭素/温室効果ガス,nonfin,1,0
E02837,ESG,nonfin,1,0
E02837,ROE,ratio,0,1
E02837,SDGs,nonfin,1,0
E02837,エンゲージメント,nonfin,1,1
E02837,営業利益率,ratio,0,1
E02838,ESG,nonfin,1,0
E02838,ROE,ratio,1,0
E02838,サステナビリティ,nonfin,1,0
E02838,売上高,acc,0,1
E02838,経常利益,acc,0,1
E02838,配当性向,stock,1,0
E02839,EPS,acc,0,1
E02839,PBR,stock,1,0
E02839,ROE,ratio,1,0
E02839,サステナビリティ,nonfin,1,0
E02839,営業利益,acc,0,1
E02839,営業利益率,ratio,1,0
E02839,売上総利益率,ratio,1,0
E02839,売上高,acc,1,1
E02839,当期純利益,acc,0,1
E02839,棚卸資産回転率,ratio,1,0
E02839,顧客満足度,nonfin,1,0
E02840,ESG,nonfin,1,0
E02840,サステナビリティ,nonfin,1,0
E02840,営業利益,acc,1,0
E02840,売上高,acc,1,1
E02840,当期純利益,acc,1,1
E02840,経常利益,acc,1,1
E02845,サステナビリティ,nonfin,1,0
E02845,営業利益,acc,0,1
E02845,経常利益,acc,0,1
E02847,ESG,nonfin,1,0
E02847,ROE,ratio,1,0
E02847,SDGs,nonfin,1,0
E02847,当期純利益率,ratio,1,0
E02847,経常利益,acc,0,1
E02847,自己資本比率,ratio,1,0
E02850,エンゲージメント,nonfin,1,0
E02850,営業利益,acc,1,1
E02850,売上高,acc,1,0
E02856,ROE,ratio,1,0
E02856,営業利益,acc,1,0
E02856,営業利益率,ratio,1,0
E02856,売上高,acc,1,0
E02856,当期純利益,acc,0,1
E02856,経常利益,acc,1,0
E02864,ROE,ratio,1,0
E02864,サステナビリティ,nonfin,1,0
E02864,経常利益,acc,1,1
E02869,ROE,ratio,1,1
E02869,経常利益,acc,1,1
E02875,ROE,ratio,1,0
E02875,営業利益,acc,1,1
E02875,営業利益率,ratio,1,0
E02875,配当性向,stock,1,0
E02876,SDGs,nonfin,1,0
E02876,営業利益,acc,0,1
E02876,売上高,acc,1,0
E02876,経常利益,acc,1,0
E02876,配当性向,stock,1,0
E02881,DOE,stock,1,0
E02881,EPS,acc,1,1
E02881,ROIC,ratio,1,0
E02881,キャッシュフロー,acc,1,0
E02881,サステナビリティ,nonfin,1,0
E02881,営業利益,acc,0,1
E02881,営業利益率,ratio,1,0
E02881,売上高,acc,1,1
E02881,配当性向,stock,1,0
E02882,ROE,ratio,1,1
E02882,営業利益率,ratio,1,0
E02889,ROE,ratio,0,1
E02889,SDGs,nonfin,1,0
E02889,TSR,stock,0,1
E02889,キャッシュフロー,acc,1,0
E02889,サステナビリティ,nonfin,1,0
E02889,営業利益率,ratio,1,0
E02889,売上収益,acc,1,0
E02889,当期純利益率,ratio,1,0
E02889,脱炭素/温室効果ガス,nonfin,1,0
E02889,自己資本比率,ratio,1,0
E02894,ESG,nonfin,1,1
E02894,PBR,stock,1,0
E02894,ROE,ratio,1,1
E02894,サステナビリティ,nonfin,1,0
E02894,利益率,ratio,1,0
E02894,営業利益,acc,1,0
E02894,売上高,acc,1,1
E02894,当期純利益,acc,1,1
E02894,配当性向,stock,1,0
E02895,営業利益,acc,1,0
E02895,営業利益率,ratio,1,0
E02895,売上高,acc,1,0
E02895,経常利益,acc,0,1
E02896,PBR,stock,1,0
E02896,ROE,ratio,1,0
E02896,SDGs,nonfin,1,0
E02896,キャッシュフロー,acc,1,0
E02896,サステナビリティ,nonfin,1,0
E02896,営業利益,acc,1,0
E02896,売上高,acc,1,0
E02896,当期純利益,acc,1,1
E02896,配当性向,stock,1,0
E02898,ESG,nonfin,1,0
E02898,ROE,ratio,0,1
E02898,サステナビリティ,nonfin,1,0
E02898,売上高,acc,1,1
E02898,当期純利益,acc,0,1
E02898,経常利益率,ratio,0,1
E02900,ESG,nonfin,0,1
E02900,エンゲージメント,nonfin,1,0
E02900,キャッシュコンバージョンサイクル,ratio,1,0
E02900,サステナビリティ,nonfin,1,1
E02900,当期純利益,acc,0,1
E02900,脱炭素/温室効果ガス,nonfin,1,0
E02900,配当性向,stock,0,1
E02902,利益率,ratio,1,0
E02902,当期純利益,acc,0,1
E02903,売上高,acc,1,0
E02903,経常利益,acc,1,1
E02905,DOE,stock,1,0
E02905,ESG,nonfin,1,1
E02905,ROA,ratio,1,0
E02905,ROE,ratio,1,0
E02905,SDGs,nonfin,1,0
E02905,利益率,ratio,1,0
E02905,営業利益,acc,1,1
E02905,営業利益率,ratio,1,0
E02905,売上高,acc,1,1
E02905,脱炭素/温室効果ガス,nonfin,1,0
E02905,配当性向,stock,1,0
E02905,非財務指標,nonfin,0,1
E02909,ESG,nonfin,1,0
E02909,ROE,ratio,1,0
E02909,ROIC,ratio,1,0
E02909,営業利益,acc,1,1
E02909,売上総利益率,ratio,1,0
E02909,売上高,acc,1,0
E02909,当期純利益,acc,0,1
E02909,株主還元率,stock,1,0
E02909,配当性向,stock,1,0
E02927,ROE,ratio,1,1
E02927,ROIC,ratio,1,0
E02927,エンゲージメント,nonfin,0,1
E02927,キャッシュフロー,acc,1,0
E02927,利益率,ratio,1,0
E02927,営業利益,acc,1,1
E02927,当期純利益,acc,1,1
E02927,配当性向,stock,1,0
E02928,ROE,ratio,1,0
E02928,SDGs,nonfin,1,0
E02928,エンゲージメント,nonfin,0,1
E02928,サステナビリティ,nonfin,1,0
E02928,利益率,ratio,1,0
E02928,営業利益,acc,1,1
E02928,売上高,acc,1,0
E02932,PBR,stock,1,0
E02932,ROE,ratio,1,0
E02932,サステナビリティ,nonfin,1,0
E02932,利益率,ratio,1,0
E02932,営業利益,acc,1,0
E02932,売上高,acc,1,0
E02932,経常利益,acc,1,1
E02934,DOE,stock,1,0
E02934,ROE,ratio,1,0
E02934,サステナビリティ,nonfin,1,0
E02934,営業利益,acc,0,1
E02934,営業利益率,ratio,1,0
E02934,当期純利益率,ratio,1,0
E02938,サステナビリティ,nonfin,1,0
E02938,営業利益率,ratio,1,0
E02938,当期純利益,acc,0,1
E02938,自己資本比率,ratio,1,0
E02946,ESG,nonfin,1,0
E02946,ROE,ratio,1,0
E02946,サステナビリティ,nonfin,1,0
E02946,売上高,acc,1,0
E02946,当期純利益,acc,1,0
E02946,経常利益,acc,0,1
E02947,EBITDA,acc,1,0
E02947,ESG,nonfin,1,0
E02947,ROE,ratio,1,0
E02947,ROIC,ratio,1,0
E02947,サステナビリティ,nonfin,1,0
E02947,売上総利益,acc,1,0
E02947,売上総利益率,ratio,1,0
E02947,売上高,acc,1,0
E02947,経常利益,acc,1,1
E02947,販売数量,nonfin,1,0
E02947,配当性向,stock,1,0
E02952,PBR,stock,1,0
E02952,PER,stock,1,0
E02952,ROE,ratio,1,0
E02952,ROIC,ratio,1,0
E02952,WACC,ratio,1,0
E02952,エンゲージメント,nonfin,1,0
E02952,キャッシュフロー,acc,1,0
E02952,利益率,ratio,1,0
E02952,営業利益,acc,1,1
E02952,営業利益率,ratio,1,0
E02952,売上高,acc,1,0
E02952,女性管理職比率,nonfin,1,0
E02952,当期純利益,acc,1,1
E02952,当期純利益率,ratio,1,0
E02952,脱炭素/温室効果ガス,nonfin,1,0
E02952,自己資本比率,ratio,1,0
E02955,ROE,ratio,1,1
E02955,エンゲージメント,nonfin,0,1
E02955,サステナビリティ,nonfin,1,0
E02955,利益率,ratio,0,1
E02955,売上高,acc,1,1
E02955,当期純利益,acc,0,1
E02955,時価総額,stock,0,1
E02955,経常利益率,ratio,1,1
E02955,脱炭素/温室効果ガス,nonfin,1,0
E02955,非財務指標,nonfin,0,1
E02958,DOE,stock,1,0
E02958,ESG,nonfin,0,1
E02958,ROE,ratio,1,1
E02958,TSR,stock,0,1
E02958,キャッシュフロー,acc,1,1
E02958,サステナビリティ,nonfin,1,0
E02958,当期純利益,acc,1,1
E02958,時価総額,stock,1,0
E02958,株価成長率,stock,0,1
E02962,DOE,stock,1,0
E02962,ESG,nonfin,1,0
E02962,ROE,ratio,1,0
E02962,サステナビリティ,nonfin,1,0
E02962,営業利益,acc,1,1
E02962,売上高,acc,1,0
E02962,当期純利益,acc,0,1
E02967,ROE,ratio,1,0
E02967,営業利益,acc,1,0
E02967,売上高,acc,1,1
E02968,ROE,ratio,1,0
E02968,営業利益,acc,1,0
E02968,売上高,acc,1,0
E02968,定性評価,nonfin,0,1
E02968,当期純利益,acc,0,1
E02968,経常利益,acc,0,1
E02979,ESG,nonfin,1,0
E02979,SDGs,nonfin,1,0
E02979,エンゲージメント,nonfin,1,0
E02979,営業利益,acc,1,1
E02979,売上高,acc,1,1
E02979,当期純利益,acc,1,1
E02979,経常利益,acc,1,1
E02980,フリーキャッシュフロー,acc,1,0
E02980,利益率,ratio,1,0
E02980,営業利益,acc,1,1
E02980,営業利益率,ratio,0,1
E02980,売上総利益率,ratio,0,1
E02980,売上高,acc,0,1
E02980,当期純利益,acc,0,1
E02986,ROE,ratio,1,0
E02986,サステナビリティ,nonfin,1,0
E02986,営業利益,acc,1,0
E02986,営業利益率,ratio,1,0
E02986,売上高,acc,1,0
E02986,当期純利益,acc,0,1
E02986,自己資本比率,ratio,1,0
E02988,ROE,ratio,1,0
E02988,売上高,acc,1,1
E02988,当期純利益,acc,1,1
E02991,PBR,stock,1,0
E02991,ROE,ratio,1,0
E02991,SDGs,nonfin,1,0
E02991,サステナビリティ,nonfin,1,0
E02991,利益率,ratio,0,1
E02991,売上高,acc,0,1
E02991,当期純利益,acc,0,1
E02992,ROE,ratio,1,0
E02992,サステナビリティ,nonfin,1,0
E02992,営業利益,acc,1,0
E02992,売上高,acc,1,0
E02992,当期純利益,acc,1,1
E02992,経常利益,acc,1,0
E02997,PBR,stock,0,1
E02997,ROE,ratio,1,1
E02997,SDGs,nonfin,1,0
E02997,サステナビリティ,nonfin,1,0
E02997,営業利益,acc,1,0
E02997,売上高,acc,1,1
E02997,当期純利益,acc,0,1
E02997,経常利益,acc,1,1
E02997,自己資本比率,ratio,1,1
E02997,販売数量,nonfin,1,0
E02997,配当性向,stock,1,0
E02998,DOE,stock,1,0
E02998,EBITDA,acc,1,0
E02998,ROE,ratio,1,1
E02998,ROIC,ratio,1,0
E02998,TSR,stock,0,1
E02998,サステナビリティ,nonfin,1,0
E02998,売上高,acc,1,0
E02998,経常利益,acc,1,1
E03005,ESG,nonfin,1,0
E03005,ROE,ratio,1,1
E03005,サステナビリティ,nonfin,1,0
E03005,利益率,ratio,1,0
E03005,営業利益,acc,0,1
E03005,営業利益率,ratio,1,0
E03005,当期純利益率,ratio,1,0
E03006,EPS,acc,1,0
E03006,利益率,ratio,1,0
E03006,営業利益,acc,1,1
E03006,売上高,acc,1,0
E03007,ROE,ratio,1,0
E03007,サステナビリティ,nonfin,1,0
E03007,営業利益,acc,1,1
E03007,売上高,acc,1,0
E03013,DOE,stock,1,0
E03013,EBITDA,acc,1,0
E03013,EPS,acc,1,0
E03013,ESG,nonfin,1,0
E03013,PER,stock,1,0
E03013,ROE,ratio,1,0
E03013,ROIC,ratio,1,0
E03013,TSR,stock,1,0
E03013,WACC,ratio,1,0
E03013,エンゲージメント,nonfin,1,0
E03013,サステナビリティ,nonfin,1,0
E03013,フリーキャッシュフロー,acc,1,0
E03013,事業利益,acc,1,0
E03013,利益率,ratio,1,0
E03013,営業利益,acc,1,1
E03013,営業収益,acc,1,1
E03013,売上高,acc,1,0
E03013,経常利益,acc,0,1
E03013,自己資本比率,ratio,1,0
E03017,TSR,stock,0,1
E03017,エンゲージメント,nonfin,0,1
E03017,サステナビリティ,nonfin,1,0
E03017,営業利益,acc,1,0
E03017,売上総利益,acc,0,1
E03017,売上高,acc,1,1
E03017,株価成長率,stock,0,1
E03017,経常利益,acc,0,1
E03020,ESG,nonfin,1,0
E03020,PBR,stock,1,0
E03020,PER,stock,1,0
E03020,ROE,ratio,1,1
E03020,ROIC,ratio,1,1
E03020,エンゲージメント,nonfin,1,0
E03020,サステナビリティ,nonfin,1,0
E03020,営業利益,acc,1,1
E03020,売上高,acc,0,1
E03020,当期純利益,acc,0,1
E03020,当期純利益率,ratio,1,0
E03021,ESG,nonfin,1,0
E03021,PBR,stock,1,0
E03021,ROE,ratio,1,0
E03021,サステナビリティ,nonfin,1,0
E03021,営業利益,acc,1,0
E03021,営業利益率,ratio,1,0
E03021,売上高,acc,1,0
E03021,経常利益,acc,0,1
E03021,配当性向,stock,1,0
E03032,SDGs,nonfin,1,0
E03032,サステナビリティ,nonfin,1,0
E03032,営業利益,acc,1,0
E03032,営業利益率,ratio,1,0
E03032,売上高,acc,1,0
E03032,当期純利益,acc,0,1
E03032,経常利益,acc,1,0
E03032,経常利益率,ratio,1,0
E03036,ROA,ratio,1,0
E03036,ROE,ratio,1,1
E03036,サステナビリティ,nonfin,1,0
E03036,当期純利益,acc,0,1
E03036,経常利益,acc,0,1
E03040,DJSI,nonfin,0,1
E03040,DOE,stock,1,0
E03040,EPS,acc,1,1
E03040,ESG,nonfin,0,1
E03040,PBR,stock,1,0
E03040,ROE,ratio,1,1
E03040,ROIC,ratio,0,1
E03040,TSR,stock,1,1
E03040,キャッシュフロー,acc,1,0
E03040,サステナビリティ,nonfin,0,1
E03040,利益率,ratio,1,0
E03040,脱炭素/温室効果ガス,nonfin,0,1
E03040,自己資本比率,ratio,1,0
E03040,非財務指標,nonfin,0,1
E03041,ROE,ratio,1,0
E03041,SDGs,nonfin,1,0
E03041,サステナビリティ,nonfin,1,0
E03041,事業利益,acc,1,0
E03041,当期純利益率,ratio,1,0
E03041,経常利益,acc,0,1
E03051,ROE,ratio,1,0
E03051,ROIC,ratio,1,0
E03051,キャッシュフロー,acc,1,0
E03051,営業利益,acc,1,1
E03051,定性評価,nonfin,0,1
E03051,当期純利益,acc,1,0
E03051,自己資本比率,ratio,1,0
E03052,DOE,stock,1,0
E03052,ESG外部評価,nonfin,0,1
E03052,PBR,stock,1,0
E03052,ROE,ratio,1,1
E03052,エンゲージメント,nonfin,0,1
E03052,キャッシュフロー,acc,1,0
E03052,サステナビリティ,nonfin,0,1
E03052,フリーキャッシュフロー,acc,1,0
E03052,営業利益,acc,1,1
E03052,売上高,acc,1,0
E03052,環境指標,nonfin,0,1
E03052,配当性向,stock,1,0
E03054,ROE,ratio,1,0
E03054,売上高,acc,1,0
E03054,当期純利益,acc,1,1
E03054,経常利益,acc,0,1
E03054,経常利益率,ratio,1,0
E03068,ROE,ratio,1,0
E03068,ROIC,ratio,1,0
E03068,エンゲージメント,nonfin,1,0
E03068,キャッシュフロー,acc,1,0
E03068,営業利益,acc,1,0
E03068,営業利益率,ratio,1,0
E03068,営業収益,acc,1,0
E03068,経常利益,acc,0,1
E03068,脱炭素/温室効果ガス,nonfin,1,0
E03071,ROE,ratio,1,1
E03071,ROIC,ratio,1,0
E03071,キャッシュフロー,acc,1,0
E03071,サステナビリティ,nonfin,1,0
E03071,営業利益,acc,1,0
E03071,売上高,acc,1,0
E03071,女性管理職比率,nonfin,1,0
E03071,当期純利益,acc,1,1
E03071,脱炭素/温室効果ガス,nonfin,1,0
E03071,配当性向,stock,1,0
E03076,ESG,nonfin,1,0
E03076,ROE,ratio,1,0
E03076,エンゲージメント,nonfin,1,0
E03076,営業利益,acc,0,1
E03076,営業利益率,ratio,1,0
E03076,当期純利益率,ratio,1,0
E03076,自己資本比率,ratio,1,0
E03081,ESG,nonfin,1,0
E03081,エンゲージメント,nonfin,1,0
E03081,サステナビリティ,nonfin,1,0
E03081,営業利益,acc,0,1
E03081,営業収益,acc,0,1
E03081,当期純利益,acc,0,1
E03081,経常利益,acc,0,1
E03081,非財務指標,nonfin,0,1
E03083,ROIC,ratio,0,1
E03083,エンゲージメント,nonfin,1,1
E03083,営業利益,acc,1,0
E03083,営業収益,acc,1,0
E03083,売上高,acc,1,0
E03083,当期純利益,acc,1,0
E03083,経常利益,acc,1,1
E03087,ROE,ratio,1,0
E03087,営業利益率,ratio,1,0
E03087,営業収益,acc,0,1
E03087,定性評価,nonfin,0,1
E03087,経常利益,acc,0,1
E03092,ESG,nonfin,0,1
E03092,ROE,ratio,0,1
E03092,SDGs,nonfin,0,1
E03092,キャッシュフロー,acc,1,0
E03092,営業利益,acc,1,1
E03092,売上高,acc,1,0
E03092,非財務指標,nonfin,0,1
E03094,ESG,nonfin,1,0
E03094,PBR,stock,1,0
E03094,PER,stock,1,0
E03094,ROE,ratio,1,0
E03094,キャッシュフロー,acc,1,0
E03094,営業収益,acc,1,0
E03094,売上総利益,acc,1,0
E03094,当期純利益率,ratio,1,0
E03094,経常利益,acc,1,1
E03094,経常利益率,ratio,1,0
E03099,フリーキャッシュフロー,acc,1,0
E03099,売上高,acc,1,0
E03099,経常利益率,ratio,1,1
E03103,ROE,ratio,0,1
E03103,キャッシュフロー,acc,0,1
E03103,リスクマネジメント,nonfin,1,0
E03103,営業利益,acc,1,0
E03103,営業利益率,ratio,1,1
E03103,売上高,acc,1,0
E03116,EPS,acc,1,0
E03116,PBR,stock,1,0
E03116,ROE,ratio,1,0
E03116,ROIC,ratio,1,0
E03116,キャッシュフロー,acc,1,0
E03116,営業利益,acc,1,1
E03116,営業利益率,ratio,1,0
E03116,売上高,acc,1,1
E03119,PBR,stock,1,0
E03119,ROE,ratio,0,1
E03119,営業収益,acc,0,1
E03119,当期純利益率,ratio,0,1
E03120,ROA,ratio,1,1
E03120,サステナビリティ,nonfin,1,0
E03120,営業利益,acc,1,1
E03120,営業収益,acc,1,0
E03120,売上高,acc,1,0
E03120,当期純利益,acc,0,1
E03121,売上高,acc,1,1
E03121,定性評価,nonfin,0,1
E03121,当期純利益,acc,0,1
E03121,経常利益率,ratio,1,0
E03124,ROE,ratio,1,0
E03124,サステナビリティ,nonfin,1,0
E03124,営業利益,acc,1,1
E03124,売上高,acc,1,0
E03124,女性管理職比率,nonfin,1,0
E03124,当期純利益,acc,1,1
E03124,脱炭素/温室効果ガス,nonfin,1,0
E03124,非財務指標,nonfin,1,0
E03128,ESG,nonfin,1,1
E03128,ESG外部評価,nonfin,0,1
E03128,PBR,stock,1,0
E03128,ROE,ratio,1,0
E03128,サステナビリティ,nonfin,1,0
E03128,利益率,ratio,1,0
E03128,売上総利益,acc,1,0
E03128,売上高,acc,1,0
E03128,株主還元率,stock,1,0
E03128,経常利益,acc,0,1
E03128,配当性向,stock,1,0
E03128,非財務指標,nonfin,0,1
E03133,ROA,ratio,1,0
E03133,利益率,ratio,1,0
E03133,営業利益,acc,1,0
E03133,売上高,acc,1,0
E03133,当期純利益,acc,1,1
E03133,当期純利益率,ratio,1,0
E03133,経常利益,acc,1,0
E03133,経常利益率,ratio,1,0
E03134,ROE,ratio,1,0
E03134,営業利益率,ratio,1,0
E03134,売上高,acc,1,0
E03134,当期純利益,acc,0,1
E03134,自己資本比率,ratio,1,0
E03138,ESG,nonfin,0,1
E03138,ROE,ratio,1,0
E03138,ROIC,ratio,0,1
E03138,SDGs,nonfin,0,1
E03138,営業利益,acc,1,1
E03138,売上高,acc,1,0
E03138,当期純利益,acc,1,0
E03138,経常利益,acc,0,1
E03138,非財務目標,nonfin,0,1
E03139,ESG,nonfin,1,0
E03139,PBR,stock,1,0
E03139,ROE,ratio,1,0
E03139,エンゲージメント,nonfin,0,1
E03139,キャッシュフロー,acc,1,0
E03139,サステナビリティ,nonfin,1,1
E03139,利益率,ratio,1,0
E03139,売上高,acc,1,0
E03139,当期純利益,acc,1,1
E03139,経常利益,acc,1,0
E03139,脱炭素/温室効果ガス,nonfin,0,1
E03144,サステナビリティ,nonfin,1,0
E03144,営業利益,acc,0,1
E03144,売上高,acc,1,0
E03144,当期純利益,acc,0,1
E03145,当期純利益,acc,0,1
E03145,当期純利益率,ratio,1,0
E03145,経常利益率,ratio,1,0
E03145,配当性向,stock,1,0
E03153,EBITDA,acc,0,1
E03153,ROIC,ratio,1,0
E03153,サステナビリティ,nonfin,1,0
E03153,営業利益,acc,1,0
E03153,売上高,acc,1,0
E03153,当期純利益,acc,0,1
E03163,SDGs,nonfin,0,1
E03163,営業利益,acc,0,1
E03163,営業利益率,ratio,1,0
E03163,当期純利益,acc,0,1
E03163,経常利益,acc,0,1
E03163,経常利益率,ratio,1,0
E03164,ROE,ratio,1,0
E03164,ROI,ratio,1,0
E03164,SDGs,nonfin,1,0
E03164,サステナビリティ,nonfin,1,0
E03164,売上高,acc,0,1
E03164,経常利益,acc,0,1
E03164,経常利益率,ratio,1,0
E03164,脱炭素/温室効果ガス,nonfin,1,0
E03164,自己資本比率,ratio,1,0
E03166,DOE,stock,1,0
E03166,ROA,ratio,1,0
E03166,ROE,ratio,1,0
E03166,ROI,ratio,1,0
E03166,サステナビリティ,nonfin,1,0
E03166,売上総利益,acc,1,0
E03166,売上総利益率,ratio,1,0
E03166,売上高,acc,1,0
E03166,棚卸資産回転率,ratio,1,0
E03166,経常利益,acc,0,1
E03166,経常利益率,ratio,1,0
E03166,脱炭素/温室効果ガス,nonfin,1,0
E03166,配当性向,stock,1,0
E03173,エンゲージメント,nonfin,1,0
E03173,売上高,acc,1,0
E03173,当期純利益,acc,0,1
E03173,経常利益,acc,1,1
E03178,ESG,nonfin,1,0
E03178,サステナビリティ,nonfin,1,0
E03178,営業利益,acc,1,0
E03178,売上高,acc,1,1
E03178,当期純利益,acc,1,1
E03178,経常利益,acc,1,0
E03188,ROE,ratio,1,0
E03188,サステナビリティ,nonfin,0,1
E03188,営業収益,acc,0,1
E03188,売上総利益,acc,1,0
E03188,経常利益,acc,0,1
E03188,脱炭素/温室効果ガス,nonfin,1,0
E03193,エンゲージメント,nonfin,1,0
E03193,営業利益,acc,0,1
E03193,営業利益率,ratio,1,0
E03193,売上高,acc,0,1
E03193,当期純利益,acc,0,1
E03193,非財務指標,nonfin,0,1
E03199,DOE,stock,1,0
E03199,PBR,stock,1,0
E03199,ROE,ratio,1,0
E03199,サステナビリティ,nonfin,1,0
E03199,売上高,acc,1,1
E03199,経常利益,acc,0,1
E03199,配当性向,stock,1,0
E03208,ROA,ratio,1,0
E03208,ROE,ratio,1,0
E03208,エンゲージメント,nonfin,1,0
E03208,利益率,ratio,1,0
E03208,経常利益,acc,0,1
E03208,自己資本比率,ratio,1,0
E03208,配当性向,stock,1,0
E03213,利益率,ratio,1,0
E03213,売上高,acc,1,0
E03213,当期純利益,acc,0,1
E03216,経常利益率,ratio,1,1
E03221,ROE,ratio,1,0
E03221,利益率,ratio,1,0
E03221,売上総利益,acc,1,0
E03221,売上高,acc,1,0
E03221,当期純利益,acc,0,1
E03221,経常利益率,ratio,1,0
E03225,ROE,ratio,1,0
E03225,利益率,ratio,1,0
E03225,営業利益,acc,1,1
E03225,営業利益率,ratio,1,0
E03225,売上高,acc,1,1
E03228,SDGs,nonfin,1,0
E03228,サステナビリティ,nonfin,1,0
E03228,経常利益率,ratio,1,1
E03228,脱炭素/温室効果ガス,nonfin,1,0
E03233,当期純利益,acc,1,0
E03233,経常利益,acc,1,1
E03233,経常利益率,ratio,1,0
E03251,ROE,ratio,0,1
E03251,当期純利益率,ratio,1,0
E03251,配当性向,stock,0,1
E03266,営業利益率,ratio,1,0
E03266,売上高,acc,1,0
E03266,当期純利益,acc,0,1
E03266,配当性向,stock,0,1
E03267,ROE,ratio,1,0
E03267,キャッシュフロー,acc,1,0
E03267,当期純利益,acc,1,1
E03267,経常利益,acc,1,0
E03267,経常利益率,ratio,1,0
E03268,ROE,ratio,1,0
E03268,営業利益,acc,1,0
E03268,営業利益率,ratio,1,0
E03268,営業収益,acc,0,1
E03268,売上高,acc,1,0
E03268,経常利益,acc,0,1
E03270,ESG,nonfin,1,0
E03270,サステナビリティ,nonfin,1,0
E03270,営業利益,acc,1,1
E03270,売上高,acc,0,1
E03271,サステナビリティ,nonfin,1,0
E03271,当期純利益,acc,0,1
E03271,経常利益,acc,0,1
E03271,脱炭素/温室効果ガス,nonfin,1,0
E03273,EBITDA,acc,1,0
E03273,ESG,nonfin,1,0
E03273,サステナビリティ,nonfin,1,0
E03273,営業利益,acc,1,1
E03273,営業収益,acc,0,1
E03273,売上高,acc,1,0
E03273,当期純利益,acc,1,1
E03273,株主還元率,stock,1,0
E03273,経常利益,acc,0,1
E03274,エンゲージメント,nonfin,1,0
E03274,経常利益率,ratio,1,1
E03275,ESG,nonfin,0,1
E03275,ROA,ratio,1,0
E03275,ROE,ratio,1,0
E03275,利益率,ratio,1,0
E03275,営業利益,acc,1,1
E03275,当期純利益,acc,1,0
E03275,経常利益,acc,1,0
E03276,営業利益,acc,0,1
E03276,営業利益率,ratio,1,0
E03276,売上高,acc,1,0
E03280,営業利益,acc,1,1
E03280,売上高,acc,1,0
E03283,営業利益率,ratio,1,0
E03283,売上高,acc,0,1
E03286,売上総利益,acc,1,0
E03286,当期純利益,acc,1,1
E03286,経常利益,acc,1,1
E03289,EPS,acc,1,0
E03289,ESG,nonfin,1,0
E03289,ROE,ratio,1,0
E03289,SDGs,nonfin,1,0
E03289,エンゲージメント,nonfin,1,0
E03289,営業利益率,ratio,1,0
E03289,売上総利益率,ratio,1,0
E03289,売上高,acc,1,0
E03289,当期純利益,acc,0,1
E03291,ROE,ratio,1,0
E03291,営業利益,acc,1,0
E03291,営業利益率,ratio,1,0
E03291,売上高,acc,1,0
E03291,当期純利益,acc,1,0
E03291,当期純利益率,ratio,1,0
E03291,経常利益,acc,1,1
E03291,経常利益率,ratio,1,1
E03295,ROE,ratio,1,0
E03295,利益率,ratio,1,0
E03295,営業利益率,ratio,1,0
E03295,当期純利益,acc,0,1
E03295,経常利益,acc,0,1
E03296,売上高,acc,1,1
E03296,経常利益,acc,0,1
E03296,経常利益率,ratio,0,1
E03299,キャッシュフロー,acc,1,0
E03299,利益率,ratio,0,1
E03299,営業利益,acc,0,1
E03299,営業利益率,ratio,0,1
E03299,当期純利益,acc,1,1
E03305,SDGs,nonfin,1,0
E03305,営業利益,acc,0,1
E03305,売上総利益率,ratio,1,0
E03310,SDGs,nonfin,1,0
E03310,営業利益,acc,1,0
E03310,売上総利益率,ratio,1,0
E03310,売上高,acc,1,1
E03310,経常利益,acc,0,1
E03312,ROIC,ratio,1,0
E03312,営業利益,acc,1,1
E03312,売上高,acc,1,0
E03312,当期純利益,acc,0,1
E03316,ROE,ratio,1,1
E03316,サステナビリティ,nonfin,1,0
E03316,営業利益,acc,1,1
E03316,営業利益率,ratio,1,0
E03316,売上高,acc,1,0
E03318,ESG,nonfin,1,0
E03318,ROE,ratio,1,0
E03318,サステナビリティ,nonfin,1,0
E03318,営業利益,acc,0,1
E03318,営業利益率,ratio,1,0
E03318,売上高,acc,1,0
E03318,女性管理職比率,nonfin,1,0
E03319,SDGs,nonfin,1,0
E03319,営業利益,acc,1,1
E03319,売上高,acc,1,0
E03329,営業利益,acc,1,0
E03329,売上高,acc,1,0
E03329,当期純利益,acc,1,1
E03329,経常利益,acc,1,0
E03331,EPS,acc,1,0
E03331,ROA,ratio,1,0
E03331,ROE,ratio,1,0
E03331,エンゲージメント,nonfin,1,0
E03331,サステナビリティ,nonfin,1,0
E03331,利益率,ratio,1,0
E03331,営業利益,acc,0,1
E03331,経常利益,acc,0,1
E03331,自己資本比率,ratio,1,0
E03332,サステナビリティ,nonfin,1,0
E03332,利益率,ratio,1,0
E03332,売上高,acc,1,0
E03332,当期純利益,acc,0,1
E03332,株価成長率,stock,0,1
E03332,経常利益,acc,1,0
E03340,EBITDA,acc,0,1
E03340,PBR,stock,1,0
E03340,ROA,ratio,1,0
E03340,キャッシュフロー,acc,0,1
E03340,売上高,acc,1,1
E03340,当期純利益,acc,1,1
E03340,時価総額,stock,0,1
E03340,経常利益率,ratio,1,0
E03340,脱炭素/温室効果ガス,nonfin,0,1
E03343,PBR,stock,1,0
E03343,営業利益率,ratio,1,1
E03343,当期純利益,acc,1,0
E03344,D/Eレシオ,ratio,1,0
E03344,EBITDA,acc,1,0
E03344,ROE,ratio,1,0
E03344,営業利益,acc,0,1
E03344,営業利益率,ratio,1,0
E03344,売上高,acc,1,0
E03344,当期純利益,acc,0,1
E03344,経常利益,acc,0,1
E03349,ROE,ratio,1,0
E03349,キャッシュフロー,acc,1,0
E03349,営業利益,acc,1,0
E03349,営業収益,acc,0,1
E03349,売上総利益,acc,1,0
E03349,経常利益,acc,0,1
E03352,ROE,ratio,1,0
E03352,営業利益,acc,0,1
E03352,売上高,acc,0,1
E03352,当期純利益,acc,0,1
E03352,経常利益率,ratio,1,0
E03358,売上高,acc,1,1
E03358,当期純利益,acc,0,1
E03358,経常利益,acc,1,0
E03361,SDGs,nonfin,1,0
E03361,売上高,acc,1,0
E03361,経常利益,acc,0,1
E03361,経常利益率,ratio,1,0
E03361,自己資本比率,ratio,1,0
E03363,EBITDA,acc,1,1
E03363,ESG,nonfin,0,1
E03363,ESG外部評価,nonfin,0,1
E03363,ROE,ratio,1,0
E03363,エンゲージメント,nonfin,0,1
E03363,利益率,ratio,1,0
E03363,営業利益率,ratio,1,0
E03363,売上高,acc,1,0
E03363,女性管理職比率,nonfin,0,1
E03366,ESG,nonfin,1,0
E03366,ROE,ratio,1,0
E03366,SDGs,nonfin,1,0
E03366,サステナビリティ,nonfin,1,0
E03366,営業利益,acc,1,0
E03366,営業利益率,ratio,1,0
E03366,売上高,acc,1,0
E03366,経常利益,acc,0,1
E03367,ROE,ratio,1,0
E03367,営業利益率,ratio,1,0
E03367,当期純利益,acc,0,1
E03368,ROE,ratio,0,1
E03368,TSR,stock,0,1
E03368,エンゲージメント,nonfin,0,1
E03368,サステナビリティ,nonfin,1,0
E03368,営業利益,acc,0,1
E03368,売上高,acc,0,1
E03370,EPS,acc,1,0
E03370,キャッシュフロー,acc,1,0
E03370,営業収益,acc,0,1
E03370,売上総利益率,ratio,1,0
E03370,税引前利益,acc,0,1
E03370,経常利益,acc,0,1
E03370,自己資本比率,ratio,1,0
E03372,サステナビリティ,nonfin,1,0
E03372,営業利益,acc,1,1
E03372,売上高,acc,1,0
E03374,EBITDA,acc,1,0
E03374,キャッシュフロー,acc,1,0
E03374,営業利益,acc,1,1
E03374,売上高,acc,0,1
E03374,当期純利益,acc,0,1
E03374,経常利益,acc,0,1
E03379,営業利益,acc,1,1
E03379,売上高,acc,1,0
E03379,当期純利益,acc,1,0
E03379,経常利益,acc,1,0
E03379,自己資本比率,ratio,1,0
E03380,サステナビリティ,nonfin,1,0
E03380,営業利益,acc,1,1
E03380,売上高,acc,1,0
E03386,ROE,ratio,1,0
E03386,売上高,acc,1,0
E03386,当期純利益,acc,0,1
E03387,ESG外部評価,nonfin,1,0
E03387,ROE,ratio,1,0
E03387,サステナビリティ,nonfin,1,0
E03387,売上総利益率,ratio,1,0
E03387,売上高,acc,1,0
E03387,女性管理職比率,nonfin,1,0
E03387,当期純利益,acc,0,1
E03387,棚卸資産回転率,ratio,1,0
E03387,経常利益率,ratio,0,1
E03387,脱炭素/温室効果ガス,nonfin,1,0
E03391,ESG,nonfin,1,0
E03391,ROE,ratio,1,0
E03391,SDGs,nonfin,1,0
E03391,売上高,acc,1,0
E03391,当期純利益,acc,0,1
E03391,当期純利益率,ratio,1,0
E03391,経常利益率,ratio,1,0
E03395,ROE,ratio,1,1
E03395,ROI,ratio,1,0
E03395,営業収益,acc,1,1
E03395,売上高,acc,1,0
E03395,経常利益率,ratio,1,0
E03398,サステナビリティ,nonfin,1,0
E03398,売上高,acc,1,1
E03398,当期純利益,acc,0,1
E03398,時価総額,stock,0,1
E03398,経常利益,acc,0,1
E03398,経常利益率,ratio,1,0
E03399,ROE,ratio,1,0
E03399,キャッシュフロー,acc,1,0
E03399,サステナビリティ,nonfin,1,0
E03399,営業利益率,ratio,1,0
E03399,当期純利益,acc,0,1
E03404,サステナビリティ,nonfin,1,0
E03404,営業利益率,ratio,1,0
E03404,経常利益,acc,0,1
E03407,キャッシュフロー,acc,1,0
E03407,サステナビリティ,nonfin,1,0
E03407,営業利益,acc,0,1
E03408,ESG,nonfin,0,1
E03408,ROE,ratio,1,1
E03408,ROIC,ratio,1,0
E03408,利益率,ratio,1,0
E03408,営業利益,acc,1,1
E03408,営業利益率,ratio,1,0
E03408,売上高,acc,1,0
E03408,当期純利益,acc,1,0
E03408,脱炭素/温室効果ガス,nonfin,0,1
E03415,営業利益,acc,0,1
E03415,売上高,acc,1,0
E03416,ROE,ratio,1,0
E03416,サステナビリティ,nonfin,1,0
E03416,利益率,ratio,1,0
E03416,営業利益,acc,0,1
E03416,売上高,acc,0,1
E03424,ROE,ratio,1,0
E03424,サステナビリティ,nonfin,1,0
E03424,営業利益,acc,1,0
E03424,営業利益率,ratio,1,1
E03424,売上高,acc,1,0
E03436,エンゲージメント,nonfin,1,0
E03436,利益率,ratio,1,0
E03436,売上高,acc,1,0
E03436,経常利益,acc,0,1
E03439,DOE,stock,1,0
E03439,PBR,stock,1,0
E03439,ROE,ratio,1,0
E03439,ROIC,ratio,1,0
E03439,キャッシュフロー,acc,1,0
E03439,営業利益,acc,1,1
E03439,売上高,acc,1,0
E03439,時価総額,stock,0,1
E03439,配当性向,stock,1,0
E03462,EBITDA,acc,0,1
E03462,EPS,acc,0,1
E03462,NOPAT,acc,0,1
E03462,ROE,ratio,0,1
E03462,ROIC,ratio,0,1
E03462,TSR,stock,0,1
E03462,エンゲージメント,nonfin,0,1
E03462,キャッシュフロー,acc,0,1
E03462,サステナビリティ,nonfin,1,0
E03462,営業利益,acc,0,1
E03462,営業収益,acc,0,1
E03462,当期純利益,acc,0,1
E03462,脱炭素/温室効果ガス,nonfin,1,1
E03462,非財務指標,nonfin,0,1
E03467,営業利益,acc,1,1
E03467,売上高,acc,1,0
E03467,経常利益,acc,1,0
E03467,顧客満足度,nonfin,1,0
E03468,ESG,nonfin,0,1
E03468,ROE,ratio,1,0
E03468,ROIC,ratio,1,0
E03468,エンゲージメント,nonfin,0,1
E03468,サステナビリティ,nonfin,0,1
E03468,事業利益,acc,1,0
E03468,事業利益率,ratio,1,0
E03468,営業利益,acc,1,1
E03468,営業利益率,ratio,1,0
E03468,売上収益,acc,1,1
E03468,非財務指標,nonfin,0,1
E03470,営業利益,acc,1,0
E03470,営業利益率,ratio,1,0
E03470,経常利益,acc,0,1
E03471,ROE,ratio,1,0
E03471,サステナビリティ,nonfin,1,0
E03471,営業利益,acc,1,1
E03471,営業利益率,ratio,1,0
E03471,当期純利益率,ratio,1,0
E03473,営業利益,acc,1,0
E03473,売上高,acc,1,0
E03473,当期純利益,acc,0,1
E03473,経常利益,acc,1,1
E03476,ROA,ratio,1,0
E03476,ROE,ratio,1,0
E03476,SDGs,nonfin,1,0
E03476,サステナビリティ,nonfin,1,0
E03476,利益率,ratio,1,0
E03476,営業利益,acc,1,0
E03476,売上高,acc,1,1
E03476,当期純利益,acc,0,1
E03481,ROE,ratio,1,0
E03481,エンゲージメント,nonfin,0,1
E03481,営業利益,acc,1,1
E03481,売上高,acc,1,1
E03481,当期純利益,acc,0,1
E03481,環境指標,nonfin,0,1
E03481,経常利益,acc,0,1
E03481,非財務指標,nonfin,0,1
E03487,EBITDA,acc,1,1
E03487,ROA,ratio,1,0
E03487,キャッシュフロー,acc,1,0
E03487,売上総利益率,ratio,1,0
E03489,PBR,stock,1,0
E03489,ROE,ratio,1,0
E03489,サステナビリティ,nonfin,1,0
E03489,営業利益率,ratio,1,0
E03489,売上高,acc,1,1
E03489,当期純利益,acc,0,1
E03489,経常利益,acc,0,1
E03492,EBITDA,acc,1,0
E03492,利益率,ratio,1,0
E03492,営業利益率,ratio,1,0
E03492,売上高,acc,1,0
E03492,売上高成長率,acc,1,0
E03492,当期純利益,acc,0,1
E03494,ROE,ratio,1,0
E03494,営業利益,acc,0,1
E03494,売上総利益率,ratio,1,0
E03494,売上高,acc,1,1
E03494,当期純利益,acc,0,1
E03494,自己資本比率,ratio,1,0
E03497,ESG,nonfin,1,0
E03497,ROE,ratio,1,0
E03497,SDGs,nonfin,1,0
E03497,サステナビリティ,nonfin,1,0
E03497,利益率,ratio,1,0
E03497,営業利益,acc,0,1
E03497,営業利益率,ratio,1,0
E03497,売上高,acc,1,0
E03497,廃棄物削減,nonfin,1,0
E03497,当期純利益率,ratio,1,0
E03506,営業利益,acc,0,1
E03506,売上高,acc,1,0
E03506,棚卸資産回転率,ratio,1,0
E03506,経常利益,acc,0,1
E03515,DJSI,nonfin,0,1
E03515,EBITDA,acc,1,0
E03515,ESG,nonfin,1,1
E03515,ESG外部評価,nonfin,0,1
E03515,エンゲージメント,nonfin,0,1
E03515,キャッシュフロー,acc,1,0
E03515,サステナビリティ,nonfin,1,1
E03515,事業利益,acc,1,0
E03515,営業利益,acc,0,1
E03515,当期純利益,acc,1,0
E03515,脱炭素/温室効果ガス,nonfin,1,1
E03516,ROE,ratio,1,1
E03516,ROIC,ratio,0,1
E03516,TSR,stock,0,1
E03516,キャッシュフロー,acc,1,0
E03516,サステナビリティ,nonfin,1,1
E03516,事業利益,acc,1,1
E03516,売上高,acc,1,0
E03516,女性管理職比率,nonfin,1,1
E03516,定性評価,nonfin,0,1
E03516,脱炭素/温室効果ガス,nonfin,1,1
E03516,配当性向,stock,1,0
E03516,非財務指標,nonfin,0,1
E03516,非財務目標,nonfin,1,1
E03518,営業利益,acc,0,1
E03518,経常利益率,ratio,1,0
E03519,DOE,stock,1,0
E03519,ROE,ratio,0,1
E03519,エンゲージメント,nonfin,1,0
E03519,キャッシュフロー,acc,1,0
E03519,営業利益,acc,0,1
E03519,売上高,acc,0,1
E03519,脱炭素/温室効果ガス,nonfin,1,0
E03519,配当性向,stock,1,0
E03519,非財務指標,nonfin,0,1
E03520,EPS,acc,0,1
E03520,営業利益,acc,1,0
E03520,営業利益率,ratio,1,0
E03520,売上高,acc,1,0
E03520,当期純利益,acc,1,0
E03520,時価総額,stock,0,1
E03520,経常利益,acc,0,1
E03521,ESG,nonfin,0,1
E03521,ROE,ratio,1,1
E03521,エンゲージメント,nonfin,0,1
E03521,サステナビリティ,nonfin,0,1
E03521,営業利益,acc,1,1
E03521,売上高,acc,1,1
E03521,女性管理職比率,nonfin,0,1
E03521,独自の経営指標,acc,1,0
E03524,PBR,stock,1,0
E03524,ROE,ratio,1,0
E03524,キャッシュフロー,acc,1,0
E03524,売上高,acc,1,0
E03524,経常利益,acc,0,1
E03524,経常利益率,ratio,1,0
E03524,配当性向,stock,1,0
E03528,ESG,nonfin,1,1
E03528,ROA,ratio,1,0
E03528,ROE,ratio,1,0
E03528,ROIC,ratio,1,0
E03528,サステナビリティ,nonfin,1,0
E03528,売上高,acc,1,0
E03528,女性管理職比率,nonfin,0,1
E03528,当期純利益,acc,1,1
E03528,経常利益,acc,1,1
E03530,サステナビリティ,nonfin,1,0
E03530,当期純利益,acc,1,1
E03530,持分法投資利益,acc,1,0
E03530,自己資本比率,ratio,1,0
E03543,ROA,ratio,1,0
E03543,ROE,ratio,1,0
E03543,サステナビリティ,nonfin,1,0
E03543,売上総利益,acc,1,0
E03543,当期純利益,acc,1,1
E03543,自己資本比率,ratio,1,0
E03544,売上高,acc,1,0
E03544,当期純利益,acc,1,1
E03544,自己資本比率,ratio,1,0
E03545,ROE,ratio,1,1
E03545,SDGs,nonfin,0,1
E03545,エンゲージメント,nonfin,1,0
E03545,サステナビリティ,nonfin,0,1
E03545,当期純利益,acc,1,1
E03545,自己資本比率,ratio,1,0
E03546,ROE,ratio,1,1
E03546,エンゲージメント,nonfin,1,1
E03546,女性管理職比率,nonfin,1,0
E03546,当期純利益,acc,1,1
E03546,脱炭素/温室効果ガス,nonfin,1,0
E03546,自己資本比率,ratio,1,0
E03546,非財務指標,nonfin,0,1
E03549,ROE,ratio,1,1
E03549,エンゲージメント,nonfin,0,1
E03549,サステナビリティ,nonfin,1,1
E03549,当期純利益,acc,1,1
E03549,自己資本比率,ratio,1,0
E03549,非財務指標,nonfin,0,1
E03550,ROE,ratio,1,1
E03550,キャッシュフロー,acc,1,0
E03550,コア業務純益,acc,1,0
E03550,当期純利益,acc,1,1
E03552,ROE,ratio,1,0
E03552,エンゲージメント,nonfin,1,0
E03552,当期純利益,acc,1,1
E03552,株主還元率,stock,1,0
E03552,自己資本比率,ratio,1,0
E03554,EPS,acc,0,1
E03554,ESG,nonfin,1,0
E03554,ESG外部評価,nonfin,1,0
E03554,ROE,ratio,1,0
E03554,SDGs,nonfin,1,1
E03554,TSR,stock,0,1
E03554,エンゲージメント,nonfin,1,0
E03554,コア業務純益,acc,1,0
E03554,サステナビリティ,nonfin,1,1
E03554,売上総利益,acc,0,1
E03554,当期純利益,acc,1,1
E03554,脱炭素/温室効果ガス,nonfin,1,0
E03554,自己資本比率,ratio,1,0
E03554,非財務指標,nonfin,0,1
E03555,ROE,ratio,1,1
E03555,エンゲージメント,nonfin,1,1
E03555,コア業務純益,acc,1,1
E03555,サステナビリティ,nonfin,1,0
E03555,当期純利益,acc,1,1
E03555,脱炭素/温室効果ガス,nonfin,0,1
E03555,自己資本比率,ratio,1,0
E03555,配当性向,stock,1,0
E03555,非財務指標,nonfin,0,1
E03556,ROE,ratio,1,1
E03556,エンゲージメント,nonfin,0,1
E03556,サステナビリティ,nonfin,1,1
E03556,リスクマネジメント,nonfin,1,0
E03556,当期純利益,acc,1,1
E03556,非財務指標,nonfin,0,1
E03557,EPS,acc,1,0
E03557,ROE,ratio,1,0
E03557,エンゲージメント,nonfin,1,0
E03557,サステナビリティ,nonfin,1,1
E03557,売上総利益,acc,1,0
E03557,当期純利益,acc,1,1
E03557,脱炭素/温室効果ガス,nonfin,0,1
E03557,自己資本比率,ratio,1,0
E03562,PBR,stock,1,0
E03562,ROE,ratio,1,1
E03562,ROI,ratio,1,0
E03562,エンゲージメント,nonfin,1,1
E03562,女性管理職比率,nonfin,1,0
E03562,当期純利益,acc,1,0
E03562,脱炭素/温室効果ガス,nonfin,1,0
E03562,自己資本比率,ratio,1,0
E03562,配当性向,stock,1,0
E03563,ESG,nonfin,1,0
E03563,ESG外部評価,nonfin,1,0
E03563,ROE,ratio,1,0
E03563,SDGs,nonfin,1,0
E03563,エンゲージメント,nonfin,1,0
E03563,サステナビリティ,nonfin,1,0
E03563,当期純利益,acc,1,1
E03563,脱炭素/温室効果ガス,nonfin,1,0
E03563,配当性向,stock,1,0
E03565,コア業務純益,acc,1,0
E03565,当期純利益,acc,1,0
E03565,経常利益,acc,0,1
E03567,ROE,ratio,1,0
E03567,当期純利益,acc,1,1
E03567,自己資本比率,ratio,1,0
E03568,PBR,stock,1,0
E03568,ROE,ratio,1,0
E03568,SDGs,nonfin,1,0
E03568,エンゲージメント,nonfin,1,0
E03568,サステナビリティ,nonfin,1,0
E03568,当期純利益,acc,1,1
E03568,株主還元率,stock,1,0
E03568,脱炭素/温室効果ガス,nonfin,1,0
E03568,自己資本比率,ratio,1,0
E03568,非財務目標,nonfin,1,0
E03572,ROE,ratio,1,0
E03572,コア業務純益,acc,1,0
E03572,当期純利益,acc,1,1
E03572,自己資本比率,ratio,1,0
E03574,ROE,ratio,1,0
E03574,エンゲージメント,nonfin,1,0
E03574,サステナビリティ,nonfin,1,0
E03574,当期純利益,acc,1,1
E03574,脱炭素/温室効果ガス,nonfin,1,0
E03574,非財務目標,nonfin,1,0
E03575,ROE,ratio,1,0
E03575,エンゲージメント,nonfin,1,0
E03575,サステナビリティ,nonfin,1,0
E03575,定性評価,nonfin,1,0
E03575,当期純利益,acc,0,1
E03575,脱炭素/温室効果ガス,nonfin,1,0
E03580,ROE,ratio,1,1
E03580,エンゲージメント,nonfin,1,1
E03580,サステナビリティ,nonfin,1,0
E03580,売上総利益,acc,1,0
E03580,女性管理職比率,nonfin,1,0
E03580,当期純利益,acc,1,1
E03580,自己資本比率,ratio,1,0
E03581,ROE,ratio,1,0
E03581,サステナビリティ,nonfin,1,0
E03581,当期純利益,acc,1,1
E03581,自己資本比率,ratio,1,0
E03582,当期純利益,acc,0,1
E03582,経常利益,acc,1,0
E03582,自己資本比率,ratio,1,0
E03583,PBR,stock,1,0
E03583,ROE,ratio,1,0
E03583,サステナビリティ,nonfin,1,0
E03583,当期純利益,acc,1,1
E03587,ESG,nonfin,1,0
E03587,ROA,ratio,1,0
E03587,ROE,ratio,1,0
E03587,SDGs,nonfin,1,0
E03587,コア業務純益,acc,1,1
E03587,サステナビリティ,nonfin,1,0
E03587,当期純利益,acc,1,1
E03587,株主還元率,stock,1,0
E03587,配当性向,stock,1,0
E03588,ROE,ratio,1,1
E03588,エンゲージメント,nonfin,1,1
E03588,サステナビリティ,nonfin,1,1
E03588,当期純利益,acc,1,1
E03588,脱炭素/温室効果ガス,nonfin,1,1
E03588,自己資本比率,ratio,1,0
E03588,顧客満足度,nonfin,1,0
E03590,ROA,ratio,1,0
E03590,エンゲージメント,nonfin,0,1
E03590,定性評価,nonfin,0,1
E03590,当期純利益,acc,0,1
E03597,ROE,ratio,1,0
E03597,当期純利益,acc,1,1
E03597,経常利益,acc,1,0
E03597,自己資本比率,ratio,1,0
E03602,ESG,nonfin,1,1
E03602,PBR,stock,0,1
E03602,ROE,ratio,1,1
E03602,コア業務純益,acc,1,0
E03602,当期純利益,acc,1,0
E03602,自己資本比率,ratio,1,0
E03606,ESG,nonfin,0,1
E03606,ESG外部評価,nonfin,0,1
E03606,ROE,ratio,1,1
E03606,TSR,stock,0,1
E03606,エンゲージメント,nonfin,0,1
E03606,サステナビリティ,nonfin,0,1
E03606,定性評価,nonfin,0,1
E03606,当期純利益,acc,1,1
E03606,脱炭素/温室効果ガス,nonfin,0,1
E03610,DOE,stock,1,0
E03610,ESG,nonfin,0,1
E03610,ESG外部評価,nonfin,0,1
E03610,ROE,ratio,0,1
E03610,TSR,stock,0,1
E03610,コア業務純益,acc,0,1
E03610,サステナビリティ,nonfin,0,1
E03610,女性役員比率,nonfin,0,1
E03610,当期純利益,acc,0,1
E03610,株主還元率,stock,1,0
E03610,非財務指標,nonfin,0,1
E03611,ESG,nonfin,1,1
E03611,ESG外部評価,nonfin,0,1
E03611,PBR,stock,1,0
E03611,ROE,ratio,1,1
E03611,TSR,stock,0,1
E03611,エンゲージメント,nonfin,0,1
E03611,サステナビリティ,nonfin,0,1
E03611,修正純利益,acc,1,0
E03611,売上総利益,acc,1,0
E03611,女性役員比率,nonfin,1,0
E03611,女性管理職比率,nonfin,0,1
E03611,定性評価,nonfin,0,1
E03611,当期純利益,acc,1,1
E03611,時価総額,stock,1,0
E03611,株主還元率,stock,1,0
E03611,経常利益,acc,1,0
E03611,非財務指標,nonfin,0,1
E03614,ROE,ratio,1,0
E03614,TSR,stock,0,1
E03614,エンゲージメント,nonfin,0,1
E03614,サステナビリティ,nonfin,0,1
E03614,売上総利益,acc,1,1
E03614,当期純利益,acc,1,1
E03614,非財務指標,nonfin,0,1
E03615,ESG,nonfin,0,1
E03615,ROE,ratio,1,1
E03615,TSR,stock,0,1
E03615,サステナビリティ,nonfin,1,1
E03615,リスクマネジメント,nonfin,1,0
E03615,当期純利益,acc,0,1
E03618,ROE,ratio,1,1
E03618,TSR,stock,0,1
E03618,コア業務純益,acc,0,1
E03618,サステナビリティ,nonfin,1,0
E03618,女性管理職比率,nonfin,0,1
E03618,当期純利益,acc,1,1
E03618,自己資本比率,ratio,1,0
E03622,ESG,nonfin,0,1
E03622,ESG外部評価,nonfin,0,1
E03622,ROE,ratio,1,1
E03622,サステナビリティ,nonfin,0,1
E03622,売上総利益,acc,0,1
E03622,当期純利益,acc,1,1
E03622,経常利益,acc,0,1
E03622,配当性向,stock,1,0
E03622,非財務指標,nonfin,0,1
E03622,顧客満足度,nonfin,0,1
E03623,ROE,ratio,0,1
E03623,エンゲージメント,nonfin,0,1
E03623,利益率,ratio,1,0
E03623,当期純利益率,ratio,1,0
E03623,経常利益,acc,1,1
E03624,ROE,ratio,1,1
E03624,当期純利益,acc,1,1
E03624,自己資本比率,ratio,1,0
E03632,ROE,ratio,1,1
E03632,エンゲージメント,nonfin,0,1
E03632,サステナビリティ,nonfin,0,1
E03632,当期純利益,acc,1,1
E03632,経常利益,acc,0,1
E03632,非財務指標,nonfin,0,1
E03639,PBR,stock,1,0
E03639,ROE,ratio,1,1
E03639,コア業務純益,acc,0,1
E03639,サステナビリティ,nonfin,0,1
E03639,利益率,ratio,1,0
E03639,当期純利益,acc,0,1
E03639,脱炭素/温室効果ガス,nonfin,0,1
E03639,自己資本比率,ratio,1,0
E03641,ROE,ratio,0,1
E03641,キャッシュフロー,acc,1,0
E03641,コア業務純益,acc,0,1
E03641,サステナビリティ,nonfin,1,0
E03641,当期純利益,acc,0,1
E03641,自己資本比率,ratio,0,1
E03645,ROE,ratio,1,0
E03645,SDGs,nonfin,1,0
E03645,エンゲージメント,nonfin,1,0
E03645,サステナビリティ,nonfin,1,0
E03645,売上総利益,acc,1,0
E03645,当期純利益,acc,1,1
E03645,脱炭素/温室効果ガス,nonfin,1,0
E03645,自己資本比率,ratio,1,0
E03645,非財務指標,nonfin,1,0
E03652,ESG,nonfin,1,0
E03652,ROE,ratio,1,1
E03652,エンゲージメント,nonfin,1,1
E03652,コア業務純益,acc,0,1
E03652,サステナビリティ,nonfin,1,0
E03652,当期純利益,acc,1,0
E03652,脱炭素/温室効果ガス,nonfin,1,0
E03652,非財務目標,nonfin,0,1
E03664,当期純利益,acc,1,1
E03674,ESG,nonfin,1,0
E03674,ROE,ratio,1,0
E03674,SDGs,nonfin,1,0
E03674,コア業務純益,acc,1,0
E03674,サステナビリティ,nonfin,1,0
E03674,当期純利益,acc,1,1
E03674,自己資本比率,ratio,1,0
E03679,SDGs,nonfin,1,0
E03679,コア業務純益,acc,1,0
E03679,サステナビリティ,nonfin,1,0
E03679,当期純利益,acc,1,1
E03679,自己資本比率,ratio,1,0
E03688,PBR,stock,1,0
E03688,ROE,ratio,1,1
E03688,TSR,stock,1,0
E03688,エンゲージメント,nonfin,1,0
E03688,サステナビリティ,nonfin,1,0
E03688,当期純利益,acc,0,1
E03688,株主還元率,stock,1,0
E03688,経常利益,acc,1,1
E03688,配当性向,stock,1,0
E03693,ROA,ratio,1,0
E03693,ROE,ratio,1,0
E03693,SDGs,nonfin,1,0
E03693,当期純利益,acc,1,1
E03693,当期純利益率,ratio,1,0
E03693,自己資本比率,ratio,1,0
E03716,営業収益,acc,1,0
E03716,当期純利益,acc,1,1
E03716,経常利益,acc,1,0
E03716,自己資本規制比率,ratio,1,0
E03739,ROE,ratio,0,1
E03739,サステナビリティ,nonfin,1,0
E03739,営業利益,acc,0,1
E03739,当期純利益,acc,0,1
E03739,株主還元率,stock,1,0
E03739,経常利益,acc,0,1
E03739,配当性向,stock,1,0
E03752,EPS,acc,0,1
E03752,PBR,stock,1,0
E03752,ROE,ratio,1,1
E03752,TSR,stock,0,1
E03752,サステナビリティ,nonfin,1,1
E03752,定性評価,nonfin,0,1
E03752,当期純利益,acc,1,1
E03753,ROE,ratio,1,1
E03753,TSR,stock,0,1
E03753,経常利益,acc,1,1
E03756,EBITDA,acc,0,1
E03756,PBR,stock,1,0
E03756,PER,stock,0,1
E03756,ROE,ratio,1,0
E03756,TSR,stock,0,1
E03756,営業収益,acc,0,1
E03756,株主還元率,stock,1,0
E03756,経常利益,acc,0,1
E03760,ROE,ratio,1,0
E03760,当期純利益,acc,0,1
E03760,経常利益,acc,0,1
E03762,ROE,ratio,1,1
E03762,SDGs,nonfin,1,0
E03762,サステナビリティ,nonfin,1,0
E03762,当期純利益,acc,0,1
E03762,経常利益,acc,0,1
E03763,ROE,ratio,1,0
E03763,エンゲージメント,nonfin,1,0
E03763,営業利益,acc,0,1
E03763,女性管理職比率,nonfin,1,0
E03764,ESG,nonfin,1,0
E03764,ESG外部評価,nonfin,1,0
E03764,ROE,ratio,1,1
E03764,サステナビリティ,nonfin,1,0
E03764,経常利益,acc,1,0
E03764,顧客満足度,nonfin,1,0
E03768,PBR,stock,1,0
E03768,ROE,ratio,1,0
E03768,営業利益,acc,0,1
E03768,当期純利益,acc,0,1
E03768,時価総額,stock,0,1
E03784,ROE,ratio,1,0
E03784,キャッシュフロー,acc,1,0
E03784,サステナビリティ,nonfin,1,0
E03784,利益率,ratio,1,0
E03784,経常利益,acc,0,1
E03788,DOE,stock,1,0
E03788,ROE,ratio,1,1
E03788,TSR,stock,1,0
E03788,サステナビリティ,nonfin,1,0
E03788,利益率,ratio,1,0
E03788,営業収益,acc,1,0
E03788,当期純利益,acc,0,1
E03788,株主還元率,stock,1,0
E03788,経常利益,acc,0,1
E03788,経常利益率,ratio,1,0
E03792,ROE,ratio,1,0
E03792,当期純利益,acc,0,1
E03801,TSR,stock,1,0
E03801,サステナビリティ,nonfin,1,0
E03801,売上高,acc,1,0
E03801,経常利益,acc,1,1
E03814,ROE,ratio,1,1
E03814,TSR,stock,0,1
E03814,エンゲージメント,nonfin,0,1
E03814,サステナビリティ,nonfin,0,1
E03814,当期純利益,acc,0,1
E03815,ROE,ratio,1,0
E03815,当期純利益,acc,1,1
E03815,税引前利益,acc,1,0
E03847,ROE,ratio,1,1
E03847,エンゲージメント,nonfin,0,1
E03847,サステナビリティ,nonfin,0,1
E03847,修正純利益,acc,1,1
E03847,当期純利益,acc,1,0
E03851,ESG,nonfin,0,1
E03851,ROE,ratio,1,1
E03851,TSR,stock,0,1
E03851,エンゲージメント,nonfin,1,1
E03851,当期純利益,acc,1,0
E03851,脱炭素/温室効果ガス,nonfin,1,1
E03854,EPS,acc,1,1
E03854,ROE,ratio,1,1
E03854,TSR,stock,0,1
E03854,サステナビリティ,nonfin,1,1
E03854,当期純利益,acc,0,1
E03854,非財務指標,nonfin,0,1
E03855,EPS,acc,0,1
E03855,ESG,nonfin,0,1
E03855,ROE,ratio,1,1
E03855,サステナビリティ,nonfin,0,1
E03855,事業利益,acc,1,1
E03855,営業収益,acc,0,1
E03855,当期純利益,acc,1,1
E03856,EPS,acc,0,1
E03856,ESG,nonfin,1,1
E03856,ROA,ratio,0,1
E03856,ROE,ratio,0,1
E03856,TSR,stock,0,1
E03856,事業利益,acc,0,1
E03856,脱炭素/温室効果ガス,nonfin,0,1
E03858,EPS,acc,1,0
E03858,ESG,nonfin,0,1
E03858,ROE,ratio,1,0
E03858,TSR,stock,0,1
E03858,サステナビリティ,nonfin,1,0
E03858,営業利益,acc,1,1
E03858,女性管理職比率,nonfin,1,0
E03858,当期純利益,acc,0,1
E03858,脱炭素/温室効果ガス,nonfin,1,0
E03858,配当性向,stock,1,0
E03859,EBITDA,acc,1,0
E03859,ESG,nonfin,0,1
E03859,ROE,ratio,1,1
E03859,SDGs,nonfin,1,0
E03859,事業利益,acc,1,1
E03859,営業利益,acc,1,0
E03859,当期純利益,acc,0,1
E03859,経常利益,acc,0,1
E03863,EBITDA,acc,0,1
E03863,ROA,ratio,0,1
E03863,キャッシュフロー,acc,1,0
E03863,利益率,ratio,1,0
E03863,営業利益,acc,1,0
E03863,営業収益,acc,0,1
E03863,営業損益,acc,0,1
E03863,売上高,acc,1,0
E03863,自己資本比率,ratio,0,1
E03863,非財務指標,nonfin,0,1
E03867,ESG,nonfin,1,0
E03867,ROA,ratio,1,0
E03867,ROE,ratio,1,1
E03867,サステナビリティ,nonfin,1,1
E03867,事業利益,acc,1,1
E03867,脱炭素/温室効果ガス,nonfin,1,0
E03867,自己資本比率,ratio,1,0
E03867,配当性向,stock,1,0
E03907,ROE,ratio,1,0
E03907,キャッシュフロー,acc,1,0
E03907,事業利益,acc,1,0
E03907,営業利益,acc,1,0
E03907,当期純利益,acc,1,0
E03907,時価総額,stock,1,0
E03907,経常利益,acc,1,1
E03907,脱炭素/温室効果ガス,nonfin,1,0
E03907,配当性向,stock,1,0
E03938,ROE,ratio,1,0
E03938,サステナビリティ,nonfin,1,0
E03938,営業利益,acc,1,1
E03938,営業利益率,ratio,1,0
E03938,経常利益,acc,1,0
E03938,自己資本比率,ratio,1,0
E03938,配当性向,stock,1,0
E03943,EBITDA,acc,1,1
E03943,ESG,nonfin,1,0
E03943,PBR,stock,1,0
E03943,PER,stock,1,0
E03943,ROE,ratio,1,1
E03943,ROIC,ratio,1,0
E03943,TSR,stock,0,1
E03943,WACC,ratio,1,0
E03943,エンゲージメント,nonfin,0,1
E03943,サステナビリティ,nonfin,1,0
E03943,営業利益,acc,1,0
E03943,売上高,acc,1,0
E03943,当期純利益,acc,1,1
E03943,経常利益,acc,1,0
E03943,脱炭素/温室効果ガス,nonfin,1,0
E03943,非財務指標,nonfin,0,1
E03953,ESG,nonfin,1,0
E03953,ROE,ratio,1,0
E03953,SDGs,nonfin,1,0
E03953,サステナビリティ,nonfin,1,0
E03953,営業利益,acc,1,0
E03953,売上高,acc,1,1
E03953,当期純利益,acc,1,0
E03953,当期純利益率,ratio,1,0
E03953,棚卸資産回転率,ratio,1,0
E03953,経常利益,acc,1,0
E03953,自己資本比率,ratio,1,0
E03958,ROE,ratio,1,1
E03958,営業利益,acc,0,1
E03958,売上高,acc,1,0
E03958,当期純利益,acc,1,1
E03958,非財務指標,nonfin,0,1
E03967,ROIC,ratio,1,0
E03967,売上高,acc,1,0
E03967,経常利益,acc,0,1
E03969,ESG,nonfin,0,1
E03969,ROE,ratio,1,0
E03969,サステナビリティ,nonfin,1,1
E03969,営業利益,acc,1,1
E03969,売上高,acc,1,0
E03969,当期純利益,acc,1,1
E03969,経常利益,acc,1,1
E03992,TSR,stock,0,1
E03992,サステナビリティ,nonfin,1,0
E03992,営業利益,acc,0,1
E03992,当期純利益,acc,0,1
E03992,経常利益,acc,1,0
E03997,DOE,stock,1,0
E03997,EBITDA,acc,1,0
E03997,ESG,nonfin,1,1
E03997,ROE,ratio,1,0
E03997,ROIC,ratio,1,0
E03997,サステナビリティ,nonfin,1,0
E03997,脱炭素/温室効果ガス,nonfin,1,0
E03997,自己資本比率,ratio,1,0
E03997,配当性向,stock,1,0
E04011,ESG,nonfin,1,0
E04011,営業利益率,ratio,1,0
E04011,廃棄物削減,nonfin,1,0
E04011,当期純利益,acc,0,1
E04011,経常利益,acc,0,1
E04013,当期純利益率,ratio,1,0
E04013,棚卸資産回転率,ratio,1,0
E04013,経常利益,acc,0,1
E04013,経常利益率,ratio,1,1
E04018,ROE,ratio,0,1
E04018,売上高,acc,0,1
E04018,経常利益,acc,0,1
E04018,経常利益率,ratio,1,0
E04021,D/Eレシオ,ratio,1,0
E04021,ROE,ratio,1,1
E04021,エンゲージメント,nonfin,1,0
E04021,サステナビリティ,nonfin,1,1
E04021,営業利益,acc,1,0
E04021,売上高,acc,1,0
E04021,税引前利益,acc,1,1
E04021,自己資本比率,ratio,1,0
E04021,配当性向,stock,1,0
E04029,ROE,ratio,1,0
E04029,当期純利益,acc,0,1
E04031,ROE,ratio,1,0
E04031,売上高,acc,1,0
E04031,経常利益,acc,1,1
E04031,経常利益率,ratio,1,0
E04031,自己資本比率,ratio,1,0
E04044,ESG,nonfin,1,0
E04044,PBR,stock,1,0
E04044,ROE,ratio,1,0
E04044,利益率,ratio,1,0
E04044,売上高,acc,1,0
E04044,経常利益,acc,1,1
E04048,経常利益,acc,0,1
E04048,経常利益率,ratio,1,0
E04060,DOE,stock,1,0
E04060,ROA,ratio,1,0
E04060,ROE,ratio,1,1
E04060,エンゲージメント,nonfin,0,1
E04060,サステナビリティ,nonfin,1,1
E04060,事業利益,acc,1,1
E04060,当期純利益,acc,0,1
E04060,株主還元率,stock,1,0
E04060,自己資本比率,ratio,1,0
E04060,非財務指標,nonfin,0,1
E04065,SDGs,nonfin,1,0
E04065,経常利益,acc,0,1
E04069,サステナビリティ,nonfin,1,0
E04069,利益率,ratio,1,0
E04069,営業利益,acc,0,1
E04069,売上総利益率,ratio,1,0
E04069,売上高,acc,1,0
E04072,ROA,ratio,0,1
E04072,ROE,ratio,1,1
E04072,ROIC,ratio,1,0
E04072,エンゲージメント,nonfin,1,0
E04072,経常利益,acc,1,1
E04072,自己資本比率,ratio,1,1
E04075,エンゲージメント,nonfin,1,0
E04075,営業利益,acc,1,0
E04075,売上高,acc,1,0
E04075,当期純利益,acc,1,1
E04075,経常利益,acc,1,0
E04077,経常利益,acc,0,1
E04077,経常利益率,ratio,1,0
E04088,EBITDA,acc,1,0
E04088,ESG外部評価,nonfin,1,1
E04088,ROA,ratio,1,0
E04088,ROE,ratio,1,1
E04088,エンゲージメント,nonfin,1,0
E04088,サステナビリティ,nonfin,1,1
E04088,営業利益,acc,1,1
E04088,営業利益率,ratio,1,0
E04088,株主還元率,stock,1,0
E04088,脱炭素/温室効果ガス,nonfin,1,0
E04088,自己資本比率,ratio,1,0
E04089,EBITDA,acc,1,1
E04089,ESG外部評価,nonfin,0,1
E04089,ROE,ratio,0,1
E04089,ROIC,ratio,1,0
E04089,WACC,ratio,1,0
E04089,エンゲージメント,nonfin,1,0
E04089,サステナビリティ,nonfin,1,0
E04089,営業利益,acc,0,1
E04089,自己資本比率,ratio,1,0
E04092,EBITDA,acc,1,0
E04092,ROA,ratio,1,0
E04092,ROE,ratio,1,0
E04092,サステナビリティ,nonfin,1,0
E04092,営業利益,acc,1,0
E04092,当期純利益,acc,1,1
E04092,経常利益,acc,1,1
E04093,DOE,stock,1,0
E04093,EBITDA,acc,1,0
E04093,ROA,ratio,1,0
E04093,ROE,ratio,1,0
E04093,サステナビリティ,nonfin,1,0
E04093,営業利益,acc,1,1
E04093,営業利益率,ratio,1,0
E04093,営業収益,acc,1,0
E04093,当期純利益,acc,1,1
E04093,経常利益,acc,1,1
E04093,配当性向,stock,1,0
E04094,ROE,ratio,0,1
E04094,営業利益,acc,1,1
E04094,営業収益,acc,0,1
E04097,EBITDA,acc,1,0
E04097,ROA,ratio,1,0
E04097,ROE,ratio,1,0
E04097,サステナビリティ,nonfin,1,0
E04097,営業利益,acc,1,1
E04097,当期純利益,acc,1,1
E04097,自己資本比率,ratio,1,0
E04097,連結利益,acc,1,0
E04101,EBITDA,acc,1,1
E04101,ROE,ratio,1,1
E04101,営業利益,acc,1,1
E04102,DOE,stock,1,0
E04102,EBITDA,acc,1,0
E04102,ROE,ratio,1,0
E04102,ROIC,ratio,1,0
E04102,WACC,ratio,1,0
E04102,サステナビリティ,nonfin,1,0
E04102,利益率,ratio,1,0
E04102,営業利益,acc,1,0
E04102,当期純利益,acc,0,1
E04102,経常利益,acc,0,1
E04102,自己資本比率,ratio,1,0
E04102,配当性向,stock,1,0
E04103,EBITDA,acc,1,0
E04103,ESG,nonfin,1,0
E04103,ROE,ratio,1,1
E04103,エンゲージメント,nonfin,0,1
E04103,キャッシュフロー,acc,1,0
E04103,サステナビリティ,nonfin,1,1
E04103,事業利益,acc,1,1
E04103,女性管理職比率,nonfin,0,1
E04103,当期純利益,acc,1,1
E04103,株主還元率,stock,1,0
E04103,脱炭素/温室効果ガス,nonfin,1,1
E04103,非財務指標,nonfin,0,1
E04105,EBITDA,acc,1,0
E04105,ROE,ratio,1,1
E04105,キャッシュフロー,acc,1,0
E04105,利益率,ratio,1,0
E04105,営業利益,acc,1,1
E04105,当期純利益,acc,1,1
E04105,経常利益,acc,0,1
E04106,EBITDA,acc,1,0
E04106,PER,stock,1,0
E04106,ROE,ratio,1,1
E04106,ROIC,ratio,1,0
E04106,TSR,stock,0,1
E04106,サステナビリティ,nonfin,1,0
E04106,営業利益,acc,1,1
E04106,当期純利益,acc,0,1
E04106,脱炭素/温室効果ガス,nonfin,1,1
E04106,配当性向,stock,1,0
E04108,サステナビリティ,nonfin,1,0
E04108,営業利益,acc,1,1
E04108,営業収益,acc,1,0
E04108,当期純利益,acc,1,0
E04108,脱炭素/温室効果ガス,nonfin,1,0
E04109,営業利益,acc,1,0
E04109,当期純利益,acc,1,1
E04109,自己資本比率,ratio,1,0
E04110,EBITDA,acc,1,1
E04110,ROA,ratio,0,1
E04110,ROE,ratio,1,1
E04110,サステナビリティ,nonfin,1,1
E04110,事業利益,acc,1,1
E04110,営業利益,acc,0,1
E04110,営業収益,acc,0,1
E04125,EBITDA,acc,1,0
E04125,ROE,ratio,1,0
E04125,営業利益,acc,1,1
E04125,営業収益,acc,1,1
E04125,当期純利益,acc,0,1
E04125,配当性向,stock,1,0
E04147,EBITDA,acc,1,0
E04147,ESG,nonfin,0,1
E04147,ROA,ratio,1,0
E04147,ROE,ratio,1,0
E04147,キャッシュフロー,acc,1,0
E04147,サステナビリティ,nonfin,1,0
E04147,営業利益,acc,1,0
E04147,営業収益,acc,1,0
E04147,当期純利益率,ratio,1,0
E04147,脱炭素/温室効果ガス,nonfin,1,0
E04148,エンゲージメント,nonfin,1,1
E04148,サステナビリティ,nonfin,1,0
E04148,連結利益,acc,0,1
E04148,非財務指標,nonfin,0,1
E04149,経常利益,acc,0,1
E04149,脱炭素/温室効果ガス,nonfin,1,0
E04153,EBITDA,acc,1,0
E04153,ESG,nonfin,1,0
E04153,ROE,ratio,1,1
E04153,エンゲージメント,nonfin,1,0
E04153,サステナビリティ,nonfin,1,1
E04153,営業利益,acc,1,1
E04153,営業利益率,ratio,1,0
E04153,営業収益,acc,1,0
E04153,女性管理職比率,nonfin,0,1
E04153,当期純利益,acc,1,0
E04153,脱炭素/温室効果ガス,nonfin,1,1
E04154,DOE,stock,1,0
E04154,ESG,nonfin,0,1
E04154,NAV,stock,1,0
E04154,ROA,ratio,1,0
E04154,ROE,ratio,1,1
E04154,TSR,stock,0,1
E04154,エンゲージメント,nonfin,0,1
E04154,キャッシュフロー,acc,1,0
E04154,営業利益,acc,1,1
E04154,当期純利益,acc,0,1
E04154,脱炭素/温室効果ガス,nonfin,0,1
E04154,自己資本比率,ratio,1,0
E04158,EBITDA,acc,0,1
E04158,ROE,ratio,1,1
E04158,SDGs,nonfin,1,0
E04158,サステナビリティ,nonfin,1,0
E04158,営業利益,acc,1,1
E04158,営業利益率,ratio,0,1
E04160,営業利益,acc,1,0
E04160,売上高,acc,1,0
E04160,当期純利益,acc,1,1
E04160,経常利益,acc,1,0
E04160,経常利益率,ratio,1,0
E04179,ESG,nonfin,1,0
E04179,ROE,ratio,0,1
E04179,SDGs,nonfin,1,0
E04179,エンゲージメント,nonfin,1,0
E04179,営業利益,acc,1,0
E04179,営業利益率,ratio,1,0
E04179,営業収益,acc,1,1
E04179,女性管理職比率,nonfin,0,1
E04179,当期純利益,acc,0,1
E04179,経常利益,acc,0,1
E04179,脱炭素/温室効果ガス,nonfin,1,1
E04179,非財務指標,nonfin,0,1
E04187,D/Eレシオ,ratio,1,0
E04187,EPS,acc,1,0
E04187,ESG,nonfin,0,1
E04187,ROE,ratio,1,1
E04187,ROIC,ratio,1,1
E04187,TSR,stock,0,1
E04187,キャッシュフロー,acc,1,0
E04187,サステナビリティ,nonfin,1,0
E04187,営業利益,acc,1,1
E04187,営業利益率,ratio,1,0
E04187,営業収益,acc,1,1
E04187,当期純利益,acc,1,1
E04187,脱炭素/温室効果ガス,nonfin,1,1
E04187,自己資本比率,ratio,1,0
E04187,配当性向,stock,1,0
E04191,ROE,ratio,1,0
E04191,ROIC,ratio,1,0
E04191,WACC,ratio,1,0
E04191,利益率,ratio,1,0
E04191,営業利益,acc,1,0
E04191,営業利益率,ratio,1,0
E04191,売上高,acc,1,0
E04191,当期純利益,acc,0,1
E04191,脱炭素/温室効果ガス,nonfin,1,0
E04194,ESG,nonfin,1,0
E04194,ROE,ratio,1,0
E04194,営業収益,acc,1,1
E04194,当期純利益,acc,0,1
E04194,当期純利益率,ratio,1,0
E04194,経常利益,acc,1,1
E04194,経常利益率,ratio,0,1
E04194,脱炭素/温室効果ガス,nonfin,1,0
E04195,当期純利益,acc,0,1
E04195,経常利益率,ratio,1,0
E04209,ROE,ratio,1,0
E04209,営業利益,acc,1,1
E04209,営業収益,acc,1,1
E04209,脱炭素/温室効果ガス,nonfin,1,0
E04209,配当性向,stock,1,0
E04213,ROE,ratio,1,0
E04213,サステナビリティ,nonfin,1,0
E04213,営業利益,acc,1,1
E04213,営業利益率,ratio,1,0
E04213,営業収益,acc,1,0
E04218,ESG,nonfin,1,0
E04218,ROE,ratio,1,0
E04218,売上高,acc,1,0
E04218,経常利益,acc,0,1
E04223,SDGs,nonfin,1,0
E04223,営業利益,acc,0,1
E04223,脱炭素/温室効果ガス,nonfin,1,0
E04224,ESG,nonfin,0,1
E04224,サステナビリティ,nonfin,1,0
E04224,営業利益,acc,0,1
E04224,営業利益率,ratio,1,1
E04224,売上高,acc,1,0
E04224,非財務指標,nonfin,0,1
E04228,ESG,nonfin,1,0
E04228,ROE,ratio,1,0
E04228,売上高,acc,1,0
E04228,経常利益,acc,1,1
E04228,配当性向,stock,1,0
E04230,PBR,stock,1,0
E04230,PER,stock,1,0
E04230,ROE,ratio,1,0
E04230,エンゲージメント,nonfin,1,0
E04230,営業利益,acc,1,1
E04230,営業利益率,ratio,1,0
E04230,売上収益,acc,1,0
E04233,ESG,nonfin,1,0
E04233,ROE,ratio,1,0
E04233,SDGs,nonfin,1,0
E04233,サステナビリティ,nonfin,1,0
E04233,営業利益,acc,1,1
E04233,営業収益,acc,1,0
E04233,当期純利益,acc,1,1
E04233,自己資本比率,ratio,1,0
E04235,ESG,nonfin,1,1
E04235,ROE,ratio,1,1
E04235,ROIC,ratio,1,0
E04235,TSR,stock,0,1
E04235,サステナビリティ,nonfin,0,1
E04235,女性管理職比率,nonfin,0,1
E04235,定性評価,nonfin,0,1
E04235,当期純利益,acc,1,0
E04235,経常利益,acc,0,1
E04235,脱炭素/温室効果ガス,nonfin,1,1
E04235,配当性向,stock,1,0
E04236,ROE,ratio,0,1
E04236,TSR,stock,0,1
E04236,エンゲージメント,nonfin,0,1
E04236,サステナビリティ,nonfin,1,0
E04236,当期純利益,acc,0,1
E04236,株価成長率,stock,0,1
E04236,環境指標,nonfin,0,1
E04236,脱炭素/温室効果ガス,nonfin,0,1
E04236,配当性向,stock,0,1
E04237,ESG,nonfin,0,1
E04237,PBR,stock,1,0
E04237,ROE,ratio,1,1
E04237,ROIC,ratio,1,0
E04237,TSR,stock,0,1
E04237,キャッシュフロー,acc,1,0
E04237,サステナビリティ,nonfin,0,1
E04237,当期純利益,acc,0,1
E04237,経常利益,acc,1,1
E04237,脱炭素/温室効果ガス,nonfin,1,1
E04237,自己資本比率,ratio,1,0
E04239,D/Eレシオ,ratio,1,0
E04239,ESG,nonfin,0,1
E04239,ROE,ratio,1,1
E04239,キャッシュフロー,acc,1,0
E04239,サステナビリティ,nonfin,1,0
E04239,営業利益,acc,1,1
E04239,時価総額,stock,0,1
E04239,脱炭素/温室効果ガス,nonfin,1,0
E04239,配当性向,stock,1,0
E04243,ESG外部評価,nonfin,0,1
E04243,PBR,stock,1,0
E04243,ROE,ratio,1,0
E04243,ROIC,ratio,1,0
E04243,エンゲージメント,nonfin,1,0
E04243,当期純利益,acc,0,1
E04243,脱炭素/温室効果ガス,nonfin,1,0
E04243,配当性向,stock,1,0
E04243,非財務指標,nonfin,0,1
E04246,EBITDA,acc,1,0
E04246,ROE,ratio,1,0
E04246,サステナビリティ,nonfin,1,0
E04246,営業利益,acc,1,0
E04246,営業収益,acc,1,0
E04246,経常利益,acc,0,1
E04246,脱炭素/温室効果ガス,nonfin,1,0
E04246,配当性向,stock,1,0
E04254,ROE,ratio,1,1
E04254,エンゲージメント,nonfin,1,0
E04254,キャッシュフロー,acc,1,0
E04254,サステナビリティ,nonfin,1,0
E04254,当期純利益,acc,0,1
E04254,経常利益,acc,1,1
E04254,脱炭素/温室効果ガス,nonfin,1,0
E04272,DJSI,nonfin,0,1
E04272,EBIT,acc,1,1
E04272,ESG,nonfin,0,1
E04272,ESG外部評価,nonfin,0,1
E04272,ROIC,ratio,0,1
E04272,TSR,stock,0,1
E04272,サステナビリティ,nonfin,0,1
E04272,脱炭素/温室効果ガス,nonfin,1,1
E04273,EPS,acc,1,0
E04273,ESG,nonfin,0,1
E04273,ESG外部評価,nonfin,0,1
E04273,ROE,ratio,1,1
E04273,エンゲージメント,nonfin,0,1
E04273,営業利益,acc,1,1
E04273,営業利益率,ratio,1,0
E04273,売上高,acc,0,1
E04273,当期純利益,acc,0,1
E04273,脱炭素/温室効果ガス,nonfin,0,1
E04273,顧客満足度,nonfin,0,1
E04275,ROE,ratio,1,0
E04275,サステナビリティ,nonfin,1,0
E04275,営業利益,acc,1,1
E04275,売上高,acc,1,1
E04275,脱炭素/温室効果ガス,nonfin,1,0
E04275,配当性向,stock,1,0
E04283,DOE,stock,1,0
E04283,ROE,ratio,1,1
E04283,TSR,stock,0,1
E04283,サステナビリティ,nonfin,1,1
E04283,リスクマネジメント,nonfin,1,0
E04283,事業利益,acc,1,1
E04283,利益率,ratio,1,0
E04283,営業利益,acc,1,1
E04283,売上高,acc,1,0
E04283,女性管理職比率,nonfin,0,1
E04283,当期純利益,acc,1,0
E04283,脱炭素/温室効果ガス,nonfin,0,1
E04284,ESG,nonfin,1,1
E04284,ROE,ratio,1,1
E04284,キャッシュフロー,acc,1,0
E04284,サステナビリティ,nonfin,1,0
E04284,営業利益,acc,1,1
E04284,営業収益,acc,1,0
E04284,当期純利益,acc,0,1
E04284,配当性向,stock,1,0
E04284,非財務指標,nonfin,0,1
E04285,ROE,ratio,1,0
E04285,サステナビリティ,nonfin,1,0
E04285,営業利益,acc,1,1
E04285,営業収益,acc,1,1
E04285,非財務目標,nonfin,1,0
E04286,ESG,nonfin,1,0
E04286,サステナビリティ,nonfin,1,0
E04286,当期純利益,acc,0,1
E04286,経常利益,acc,0,1
E04287,DOE,stock,1,0
E04287,ROE,ratio,1,0
E04287,キャッシュフロー,acc,1,0
E04287,営業収益,acc,1,1
E04287,当期純利益,acc,1,0
E04287,経常利益,acc,0,1
E04287,経常利益率,ratio,1,0
E04287,配当性向,stock,1,0
E04290,ROE,ratio,1,0
E04290,キャッシュフロー,acc,1,0
E04290,サステナビリティ,nonfin,1,0
E04290,営業利益,acc,1,1
E04290,営業収益,acc,1,1
E04290,時価総額,stock,1,0
E04291,EBITDA,acc,1,0
E04291,ESG,nonfin,1,0
E04291,ROE,ratio,1,1
E04291,ROIC,ratio,0,1
E04291,SDGs,nonfin,1,0
E04291,エンゲージメント,nonfin,1,1
E04291,サステナビリティ,nonfin,1,0
E04291,利益率,ratio,1,0
E04291,営業利益,acc,1,1
E04291,売上高,acc,1,0
E04291,女性管理職比率,nonfin,1,0
E04291,定性評価,nonfin,0,1
E04291,株主還元率,stock,1,0
E04291,経常利益,acc,0,1
E04291,脱炭素/温室効果ガス,nonfin,1,0
E04291,配当性向,stock,1,0
E04291,非財務指標,nonfin,0,1
E04294,ROE,ratio,0,1
E04294,サステナビリティ,nonfin,1,0
E04294,営業利益,acc,1,1
E04304,PBR,stock,1,0
E04304,ROE,ratio,1,0
E04304,エンゲージメント,nonfin,1,0
E04304,サステナビリティ,nonfin,1,0
E04304,営業利益,acc,1,1
E04304,営業利益率,ratio,1,0
E04304,営業収益,acc,1,1
E04304,経常利益,acc,1,1
E04317,PER,stock,1,0
E04317,ROE,ratio,1,0
E04317,サステナビリティ,nonfin,1,0
E04317,利益率,ratio,1,1
E04317,営業利益,acc,1,1
E04317,営業収益,acc,1,0
E04317,配当性向,stock,1,0
E04322,サステナビリティ,nonfin,1,0
E04322,営業利益,acc,0,1
E04322,当期純利益,acc,0,1
E04324,ROE,ratio,1,0
E04324,ROIC,ratio,1,0
E04324,TSR,stock,0,1
E04324,エンゲージメント,nonfin,1,0
E04324,キャッシュフロー,acc,1,0
E04324,リスクマネジメント,nonfin,1,0
E04324,営業利益率,ratio,1,1
E04324,売上高,acc,1,0
E04324,売上高比,ratio,1,0
E04324,女性管理職比率,nonfin,1,0
E04324,株主還元率,stock,1,0
E04324,経常利益,acc,0,1
E04324,脱炭素/温室効果ガス,nonfin,1,0
E04324,配当性向,stock,1,0
E04324,非財務指標,nonfin,1,0
E04331,PBR,stock,1,0
E04331,ROE,ratio,1,0
E04331,WACC,ratio,1,0
E04331,サステナビリティ,nonfin,1,0
E04331,利益率,ratio,1,0
E04331,株主還元率,stock,1,0
E04331,経常利益,acc,1,1
E04331,販売数量,nonfin,1,0
E04341,EBITDA,acc,1,0
E04341,ROE,ratio,1,1
E04341,ROIC,ratio,1,0
E04341,キャッシュフロー,acc,1,0
E04341,営業利益,acc,1,1
E04341,営業利益率,ratio,1,0
E04341,売上高,acc,1,1
E04341,時価総額,stock,0,1
E04341,脱炭素/温室効果ガス,nonfin,1,0
E04341,自己資本比率,ratio,1,0
E04341,配当性向,stock,1,0
E04341,非財務目標,nonfin,1,0
E04342,ESG,nonfin,1,0
E04342,利益率,ratio,1,0
E04342,営業利益,acc,1,0
E04342,営業収益,acc,1,0
E04342,売上高,acc,1,0
E04342,当期純利益,acc,1,0
E04342,経常利益,acc,1,1
E04345,EBITDA,acc,1,0
E04345,ROE,ratio,1,0
E04345,営業利益,acc,1,1
E04345,営業収益,acc,1,1
E04348,営業利益,acc,1,1
E04348,当期純利益,acc,1,1
E04348,自己資本比率,ratio,1,0
E04353,サステナビリティ,nonfin,1,0
E04353,営業利益率,ratio,1,0
E04353,経常利益,acc,0,1
E04357,EPS,acc,1,0
E04357,ESG,nonfin,1,0
E04357,PBR,stock,1,0
E04357,ROE,ratio,1,0
E04357,SDGs,nonfin,1,0
E04357,営業利益,acc,1,0
E04357,売上高,acc,1,0
E04357,当期純利益,acc,1,1
E04357,経常利益,acc,1,1
E04357,脱炭素/温室効果ガス,nonfin,1,0
E04357,配当性向,stock,1,0
E04358,ROE,ratio,1,0
E04358,キャッシュフロー,acc,1,0
E04358,当期純利益,acc,0,1
E04358,経常利益,acc,0,1
E04358,脱炭素/温室効果ガス,nonfin,1,0
E04358,自己資本比率,ratio,1,0
E04358,配当性向,stock,0,1
E04358,非財務指標,nonfin,0,1
E04375,ESG,nonfin,1,0
E04375,ROIC,ratio,1,0
E04375,キャッシュフロー,acc,1,0
E04375,サステナビリティ,nonfin,1,0
E04375,営業利益,acc,1,1
E04375,売上高,acc,1,0
E04375,定性評価,nonfin,0,1
E04380,売上高,acc,1,1
E04380,経常利益,acc,0,1
E04410,ESG,nonfin,1,0
E04410,ESG外部評価,nonfin,1,0
E04410,キャッシュフロー,acc,1,0
E04410,サステナビリティ,nonfin,1,0
E04410,営業利益,acc,1,1
E04410,売上高,acc,1,1
E04410,株主還元率,stock,1,0
E04410,脱炭素/温室効果ガス,nonfin,1,0
E04414,PBR,stock,1,0
E04414,ROE,ratio,1,0
E04414,エンゲージメント,nonfin,1,0
E04414,サステナビリティ,nonfin,1,0
E04414,営業利益,acc,1,0
E04414,売上高,acc,1,0
E04414,当期純利益,acc,1,0
E04414,経常利益,acc,1,1
E04425,EPS,acc,0,1
E04425,ESG,nonfin,0,1
E04425,ROE,ratio,1,1
E04425,ROIC,ratio,1,1
E04425,TSR,stock,0,1
E04425,エンゲージメント,nonfin,0,1
E04425,サステナビリティ,nonfin,1,0
E04425,営業利益,acc,1,1
E04425,売上高,acc,0,1
E04425,当期純利益,acc,1,1
E04425,配当性向,stock,1,0
E04426,TSR,stock,0,1
E04426,キャッシュフロー,acc,1,1
E04426,サステナビリティ,nonfin,1,1
E04426,フリーキャッシュフロー,acc,0,1
E04426,マテリアリティ,nonfin,0,1
E04426,再生可能エネルギー,nonfin,0,1
E04426,営業利益,acc,0,1
E04426,当期純利益,acc,0,1
E04427,キャッシュフロー,acc,1,0
E04427,営業利益,acc,0,1
E04427,売上高,acc,0,1
E04427,経常利益率,ratio,1,0
E04430,EBITDA,acc,1,1
E04430,EPS,acc,0,1
E04430,ROIC,ratio,1,1
E04430,エンゲージメント,nonfin,1,1
E04430,サステナビリティ,nonfin,1,1
E04430,営業利益,acc,0,1
E04430,営業利益率,ratio,0,1
E04430,脱炭素/温室効果ガス,nonfin,1,1
E04430,顧客満足度,nonfin,0,1
E04460,EPS,acc,1,0
E04460,キャッシュフロー,acc,1,0
E04460,営業利益,acc,1,1
E04460,営業収益,acc,1,1
E04460,当期純利益,acc,1,1
E04460,配当性向,stock,1,0
E04462,ROE,ratio,1,0
E04462,サステナビリティ,nonfin,1,0
E04462,営業利益,acc,1,1
E04462,非財務指標,nonfin,0,1
E04473,営業利益,acc,1,1
E04473,売上高,acc,1,1
E04473,顧客満足度,nonfin,1,0
E04476,ESG,nonfin,1,0
E04476,サステナビリティ,nonfin,1,0
E04476,当期純利益,acc,0,1
E04476,経常利益,acc,0,1
E04478,EBITDA,acc,1,0
E04478,ROE,ratio,1,0
E04478,キャッシュフロー,acc,1,0
E04478,営業利益,acc,1,0
E04478,営業利益率,ratio,1,0
E04478,売上高,acc,1,0
E04478,当期純利益,acc,0,1
E04497,EBITDA,acc,1,0
E04497,ESG,nonfin,0,1
E04497,サステナビリティ,nonfin,1,0
E04497,営業利益,acc,1,0
E04497,営業収益,acc,1,0
E04497,定性評価,nonfin,0,1
E04497,当期純利益,acc,1,1
E04497,経常利益,acc,1,0
E04497,配当性向,stock,1,0
E04497,非財務指標,nonfin,0,1
E04498,キャッシュフロー,acc,1,0
E04498,フリーキャッシュフロー,acc,1,1
E04498,経常利益,acc,0,1
E04498,脱炭素/温室効果ガス,nonfin,0,1
E04499,EBITDA,acc,1,1
E04499,ESG,nonfin,0,1
E04499,ROE,ratio,1,1
E04499,ROIC,ratio,1,1
E04499,当期純利益,acc,1,0
E04499,経常利益,acc,0,1
E04499,脱炭素/温室効果ガス,nonfin,1,0
E04499,自己資本比率,ratio,1,0
E04500,DOE,stock,0,1
E04500,SDGs,nonfin,1,0
E04500,経常利益,acc,0,1
E04500,脱炭素/温室効果ガス,nonfin,1,0
E04501,DOE,stock,1,0
E04501,ESG,nonfin,1,1
E04501,ROIC,ratio,1,0
E04501,サステナビリティ,nonfin,1,0
E04501,経常利益,acc,1,1
E04501,自己資本比率,ratio,1,0
E04502,ESG,nonfin,1,1
E04502,ROE,ratio,1,0
E04502,ROIC,ratio,1,0
E04502,SDGs,nonfin,1,0
E04502,TSR,stock,0,1
E04502,サステナビリティ,nonfin,1,0
E04502,当期純利益,acc,0,1
E04502,経常利益,acc,1,1
E04502,脱炭素/温室効果ガス,nonfin,0,1
E04502,自己資本比率,ratio,1,0
E04503,ROE,ratio,1,0
E04503,ROIC,ratio,1,0
E04503,キャッシュフロー,acc,1,0
E04503,経常利益,acc,1,1
E04503,自己資本比率,ratio,1,0
E04504,DOE,stock,1,0
E04504,ESG,nonfin,0,1
E04504,PBR,stock,1,0
E04504,ROIC,ratio,1,0
E04504,WACC,ratio,1,0
E04504,エンゲージメント,nonfin,1,1
E04504,サステナビリティ,nonfin,1,0
E04504,フリーキャッシュフロー,acc,1,0
E04504,事業利益,acc,1,0
E04504,営業利益,acc,1,0
E04504,経常利益,acc,0,1
E04504,脱炭素/温室効果ガス,nonfin,1,1
E04505,DOE,stock,1,0
E04505,ESG,nonfin,0,1
E04505,ROE,ratio,1,1
E04505,ROIC,ratio,1,0
E04505,エンゲージメント,nonfin,0,1
E04505,キャッシュフロー,acc,1,0
E04505,サステナビリティ,nonfin,1,0
E04505,経常利益,acc,1,1
E04505,脱炭素/温室効果ガス,nonfin,1,1
E04505,自己資本比率,ratio,1,0
E04506,ROIC,ratio,1,1
E04506,エンゲージメント,nonfin,1,1
E04506,サステナビリティ,nonfin,1,0
E04506,経常利益,acc,0,1
E04506,脱炭素/温室効果ガス,nonfin,1,1
E04509,ROE,ratio,1,0
E04509,経常利益,acc,1,1
E04509,脱炭素/温室効果ガス,nonfin,1,0
E04509,自己資本比率,ratio,1,0
E04510,ESG,nonfin,1,0
E04510,NOPAT,acc,1,0
E04510,ROE,ratio,1,0
E04510,ROIC,ratio,1,0
E04510,当期純利益,acc,1,0
E04510,経常利益,acc,1,1
E04510,脱炭素/温室効果ガス,nonfin,1,0
E04511,ROA,ratio,0,1
E04511,ROE,ratio,0,1
E04511,営業利益,acc,1,0
E04511,営業利益率,ratio,0,1
E04511,売上高,acc,1,0
E04511,当期純利益率,ratio,0,1
E04511,脱炭素/温室効果ガス,nonfin,1,0
E04511,自己資本比率,ratio,1,0
E04514,ESG,nonfin,0,1
E04514,ROA,ratio,0,1
E04514,ROE,ratio,1,1
E04514,ROIC,ratio,1,1
E04514,キャッシュフロー,acc,1,0
E04514,当期純利益,acc,1,1
E04514,脱炭素/温室効果ガス,nonfin,0,1
E04514,非財務指標,nonfin,0,1
E04515,ROE,ratio,1,0
E04515,SDGs,nonfin,1,0
E04515,エンゲージメント,nonfin,1,0
E04515,当期純利益,acc,0,1
E04515,脱炭素/温室効果ガス,nonfin,1,0
E04516,ROE,ratio,1,0
E04516,ROIC,ratio,1,0
E04516,経常利益,acc,0,1
E04516,脱炭素/温室効果ガス,nonfin,1,0
E04517,ESG,nonfin,0,1
E04517,ROE,ratio,1,1
E04517,ROIC,ratio,1,0
E04517,キャッシュフロー,acc,1,0
E04517,サステナビリティ,nonfin,1,0
E04517,事業利益,acc,1,0
E04517,経常利益,acc,1,1
E04517,脱炭素/温室効果ガス,nonfin,1,1
E04519,当期純利益,acc,0,1
E04519,脱炭素/温室効果ガス,nonfin,1,0
E04520,DOE,stock,1,0
E04520,EBITDA,acc,0,1
E04520,ROE,ratio,1,1
E04520,ROIC,ratio,1,0
E04520,エンゲージメント,nonfin,1,0
E04520,サステナビリティ,nonfin,1,1
E04520,脱炭素/温室効果ガス,nonfin,1,0
E04520,自己資本比率,ratio,1,0
E04523,ROE,ratio,1,0
E04523,ROIC,ratio,1,0
E04523,エンゲージメント,nonfin,1,0
E04523,サステナビリティ,nonfin,1,0
E04523,経常利益,acc,1,1
E04523,自己資本比率,ratio,1,0
E04535,ROE,ratio,1,0
E04535,SDGs,nonfin,1,0
E04535,エンゲージメント,nonfin,1,0
E04535,経常利益,acc,0,1
E04539,EBITDA,acc,0,1
E04539,SDGs,nonfin,1,0
E04539,エンゲージメント,nonfin,1,0
E04539,サステナビリティ,nonfin,0,1
E04539,経常利益,acc,0,1
E04540,利益率,ratio,1,0
E04540,営業利益,acc,1,0
E04540,営業利益率,ratio,1,0
E04540,売上高,acc,1,0
E04540,当期純利益,acc,1,0
E04540,経常利益,acc,1,1
E04540,自己資本比率,ratio,1,0
E04560,EBITDA,acc,0,1
E04560,ROE,ratio,1,0
E04560,エンゲージメント,nonfin,1,0
E04560,キャッシュフロー,acc,1,0
E04560,サステナビリティ,nonfin,1,0
E04560,営業利益,acc,1,0
E04560,営業利益率,ratio,1,0
E04560,売上高,acc,1,1
E04560,当期純利益,acc,0,1
E04560,経常利益,acc,0,1
E04560,自己資本比率,ratio,1,0
E04583,ESG,nonfin,0,1
E04583,ROE,ratio,1,1
E04583,エンゲージメント,nonfin,0,1
E04583,サステナビリティ,nonfin,1,0
E04583,営業利益,acc,1,1
E04583,脱炭素/温室効果ガス,nonfin,0,1
E04583,配当性向,stock,1,0
E04585,ROE,ratio,1,0
E04585,サステナビリティ,nonfin,1,0
E04585,営業利益,acc,1,1
E04585,当期純利益,acc,0,1
E04599,営業利益,acc,1,1
E04599,売上高,acc,1,0
E04691,EBITDA,acc,1,0
E04691,SDGs,nonfin,1,0
E04691,事業利益,acc,1,0
E04691,営業利益,acc,1,1
E04691,営業収益,acc,1,0
E04693,エンゲージメント,nonfin,1,0
E04693,当期純利益,acc,0,1
E04693,経常利益,acc,0,1
E04693,経常利益率,ratio,1,0
E04707,ESG,nonfin,1,0
E04707,ROE,ratio,1,1
E04707,キャッシュフロー,acc,1,1
E04707,サステナビリティ,nonfin,1,0
E04707,営業利益,acc,1,1
E04707,売上高,acc,1,0
E04727,売上高,acc,1,0
E04727,経常利益,acc,0,1
E04754,ESG,nonfin,1,0
E04754,PBR,stock,1,0
E04754,ROE,ratio,1,1
E04754,ROIC,ratio,1,0
E04754,サステナビリティ,nonfin,1,0
E04754,売上高,acc,0,1
E04754,当期純利益率,ratio,1,0
E04754,経常利益,acc,0,1
E04760,EPS,acc,1,0
E04760,ROE,ratio,0,1
E04760,TSR,stock,1,1
E04760,エンゲージメント,nonfin,0,1
E04760,オーガニック成長率,ratio,1,1
E04760,キャッシュコンバージョンサイクル,ratio,0,1
E04760,キャッシュフロー,acc,0,1
E04760,サステナビリティ,nonfin,0,1
E04760,営業利益,acc,1,1
E04760,売上総利益,acc,1,0
E04760,時価総額,stock,0,1
E04760,脱炭素/温室効果ガス,nonfin,0,1
E04762,ESG,nonfin,0,1
E04762,ROE,ratio,1,0
E04762,TSR,stock,1,0
E04762,当期純利益,acc,1,1
E04762,配当性向,stock,1,0
E04768,DOE,stock,1,0
E04768,ROE,ratio,0,1
E04768,サステナビリティ,nonfin,1,0
E04768,営業収益,acc,1,1
E04768,当期純利益,acc,1,0
E04768,経常利益,acc,1,1
E04768,配当性向,stock,1,0
E04773,EPS,acc,0,1
E04773,ESG,nonfin,1,0
E04773,エンゲージメント,nonfin,0,1
E04773,営業利益,acc,0,1
E04775,ROE,ratio,1,0
E04775,エンゲージメント,nonfin,1,0
E04775,サステナビリティ,nonfin,1,0
E04775,営業収益,acc,1,0
E04775,経常利益,acc,1,1
E04777,D/Eレシオ,ratio,1,0
E04777,PBR,stock,1,0
E04777,ROE,ratio,1,0
E04777,エンゲージメント,nonfin,1,0
E04777,キャッシュフロー,acc,1,0
E04777,サステナビリティ,nonfin,1,0
E04777,当期純利益,acc,1,1
E04777,脱炭素/温室効果ガス,nonfin,1,0
E04777,配当性向,stock,1,0
E04783,EPS,acc,1,1
E04783,ROE,ratio,1,0
E04783,SDGs,nonfin,0,1
E04783,エンゲージメント,nonfin,0,1
E04783,サステナビリティ,nonfin,1,1
E04783,売上高,acc,1,0
E04783,女性管理職比率,nonfin,0,1
E04783,定性評価,nonfin,0,1
E04783,当期純利益,acc,0,1
E04783,経常利益,acc,1,1
E04783,脱炭素/温室効果ガス,nonfin,0,1
E04783,自己資本比率,ratio,1,0
E04783,非財務指標,nonfin,0,1
E04788,ROA,ratio,1,1
E04788,ROE,ratio,1,1
E04788,TSR,stock,0,1
E04788,エンゲージメント,nonfin,1,1
E04788,サステナビリティ,nonfin,1,0
E04788,定性評価,nonfin,0,1
E04788,当期純利益,acc,1,1
E04788,脱炭素/温室効果ガス,nonfin,1,1
E04788,配当性向,stock,1,0
E04788,非財務目標,nonfin,1,1
E04799,PBR,stock,1,0
E04799,営業利益,acc,1,1
E04799,営業利益率,ratio,1,0
E04799,売上高,acc,1,0
E04800,ROE,ratio,1,0
E04800,営業利益,acc,0,1
E04800,営業利益率,ratio,1,0
E04800,売上高,acc,0,1
E04800,当期純利益,acc,0,1
E04803,利益率,ratio,1,0
E04803,営業利益,acc,0,1
E04803,売上高,acc,0,1
E04803,当期純利益,acc,0,1
E04804,PBR,stock,1,0
E04804,ROE,ratio,1,0
E04804,営業利益,acc,1,0
E04804,当期純利益,acc,0,1
E04806,DOE,stock,1,0
E04806,ESG,nonfin,1,0
E04806,ROE,ratio,1,0
E04806,ROI,ratio,1,0
E04806,サステナビリティ,nonfin,1,0
E04806,株価成長率,stock,0,1
E04806,経常利益,acc,0,1
E04806,配当性向,stock,1,0
E04807,SDGs,nonfin,1,0
E04807,売上高,acc,1,1
E04807,経常利益,acc,0,1
E04807,脱炭素/温室効果ガス,nonfin,1,0
E04807,自己資本比率,ratio,0,1
E04807,限界利益,acc,0,1
E04807,限界利益率,ratio,0,1
E04815,ESG,nonfin,1,0
E04815,SDGs,nonfin,1,0
E04815,サステナビリティ,nonfin,1,0
E04815,営業利益,acc,1,1
E04815,売上高,acc,1,1
E04815,経常利益,acc,0,1
E04816,DOE,stock,1,0
E04816,ESG,nonfin,1,0
E04816,ROE,ratio,1,1
E04816,SDGs,nonfin,1,0
E04816,キャッシュフロー,acc,1,0
E04816,サステナビリティ,nonfin,1,0
E04816,営業利益,acc,0,1
E04816,営業利益率,ratio,1,1
E04816,売上高,acc,0,1
E04816,当期純利益,acc,0,1
E04816,脱炭素/温室効果ガス,nonfin,1,0
E04816,配当性向,stock,1,0
E04817,ESG,nonfin,1,1
E04817,ROE,ratio,1,0
E04817,サステナビリティ,nonfin,1,1
E04817,営業利益,acc,0,1
E04817,売上高,acc,0,1
E04817,女性役員比率,nonfin,1,0
E04817,女性管理職比率,nonfin,0,1
E04817,定性評価,nonfin,0,1
E04817,株主還元率,stock,1,0
E04817,経常利益,acc,0,1
E04817,脱炭素/温室効果ガス,nonfin,0,1
E04817,配当性向,stock,1,0
E04821,ROA,ratio,1,0
E04821,ROE,ratio,1,0
E04821,当期純利益,acc,1,0
E04821,経常利益,acc,0,1
E04821,非財務指標,nonfin,1,0
E04822,EBITDA,acc,1,0
E04822,ESG,nonfin,1,0
E04822,ROE,ratio,1,0
E04822,SDGs,nonfin,1,0
E04822,サステナビリティ,nonfin,1,0
E04822,リスクマネジメント,nonfin,1,0
E04822,利益率,ratio,1,0
E04822,営業利益,acc,1,1
E04822,売上高,acc,1,1
E04822,定性評価,nonfin,0,1
E04822,当期純利益,acc,1,1
E04822,経常利益,acc,0,1
E04824,経常利益,acc,0,1
E04824,経常利益率,ratio,1,0
E04826,ROE,ratio,1,0
E04826,営業利益,acc,1,0
E04826,売上高,acc,1,1
E04826,当期純利益,acc,0,1
E04826,株主還元率,stock,1,0
E04826,経常利益,acc,0,1
E04835,DOE,stock,1,0
E04835,ROE,ratio,1,1
E04835,TSR,stock,0,1
E04835,サステナビリティ,nonfin,1,0
E04835,受注高,nonfin,0,1
E04835,営業利益,acc,1,0
E04835,営業利益率,ratio,1,1
E04835,売上高,acc,1,0
E04835,当期純利益,acc,0,1
E04835,株価成長率,stock,0,1
E04835,配当性向,stock,1,0
E04835,非財務目標,nonfin,1,0
E04837,ROE,ratio,1,0
E04837,サステナビリティ,nonfin,1,0
E04837,利益率,ratio,1,0
E04837,営業利益,acc,1,0
E04837,営業利益率,ratio,1,0
E04837,売上総利益率,ratio,1,0
E04837,売上高,acc,1,1
E04837,時価総額,stock,1,0
E04841,ROE,ratio,1,0
E04841,サステナビリティ,nonfin,1,0
E04841,リスクマネジメント,nonfin,1,0
E04841,営業利益,acc,0,1
E04841,営業利益率,ratio,1,0
E04841,売上高,acc,1,0
E04841,配当性向,stock,1,0
E04846,DOE,stock,1,0
E04846,ROE,ratio,1,0
E04846,エンゲージメント,nonfin,1,0
E04846,営業利益,acc,1,1
E04846,売上高,acc,1,1
E04846,女性管理職比率,nonfin,1,0
E04846,当期純利益,acc,0,1
E04846,経常利益,acc,0,1
E04846,脱炭素/温室効果ガス,nonfin,1,0
E04846,配当性向,stock,1,0
E04848,EBITDA,acc,1,0
E04848,PBR,stock,1,0
E04848,ROI,ratio,1,0
E04848,サステナビリティ,nonfin,1,0
E04848,営業利益,acc,1,0
E04848,売上高,acc,1,0
E04848,当期純利益,acc,0,1
E04848,脱炭素/温室効果ガス,nonfin,1,0
E04848,自己資本比率,ratio,1,0
E04849,営業利益,acc,1,1
E04849,売上高,acc,1,0
E04849,当期純利益,acc,0,1
E04849,配当性向,stock,1,0
E04853,ROE,ratio,1,0
E04853,サステナビリティ,nonfin,1,0
E04853,営業利益,acc,1,1
E04853,売上高,acc,1,1
E04853,当期純利益,acc,1,0
E04855,SDGs,nonfin,1,0
E04855,営業利益,acc,1,1
E04856,ROE,ratio,1,0
E04856,SDGs,nonfin,1,0
E04856,エンゲージメント,nonfin,0,1
E04856,サステナビリティ,nonfin,1,1
E04856,営業利益,acc,0,1
E04856,営業利益率,ratio,1,0
E04856,当期純利益,acc,0,1
E04856,当期純利益率,ratio,1,0
E04856,配当性向,stock,1,0
E04856,非財務指標,nonfin,0,1
E04857,DOE,stock,1,0
E04857,サステナビリティ,nonfin,1,0
E04857,営業利益,acc,0,1
E04857,配当性向,stock,1,0
E04859,ESG,nonfin,1,0
E04859,ROE,ratio,1,0
E04859,営業利益,acc,0,1
E04859,営業利益率,ratio,1,0
E04859,売上高,acc,1,1
E04859,配当性向,stock,1,0
E04861,EBITDA,acc,1,1
E04861,ROE,ratio,1,1
E04861,TSR,stock,0,1
E04861,エンゲージメント,nonfin,1,1
E04861,サステナビリティ,nonfin,0,1
E04861,営業利益,acc,1,1
E04861,売上高,acc,1,1
E04861,売上高比,ratio,1,0
E04861,女性役員比率,nonfin,1,1
E04861,女性管理職比率,nonfin,1,1
E04861,当期純利益,acc,0,1
E04861,株主還元率,stock,1,0
E04861,経常利益,acc,0,1
E04861,脱炭素/温室効果ガス,nonfin,1,0
E04861,配当性向,stock,1,0
E04861,非財務指標,nonfin,0,1
E04869,ESG,nonfin,0,1
E04869,PBR,stock,1,0
E04869,ROE,ratio,1,0
E04869,事業利益,acc,1,1
E04869,事業利益率,ratio,1,1
E04869,受注高,nonfin,1,0
E04869,営業利益,acc,0,1
E04869,売上収益,acc,1,1
E04869,売上高,acc,1,0
E04869,女性管理職比率,nonfin,1,0
E04869,当期純利益,acc,0,1
E04869,配当性向,stock,1,0
E04873,ROE,ratio,1,0
E04873,営業利益,acc,1,0
E04873,売上高,acc,1,1
E04877,ROE,ratio,1,0
E04877,サステナビリティ,nonfin,1,0
E04877,売上高,acc,1,0
E04877,経常利益,acc,1,1
E04878,EBITDA,acc,1,0
E04878,ESG,nonfin,1,0
E04878,ROE,ratio,1,0
E04878,ROIC,ratio,1,0
E04878,サステナビリティ,nonfin,1,0
E04878,営業利益,acc,1,1
E04878,売上高,acc,1,1
E04878,定性評価,nonfin,0,1
E04878,株主還元率,stock,1,0
E04878,配当性向,stock,1,0
E04887,DOE,stock,1,0
E04887,ROE,ratio,1,0
E04887,サステナビリティ,nonfin,1,0
E04887,営業利益,acc,1,0
E04887,営業利益率,ratio,1,0
E04887,売上高,acc,1,0
E04887,当期純利益,acc,0,1
E04887,時価総額,stock,1,0
E04887,株主還元率,stock,1,0
E04887,配当性向,stock,1,0
E04889,ROE,ratio,1,1
E04889,TSR,stock,1,1
E04889,営業利益,acc,0,1
E04889,女性管理職比率,nonfin,1,0
E04889,当期純利益,acc,0,1
E04889,経常利益,acc,0,1
E04890,営業利益,acc,0,1
E04890,売上高,acc,1,1
E04890,当期純利益,acc,0,1
E04890,経常利益,acc,0,1
E04890,経常利益率,ratio,1,0
E04890,自己資本比率,ratio,1,0
E04894,営業利益,acc,1,1
E04894,営業利益率,ratio,1,0
E04894,売上高,acc,1,1
E04894,非財務指標,nonfin,0,1
E04896,ROE,ratio,1,1
E04896,サステナビリティ,nonfin,1,1
E04896,利益率,ratio,1,0
E04896,営業利益,acc,0,1
E04896,売上高,acc,1,1
E04896,女性管理職比率,nonfin,0,1
E04896,脱炭素/温室効果ガス,nonfin,0,1
E04902,ROE,ratio,1,0
E04902,営業利益,acc,0,1
E04902,営業利益率,ratio,1,0
E04902,売上高,acc,1,1
E04902,配当性向,stock,1,0
E04903,ESG,nonfin,0,1
E04903,ROE,ratio,1,1
E04903,エンゲージメント,nonfin,1,0
E04903,受注高,nonfin,0,1
E04903,営業利益,acc,1,1
E04903,営業利益率,ratio,1,0
E04903,売上高,acc,1,0
E04903,当期純利益,acc,1,0
E04903,税引前利益,acc,0,1
E04903,経常利益,acc,1,0
E04904,EPS,acc,0,1
E04904,営業利益,acc,1,0
E04904,自己資本比率,ratio,1,0
E04904,販売数量,nonfin,1,0
E04908,D/Eレシオ,ratio,1,0
E04908,EPS,acc,1,0
E04908,ROE,ratio,1,0
E04908,営業利益,acc,1,0
E04908,営業利益率,ratio,1,0
E04908,売上高,acc,1,0
E04908,当期純利益,acc,0,1
E04908,配当性向,stock,1,0
E04912,ROE,ratio,1,0
E04912,営業収益,acc,0,1
E04912,経常利益,acc,0,1
E04920,エンゲージメント,nonfin,1,0
E04920,サステナビリティ,nonfin,1,0
E04920,リスクマネジメント,nonfin,1,0
E04920,営業利益,acc,1,0
E04920,売上高,acc,1,0
E04920,経常利益,acc,0,1
E04920,配当性向,stock,1,0
E04925,営業利益,acc,1,0
E04925,営業利益率,ratio,1,0
E04925,売上高,acc,1,1
E04926,ROE,ratio,1,0
E04926,売上高,acc,1,0
E04926,当期純利益,acc,1,1
E04933,ROE,ratio,1,1
E04933,サステナビリティ,nonfin,1,0
E04933,営業利益,acc,0,1
E04933,売上高,acc,0,1
E04933,脱炭素/温室効果ガス,nonfin,1,0
E04933,非財務目標,nonfin,0,1
E04934,ROE,ratio,1,0
E04934,利益率,ratio,1,0
E04934,売上高,acc,1,0
E04934,当期純利益,acc,0,1
E04946,ESG,nonfin,0,1
E04946,ROA,ratio,1,1
E04946,ROE,ratio,1,0
E04946,TSR,stock,0,1
E04946,エンゲージメント,nonfin,1,0
E04946,営業利益,acc,1,1
E04946,売上総利益,acc,1,1
E04946,女性管理職比率,nonfin,1,0
E04946,当期純利益,acc,1,1
E04946,自己資本比率,ratio,1,0
E04946,非財務目標,nonfin,1,0
E04948,営業利益,acc,1,1
E04954,ROE,ratio,1,0
E04954,サステナビリティ,nonfin,1,0
E04954,当期純利益,acc,1,1
E04972,PBR,stock,1,0
E04972,ROE,ratio,1,0
E04972,売上高,acc,1,0
E04972,経常利益,acc,1,1
E04973,DOE,stock,1,0
E04973,EPS,acc,1,1
E04973,ROE,ratio,1,0
E04973,エンゲージメント,nonfin,1,1
E04973,サステナビリティ,nonfin,1,0
E04973,営業利益,acc,1,0
E04973,営業利益率,ratio,1,0
E04973,売上総利益率,ratio,1,0
E04973,売上高,acc,1,1
E04973,売上高比,ratio,1,0
E04973,経常利益,acc,0,1
E04973,脱炭素/温室効果ガス,nonfin,0,1
E04973,自己資本比率,ratio,1,0
E04973,配当性向,stock,1,0
E04973,非財務指標,nonfin,0,1
E04976,D/Eレシオ,ratio,1,0
E04976,ROE,ratio,1,0
E04976,エンゲージメント,nonfin,1,0
E04976,キャッシュフロー,acc,1,0
E04976,サステナビリティ,nonfin,1,0
E04976,営業利益,acc,1,1
E04976,営業利益率,ratio,1,0
E04976,売上高,acc,1,0
E04976,配当性向,stock,1,0
E04979,ESG,nonfin,0,1
E04979,ROIC,ratio,0,1
E04979,エンゲージメント,nonfin,0,1
E04979,サステナビリティ,nonfin,1,1
E04979,営業利益,acc,1,1
E04979,売上高,acc,1,0
E04979,定性評価,nonfin,0,1
E04979,当期純利益,acc,1,1
E04979,経常利益,acc,1,0
E04979,脱炭素/温室効果ガス,nonfin,1,0
E04980,ESG,nonfin,1,0
E04980,PBR,stock,1,0
E04980,ROA,ratio,1,0
E04980,ROE,ratio,1,0
E04980,ROIC,ratio,1,0
E04980,SDGs,nonfin,1,0
E04980,エンゲージメント,nonfin,1,0
E04980,サステナビリティ,nonfin,1,0
E04980,利益率,ratio,1,0
E04980,営業利益,acc,1,1
E04980,営業利益率,ratio,1,0
E04980,売上高,acc,1,0
E04981,DOE,stock,1,0
E04981,EBITDA,acc,1,0
E04981,ESG,nonfin,0,1
E04981,ROE,ratio,1,0
E04981,エンゲージメント,nonfin,1,0
E04981,キャッシュフロー,acc,1,0
E04981,サステナビリティ,nonfin,1,0
E04981,営業利益,acc,1,0
E04981,売上高,acc,1,0
E04981,非財務目標,nonfin,1,0
E04987,ROE,ratio,1,0
E04987,キャッシュフロー,acc,1,0
E04987,営業利益,acc,1,1
E04987,営業利益率,ratio,1,0
E04987,売上総利益,acc,1,0
E04987,売上高,acc,1,1
E04987,定性評価,nonfin,0,1
E04987,当期純利益,acc,1,0
E04987,当期純利益率,ratio,1,0
E04995,EPS,acc,1,0
E04995,営業利益,acc,1,0
E04995,売上高,acc,1,0
E04995,当期純利益,acc,1,0
E04995,当期純利益率,ratio,1,0
E04995,経常利益,acc,1,1
E04995,経常利益率,ratio,1,1
E04996,営業利益,acc,1,1
E04997,ROE,ratio,1,0
E04997,営業利益,acc,1,1
E04997,売上総利益,acc,0,1
E04997,売上高,acc,1,1
E04999,Post-GAAPマージン,ratio,0,1
E04999,ROE,ratio,1,0
E04999,利益率,ratio,1,0
E04999,営業利益,acc,0,1
E04999,営業利益率,ratio,1,0
E04999,売上高,acc,1,0
E05000,EBITDA,acc,1,1
E05000,EPS,acc,1,1
E05000,キャッシュフロー,acc,1,0
E05000,サステナビリティ,nonfin,0,1
E05000,売上収益,acc,1,1
E05000,定性評価,nonfin,0,1
E05000,当期純利益,acc,1,0
E05017,ROE,ratio,1,0
E05017,ROIC,ratio,1,0
E05017,WACC,ratio,1,0
E05017,エンゲージメント,nonfin,1,0
E05017,利益率,ratio,1,0
E05017,営業利益,acc,1,0
E05017,営業利益率,ratio,1,0
E05017,売上高,acc,1,1
E05017,定性評価,nonfin,0,1
E05017,当期純利益,acc,0,1
E05018,サステナビリティ,nonfin,1,0
E05018,営業利益,acc,0,1
E05024,キャッシュフロー,acc,1,0
E05024,営業利益,acc,1,0
E05024,売上高,acc,1,0
E05024,当期純利益,acc,1,0
E05024,経常利益,acc,1,1
E05025,ROE,ratio,1,0
E05025,当期純利益,acc,0,1
E05027,EPS,acc,1,0
E05027,営業利益,acc,1,1
E05027,売上高,acc,1,0
E05028,ROE,ratio,1,0
E05028,エンゲージメント,nonfin,1,0
E05028,売上高,acc,1,1
E05028,経常利益,acc,1,1
E05028,経常利益率,ratio,1,1
E05029,サステナビリティ,nonfin,1,0
E05029,営業利益,acc,1,1
E05029,売上高,acc,1,1
E05036,DOE,stock,1,0
E05036,EBITDA,acc,1,1
E05036,ROE,ratio,1,0
E05036,売上高,acc,1,1
E05036,時価総額,stock,1,0
E05041,サステナビリティ,nonfin,1,0
E05041,営業利益,acc,0,1
E05042,ROE,ratio,1,0
E05042,エンゲージメント,nonfin,1,0
E05042,当期純利益,acc,1,1
E05042,経常利益,acc,1,0
E05045,ESG,nonfin,0,1
E05045,ESG外部評価,nonfin,0,1
E05045,ROE,ratio,1,1
E05045,TSR,stock,0,1
E05045,キャッシュフロー,acc,1,0
E05045,営業利益,acc,0,1
E05045,売上高,acc,0,1
E05045,当期純利益,acc,0,1
E05045,当期純利益率,ratio,1,0
E05045,時価総額,stock,0,1
E05045,株主還元率,stock,1,0
E05045,株価成長率,stock,0,1
E05045,配当性向,stock,1,0
E05045,非財務指標,nonfin,0,1
E05048,SDGs,nonfin,1,0
E05048,営業利益,acc,1,0
E05048,営業利益率,ratio,1,0
E05048,売上高,acc,1,0
E05048,当期純利益,acc,0,1
E05048,経常利益,acc,1,0
E05048,経常利益率,ratio,1,0
E05048,脱炭素/温室効果ガス,nonfin,1,0
E05049,エンゲージメント,nonfin,1,0
E05049,営業利益,acc,0,1
E05049,営業利益率,ratio,1,0
E05049,売上高,acc,1,1
E05049,当期純利益,acc,0,1
E05049,株主還元率,stock,1,0
E05049,経常利益,acc,0,1
E05054,ROE,ratio,1,0
E05054,営業利益,acc,1,0
E05054,売上高,acc,1,0
E05054,経常利益,acc,1,1
E05054,自己資本比率,ratio,1,0
E05056,ESG,nonfin,1,1
E05056,ROE,ratio,1,0
E05056,営業利益,acc,0,1
E05056,営業利益率,ratio,1,0
E05056,売上高,acc,0,1
E05056,脱炭素/温室効果ガス,nonfin,1,0
E05062,ESG,nonfin,1,0
E05062,ROE,ratio,1,1
E05062,キャッシュフロー,acc,1,0
E05062,サステナビリティ,nonfin,1,1
E05062,営業利益,acc,1,1
E05062,営業利益率,ratio,1,0
E05062,売上収益,acc,1,0
E05062,当期純利益,acc,0,1
E05066,営業利益,acc,1,1
E05066,売上高,acc,1,0
E05066,当期純利益,acc,1,0
E05070,エンゲージメント,nonfin,1,0
E05070,サステナビリティ,nonfin,1,0
E05070,営業利益,acc,1,1
E05070,営業損益,acc,0,1
E05070,売上高,acc,1,0
E05070,経常利益率,ratio,1,0
E05072,DOE,stock,1,0
E05072,利益率,ratio,1,0
E05072,営業利益,acc,1,1
E05072,売上高,acc,1,0
E05080,ESG,nonfin,1,0
E05080,Non-GAAP営業利益,acc,1,0
E05080,サステナビリティ,nonfin,1,0
E05080,営業損益,acc,0,1
E05080,売上収益,acc,1,0
E05090,DOE,stock,1,0
E05090,PBR,stock,1,0
E05090,ROE,ratio,1,0
E05090,エンゲージメント,nonfin,1,0
E05090,サステナビリティ,nonfin,1,0
E05090,営業利益,acc,1,0
E05090,営業利益率,ratio,1,0
E05090,売上高,acc,1,0
E05090,売上高比,ratio,1,0
E05090,当期純利益,acc,1,0
E05090,経常利益,acc,1,1
E05090,配当性向,stock,1,0
E05090,非財務目標,nonfin,1,0
E05091,ROE,ratio,1,1
E05091,営業利益,acc,1,1
E05091,営業利益率,ratio,1,0
E05091,売上高,acc,1,1
E05091,経常利益,acc,0,1
E05091,配当性向,stock,1,0
E05099,ESG,nonfin,1,0
E05099,SDGs,nonfin,1,0
E05099,エンゲージメント,nonfin,1,1
E05099,営業利益,acc,1,1
E05099,営業利益率,ratio,1,0
E05099,売上高,acc,1,0
E05099,当期純利益率,ratio,1,0
E05099,脱炭素/温室効果ガス,nonfin,0,1
E05099,配当性向,stock,1,0
E05100,サステナビリティ,nonfin,1,0
E05100,売上総利益,acc,1,0
E05100,経常利益,acc,1,1
E05101,営業利益,acc,0,1
E05101,売上高,acc,0,1
E05101,経常利益率,ratio,1,0
E05112,キャッシュフロー,acc,1,0
E05112,営業利益,acc,1,1
E05116,売上高,acc,1,1
E05120,ROE,ratio,1,1
E05120,ROIC,ratio,1,0
E05120,エンゲージメント,nonfin,0,1
E05120,サステナビリティ,nonfin,1,0
E05120,営業利益,acc,1,1
E05120,営業利益率,ratio,1,0
E05120,売上高,acc,1,1
E05147,ESG,nonfin,1,1
E05147,ROE,ratio,1,1
E05147,エンゲージメント,nonfin,0,1
E05147,サステナビリティ,nonfin,1,1
E05147,フリーキャッシュフロー,acc,1,0
E05147,営業利益,acc,1,1
E05147,営業利益率,ratio,1,0
E05147,売上高,acc,1,1
E05147,当期純利益,acc,0,1
E05147,自己資本比率,ratio,1,0
E05147,配当性向,stock,1,0
E05149,EBITDA,acc,0,1
E05149,営業利益,acc,1,0
E05149,売上高,acc,1,0
E05149,当期純利益,acc,0,1
E05153,エンゲージメント,nonfin,1,0
E05153,営業利益率,ratio,1,0
E05153,売上収益,acc,1,0
E05153,売上高,acc,1,0
E05153,売上高比,ratio,1,0
E05153,当期純利益,acc,0,1
E05153,脱炭素/温室効果ガス,nonfin,1,0
E05153,非財務指標,nonfin,0,1
E05153,顧客満足度,nonfin,1,0
E05155,ROE,ratio,1,0
E05155,営業利益率,ratio,0,1
E05162,ESG外部評価,nonfin,0,1
E05162,ROE,ratio,1,0
E05162,営業利益率,ratio,1,1
E05162,売上高,acc,1,1
E05162,脱炭素/温室効果ガス,nonfin,0,1
E05162,非財務指標,nonfin,0,1
E05163,サステナビリティ,nonfin,1,0
E05163,営業利益,acc,1,0
E05163,売上高,acc,1,1
E05163,売上高比,ratio,1,0
E05168,TSR,stock,0,1
E05168,サステナビリティ,nonfin,0,1
E05168,営業利益,acc,1,1
E05168,売上高,acc,1,1
E05168,女性管理職比率,nonfin,0,1
E05169,経常利益,acc,0,1
E05169,経常利益率,ratio,1,0
E05169,脱炭素/温室効果ガス,nonfin,1,0
E05173,ROS,ratio,1,0
E05173,エンゲージメント,nonfin,1,0
E05173,キャッシュフロー,acc,1,0
E05173,利益率,ratio,1,0
E05173,営業利益,acc,1,0
E05173,売上高,acc,1,0
E05173,経常利益,acc,0,1
E05173,経常利益率,ratio,1,0
E05173,配当性向,stock,1,0
E05182,D/Eレシオ,ratio,1,0
E05182,ROE,ratio,1,0
E05182,利益率,ratio,1,0
E05182,営業利益,acc,1,1
E05182,売上高,acc,1,0
E05182,株主還元率,stock,1,0
E05183,ROE,ratio,1,0
E05183,営業利益,acc,1,1
E05183,営業利益率,ratio,1,0
E05183,当期純利益,acc,0,1
E05183,経常利益,acc,0,1
E05187,ROIC,ratio,1,0
E05187,WACC,ratio,1,0
E05187,サステナビリティ,nonfin,1,0
E05187,営業利益,acc,1,0
E05187,売上収益,acc,1,0
E05187,税引前利益,acc,0,1
E05191,ESG,nonfin,0,1
E05191,ROE,ratio,1,0
E05191,営業利益,acc,1,1
E05191,営業利益率,ratio,1,0
E05191,売上高,acc,1,0
E05199,EBITDA,acc,0,1
E05199,サステナビリティ,nonfin,1,0
E05199,営業利益,acc,1,1
E05199,売上収益,acc,1,0
E05205,エンゲージメント,nonfin,1,0
E05205,営業利益,acc,0,1
E05205,女性管理職比率,nonfin,1,0
E05205,株主還元率,stock,1,0
E05205,顧客満足度,nonfin,1,0
E05206,Non-GAAP営業利益,acc,1,1
E05206,営業利益,acc,0,1
E05206,当期純利益,acc,1,0
E05215,EBITDA,acc,1,0
E05215,ROE,ratio,1,0
E05215,エンゲージメント,nonfin,1,0
E05215,営業利益,acc,1,1
E05215,営業利益率,ratio,1,0
E05215,売上高,acc,1,1
E05215,売上高比,ratio,1,0
E05219,キャッシュフロー,acc,1,0
E05219,利益率,ratio,1,0
E05219,売上高,acc,1,0
E05219,当期純利益,acc,0,1
E05232,ROE,ratio,1,1
E05232,利益率,ratio,1,0
E05232,当期純利益,acc,0,1
E05232,当期純利益率,ratio,1,1
E05232,配当性向,stock,0,1
E05236,ROE,ratio,1,0
E05236,売上高,acc,1,1
E05236,当期純利益,acc,0,1
E05236,当期純利益率,ratio,1,0
E05236,経常利益,acc,0,1
E05238,ROE,ratio,1,0
E05238,当期純利益,acc,0,1
E05238,経常利益率,ratio,1,0
E05239,ESG,nonfin,1,0
E05239,ROE,ratio,1,0
E05239,SDGs,nonfin,1,0
E05239,サステナビリティ,nonfin,1,0
E05239,営業利益,acc,1,1
E05239,売上高,acc,1,0
E05239,配当性向,stock,1,0
E05242,ROE,ratio,1,1
E05242,キャッシュフロー,acc,1,0
E05242,営業利益,acc,1,1
E05242,時価総額,stock,1,0
E05264,ROE,ratio,1,0
E05264,サステナビリティ,nonfin,1,0
E05264,利益率,ratio,1,0
E05264,営業利益,acc,1,0
E05264,営業収益,acc,0,1
E05264,売上高,acc,1,0
E05264,経常利益,acc,0,1
E05264,自己資本比率,ratio,1,0
E05268,営業利益,acc,0,1
E05268,売上高,acc,1,0
E05274,ROE,ratio,1,0
E05274,営業利益,acc,1,0
E05274,経常利益,acc,0,1
E05278,売上高,acc,1,0
E05278,経常利益率,ratio,1,1
E05282,EPS,acc,1,1
E05282,営業利益,acc,1,1
E05282,営業利益率,ratio,1,0
E05282,売上高,acc,1,0
E05299,サステナビリティ,nonfin,1,0
E05299,リスクマネジメント,nonfin,1,0
E05299,営業利益,acc,1,0
E05299,売上高,acc,1,1
E05299,当期純利益,acc,1,0
E05304,ROE,ratio,1,1
E05304,キャッシュフロー,acc,1,0
E05304,サステナビリティ,nonfin,1,1
E05304,営業利益,acc,1,1
E05304,営業利益率,ratio,1,1
E05304,売上収益,acc,1,0
E05304,当期純利益,acc,0,1
E05304,配当性向,stock,1,0
E05306,ROE,ratio,1,0
E05306,SDGs,nonfin,1,0
E05306,サステナビリティ,nonfin,1,0
E05306,営業利益,acc,1,1
E05306,営業利益率,ratio,1,0
E05306,売上高,acc,1,1
E05306,当期純利益,acc,0,1
E05306,配当性向,stock,1,0
E05307,DOE,stock,1,0
E05307,売上高,acc,0,1
E05307,定性評価,nonfin,0,1
E05307,当期純利益,acc,0,1
E05307,経常利益,acc,0,1
E05309,ROE,ratio,1,0
E05309,サステナビリティ,nonfin,1,0
E05309,営業利益,acc,0,1
E05309,経常利益率,ratio,1,0
E05309,脱炭素/温室効果ガス,nonfin,1,0
E05310,EPS,acc,0,1
E05310,ROE,ratio,1,1
E05310,TSR,stock,0,1
E05310,エンゲージメント,nonfin,0,1
E05310,利益率,ratio,0,1
E05310,営業利益,acc,1,1
E05310,営業利益率,ratio,1,1
E05310,売上高,acc,1,1
E05310,時価総額,stock,0,1
E05310,非財務指標,nonfin,0,1
E05312,ROE,ratio,1,1
E05312,エンゲージメント,nonfin,1,0
E05312,サステナビリティ,nonfin,1,1
E05312,利益率,ratio,1,0
E05312,営業利益,acc,0,1
E05312,営業利益率,ratio,1,0
E05312,売上高,acc,1,0
E05312,当期純利益,acc,1,0
E05312,非財務目標,nonfin,1,1
E05313,ESG,nonfin,1,0
E05313,サステナビリティ,nonfin,1,0
E05313,営業利益,acc,1,0
E05313,売上総利益,acc,1,0
E05313,売上高,acc,1,0
E05313,当期純利益,acc,1,0
E05313,経常利益,acc,1,1
E05314,DOE,stock,1,1
E05314,ESG外部評価,nonfin,1,0
E05314,ROE,ratio,1,0
E05314,キャッシュフロー,acc,1,0
E05314,営業利益,acc,0,1
E05314,当期純利益,acc,1,1
E05314,経常利益,acc,0,1
E05314,脱炭素/温室効果ガス,nonfin,1,0
E05317,営業利益,acc,1,1
E05317,売上高,acc,1,0
E05320,キャッシュフロー,acc,1,0
E05320,営業利益,acc,0,1
E05326,営業利益,acc,1,0
E05326,売上高,acc,1,0
E05326,当期純利益率,ratio,1,0
E05326,経常利益,acc,1,1
E05332,ROE,ratio,1,1
E05332,利益率,ratio,1,0
E05332,営業利益,acc,0,1
E05332,営業利益率,ratio,1,0
E05332,売上高,acc,0,1
E05332,自己資本比率,ratio,1,0
E05332,配当性向,stock,1,0
E05346,ESG,nonfin,0,1
E05346,ROA,ratio,0,1
E05346,ROE,ratio,1,1
E05346,キャッシュフロー,acc,1,0
E05346,当期純利益,acc,1,1
E05346,株価成長率,stock,0,1
E05346,配当性向,stock,1,0
E05350,ROE,ratio,1,0
E05350,営業利益,acc,1,1
E05350,営業利益率,ratio,1,0
E05350,売上収益,acc,1,0
E05350,自己資本比率,ratio,1,0
E05350,配当性向,stock,1,0
E05356,営業利益,acc,0,1
E05356,営業利益率,ratio,1,0
E05356,売上高,acc,1,0
E05356,当期純利益,acc,0,1
E05361,ROE,ratio,1,0
E05361,ROIC,ratio,1,0
E05361,キャッシュフロー,acc,1,0
E05361,営業利益,acc,1,0
E05361,営業利益率,ratio,1,0
E05361,売上高,acc,1,1
E05361,経常利益,acc,0,1
E05361,自己資本比率,ratio,1,0
E05361,配当性向,stock,1,0
E05361,非財務目標,nonfin,1,0
E05368,EPS,acc,1,0
E05368,ESG,nonfin,1,0
E05368,ESG外部評価,nonfin,1,0
E05368,ROE,ratio,1,0
E05368,営業利益,acc,1,1
E05368,営業利益率,ratio,1,0
E05368,売上高,acc,1,1
E05368,配当性向,stock,1,0
E05381,EBITDA,acc,1,1
E05381,ROA,ratio,1,0
E05381,ROE,ratio,1,1
E05381,売上高,acc,0,1
E05381,当期純利益,acc,0,1
E05400,営業利益,acc,0,1
E05400,営業利益率,ratio,1,1
E05400,売上高,acc,1,1
E05400,当期純利益,acc,1,1
E05400,経常利益,acc,0,1
E05407,DOE,stock,1,0
E05407,ROE,ratio,1,0
E05407,サステナビリティ,nonfin,1,0
E05407,営業利益,acc,0,1
E05407,配当性向,stock,1,0
E05410,ESG,nonfin,1,0
E05410,ROE,ratio,1,0
E05410,サステナビリティ,nonfin,1,0
E05410,営業利益,acc,1,1
E05410,売上総利益,acc,1,0
E05410,当期純利益,acc,1,1
E05410,経常利益,acc,0,1
E05411,利益率,ratio,1,0
E05411,売上収益,acc,0,1
E05413,EBITDA,acc,1,1
E05413,ROIC,ratio,1,1
E05413,TSR,stock,0,1
E05413,キャッシュフロー,acc,1,0
E05413,サステナビリティ,nonfin,1,0
E05413,売上高,acc,0,1
E05413,売上高比,ratio,1,0
E05413,当期純利益,acc,0,1
E05413,株価成長率,stock,0,1
E05425,ROE,ratio,1,0
E05425,キャッシュフロー,acc,1,0
E05425,営業利益,acc,0,1
E05425,当期純利益,acc,0,1
E05425,当期純利益率,ratio,1,0
E05426,PBR,stock,0,1
E05426,ROA,ratio,1,1
E05426,ROE,ratio,1,1
E05426,TSR,stock,0,1
E05426,サステナビリティ,nonfin,0,1
E05426,売上総利益,acc,0,1
E05426,当期純利益,acc,0,1
E05426,経常利益,acc,0,1
E05426,自己資本比率,ratio,1,0
E05438,ROA,ratio,0,1
E05438,ROE,ratio,0,1
E05438,定性評価,nonfin,0,1
E05438,経常利益,acc,0,1
E05438,自己資本比率,ratio,0,1
E05438,非財務目標,nonfin,1,0
E05450,ROE,ratio,1,0
E05450,営業利益,acc,0,1
E05456,ROE,ratio,1,0
E05456,ROIC,ratio,1,0
E05456,キャッシュフロー,acc,1,0
E05456,営業利益,acc,1,0
E05456,営業利益率,ratio,1,0
E05456,売上高,acc,1,0
E05456,当期純利益,acc,0,1
E05456,当期純利益率,ratio,1,0
E05458,DOE,stock,1,0
E05458,営業利益,acc,1,0
E05458,売上高,acc,1,1
E05458,当期純利益,acc,1,0
E05458,時価総額,stock,0,1
E05458,経常利益,acc,1,1
E05458,配当性向,stock,1,0
E05460,EPS,acc,1,0
E05460,ROE,ratio,1,0
E05460,営業利益,acc,1,1
E05460,売上収益,acc,1,1
E05460,定性評価,nonfin,0,1
E05460,当期純利益,acc,0,1
E05462,ROA,ratio,0,1
E05462,SDGs,nonfin,1,0
E05462,エンゲージメント,nonfin,0,1
E05462,サステナビリティ,nonfin,1,0
E05462,当期純利益,acc,0,1
E05462,非財務指標,nonfin,0,1
E05462,非財務目標,nonfin,1,0
E05463,営業利益,acc,0,1
E05463,営業利益率,ratio,1,1
E05463,売上収益,acc,1,1
E05466,受注高,nonfin,0,1
E05466,営業利益,acc,0,1
E05466,売上総利益,acc,0,1
E05466,売上高,acc,1,1
E05466,当期純利益,acc,0,1
E05466,経常利益,acc,1,0
E05466,経常利益率,ratio,1,0
E05471,DOE,stock,1,0
E05471,EBITDA,acc,1,0
E05471,ROE,ratio,1,0
E05471,営業利益,acc,1,1
E05471,営業利益率,ratio,0,1
E05471,売上高,acc,1,0
E05471,当期純利益,acc,0,1
E05476,キャッシュフロー,acc,1,1
E05476,サステナビリティ,nonfin,1,0
E05476,営業利益,acc,1,1
E05476,売上収益,acc,1,1
E05476,当期純利益,acc,0,1
E05476,脱炭素/温室効果ガス,nonfin,1,0
E05480,ESG,nonfin,0,1
E05480,ROE,ratio,1,1
E05480,エンゲージメント,nonfin,0,1
E05480,営業利益,acc,1,1
E05480,営業利益率,ratio,1,0
E05480,売上収益,acc,1,0
E05480,売上総利益率,ratio,1,0
E05480,売上高,acc,1,1
E05480,売上高成長率,acc,1,0
E05480,時価総額,stock,0,1
E05492,ROE,ratio,1,0
E05492,当期純利益,acc,0,1
E05492,自己資本比率,ratio,1,0
E05493,ROE,ratio,1,0
E05493,ROIC,ratio,1,0
E05493,営業利益,acc,1,1
E05493,営業利益率,ratio,1,0
E05493,売上高,acc,1,0
E05498,EBITDA,acc,1,0
E05498,ROE,ratio,1,0
E05498,サステナビリティ,nonfin,1,0
E05498,営業利益,acc,1,1
E05498,売上高,acc,1,0
E05498,自己資本比率,ratio,1,0
E05504,SDGs,nonfin,1,0
E05504,利益率,ratio,1,0
E05504,営業利益,acc,0,1
E05504,売上高,acc,0,1
E05504,当期純利益,acc,0,1
E05504,経常利益,acc,0,1
E05504,経常利益率,ratio,1,0
E05505,DOE,stock,1,0
E05505,ROE,ratio,1,0
E05505,利益率,ratio,1,0
E05505,営業利益,acc,1,1
E05505,営業利益率,ratio,1,0
E05505,売上高,acc,1,0
E05505,時価総額,stock,1,0
E05514,ESG,nonfin,1,0
E05514,ROE,ratio,1,1
E05514,SDGs,nonfin,1,0
E05514,リスクマネジメント,nonfin,1,0
E05514,営業利益,acc,1,1
E05514,売上高,acc,1,1
E05514,当期純利益,acc,0,1
E05516,営業利益率,ratio,1,0
E05516,経常利益,acc,0,1
E05517,EBITDA,acc,1,1
E05517,キャッシュフロー,acc,1,0
E05517,サステナビリティ,nonfin,1,0
E05517,自己資本比率,ratio,1,0
E05521,経常利益,acc,1,1
E05528,ESG,nonfin,1,0
E05528,エンゲージメント,nonfin,1,0
E05528,経常利益,acc,0,1
E05533,DOE,stock,1,0
E05533,ROE,ratio,1,0
E05533,営業利益,acc,1,1
E05539,サステナビリティ,nonfin,1,0
E05539,営業利益,acc,0,1
E05545,ROE,ratio,1,0
E05545,売上高,acc,1,1
E05545,経常利益,acc,0,1
E05545,経常利益率,ratio,1,0
E05545,顧客満足度,nonfin,0,1
E05550,サステナビリティ,nonfin,1,0
E05550,営業利益,acc,1,0
E05550,売上高,acc,1,0
E05550,売上高比,ratio,1,0
E05550,当期純利益,acc,1,1
E05550,経常利益,acc,1,1
E05550,自己資本比率,ratio,1,0
E05553,営業利益,acc,1,1
E05553,営業利益率,ratio,1,0
E05553,売上高,acc,1,0
E05553,当期純利益,acc,1,0
E05553,自己資本比率,ratio,1,0
E05555,サステナビリティ,nonfin,1,0
E05555,営業利益,acc,1,0
E05555,売上収益,acc,1,0
E05555,税引前利益,acc,0,1
E05555,経常利益,acc,0,1
E05555,配当性向,stock,1,0
E05561,サステナビリティ,nonfin,1,0
E05561,売上高,acc,0,1
E05561,定性評価,nonfin,0,1
E05561,当期純利益,acc,0,1
E05563,EBITDA,acc,0,1
E05563,ROE,ratio,1,0
E05563,サステナビリティ,nonfin,1,0
E05563,営業利益,acc,0,1
E05563,営業利益率,ratio,1,0
E05563,限界利益率,ratio,1,0
E05576,利益率,ratio,1,0
E05576,営業利益,acc,0,1
E05578,営業利益率,ratio,1,1
E05579,ROE,ratio,1,0
E05579,利益率,ratio,1,0
E05579,営業利益,acc,1,1
E05579,売上高,acc,1,0
E05579,当期純利益,acc,1,0
E05584,営業利益,acc,1,1
E05584,営業利益率,ratio,1,0
E05584,売上総利益率,ratio,1,0
E05584,売上高,acc,1,1
E05592,EPS,acc,1,0
E05592,売上高,acc,0,1
E05617,EBITDA,acc,1,0
E05617,ROE,ratio,0,1
E05617,営業利益,acc,0,1
E05617,売上高,acc,1,1
E05617,当期純利益,acc,0,1
E05623,ROE,ratio,1,0
E05623,営業利益,acc,1,1
E05623,売上高,acc,1,1
E05625,ESG,nonfin,0,1
E05625,PBR,stock,1,0
E05625,ROE,ratio,1,0
E05625,ROI,ratio,1,0
E05625,TSR,stock,0,1
E05625,WACC,ratio,1,0
E05625,エンゲージメント,nonfin,1,0
E05625,利益率,ratio,1,0
E05625,営業利益,acc,1,0
E05625,営業利益率,ratio,1,0
E05625,売上総利益,acc,1,0
E05625,売上高,acc,1,0
E05625,女性役員比率,nonfin,0,1
E05625,女性管理職比率,nonfin,0,1
E05625,当期純利益,acc,1,1
E05625,脱炭素/温室効果ガス,nonfin,0,1
E05625,配当性向,stock,1,0
E05625,非財務指標,nonfin,0,1
E05627,営業利益,acc,1,1
E05627,売上高,acc,1,1
E05627,経常利益,acc,1,0
E05629,リスクマネジメント,nonfin,1,0
E05629,営業利益,acc,1,0
E05629,売上高,acc,1,1
E05629,経常利益,acc,1,1
E05640,EPS,acc,1,0
E05640,ROE,ratio,1,0
E05640,営業利益,acc,1,0
E05640,売上総利益,acc,1,0
E05640,売上総利益率,ratio,1,0
E05640,売上高,acc,1,0
E05640,当期純利益,acc,1,1
E05640,経常利益,acc,1,1
E05640,配当性向,stock,1,0
E05643,EPS,acc,1,0
E05643,ROIC,ratio,1,0
E05643,WACC,ratio,1,0
E05643,エンゲージメント,nonfin,1,0
E05643,サステナビリティ,nonfin,1,0
E05643,事業利益,acc,1,0
E05643,利益率,ratio,1,0
E05643,営業利益,acc,1,1
E05643,営業利益率,ratio,1,0
E05643,売上総利益,acc,1,0
E05643,売上高,acc,1,1
E05643,当期純利益,acc,0,1
E05643,経常利益,acc,0,1
E05643,配当性向,stock,1,0
E05647,売上高,acc,1,0
E05647,経常利益,acc,1,1
E05647,経常利益率,ratio,1,0
E05648,EPS,acc,0,1
E05648,エンゲージメント,nonfin,1,0
E05648,営業利益,acc,0,1
E05648,売上高,acc,1,1
E05648,経常利益,acc,1,0
E05648,経常利益率,ratio,1,0
E05659,サステナビリティ,nonfin,1,0
E05659,売上高,acc,1,0
E05659,経常利益,acc,1,1
E05663,DOE,stock,1,0
E05663,ROE,ratio,1,0
E05663,TSR,stock,0,1
E05663,サステナビリティ,nonfin,1,0
E05663,営業利益,acc,1,1
E05663,売上総利益,acc,1,0
E05663,売上高,acc,1,1
E05663,当期純利益,acc,1,1
E05663,株価成長率,stock,0,1
E05663,脱炭素/温室効果ガス,nonfin,1,0
E05663,調整後利益額,acc,0,1
E05665,ROE,ratio,1,0
E05665,ROIC,ratio,1,0
E05665,経常利益,acc,1,1
E05665,配当性向,stock,1,0
E05677,EBITDA,acc,1,0
E05677,営業利益,acc,1,1
E05677,売上高,acc,1,1
E05677,当期純利益,acc,0,1
E05678,サステナビリティ,nonfin,1,0
E05678,リスクマネジメント,nonfin,1,0
E05678,営業利益,acc,0,1
E05678,売上高,acc,1,1
E05678,当期純利益,acc,0,1
E05679,PBR,stock,1,0
E05679,ROIC,ratio,1,0
E05679,TSR,stock,0,1
E05679,営業収益,acc,1,0
E05679,売上高,acc,1,1
E05679,株価成長率,stock,0,1
E05679,経常利益,acc,1,1
E05686,EBITDA,acc,1,0
E05686,EPS,acc,1,0
E05686,営業利益,acc,1,1
E05686,売上収益,acc,1,0
E05686,当期純利益,acc,1,0
E05686,非財務指標,nonfin,1,0
E05688,DOE,stock,1,0
E05688,EBITDA,acc,1,0
E05688,ROE,ratio,1,0
E05688,営業利益,acc,0,1
E05688,売上高,acc,1,1
E05688,定性評価,nonfin,0,1
E05695,エンゲージメント,nonfin,0,1
E05695,営業利益,acc,1,1
E05695,営業利益率,ratio,1,0
E05695,売上収益,acc,1,0
E05695,売上高,acc,1,0
E05695,配当性向,stock,1,0
E05695,非財務指標,nonfin,0,1
E05698,EPS,acc,1,0
E05698,エンゲージメント,nonfin,1,0
E05698,営業利益,acc,1,0
E05698,売上総利益,acc,1,0
E05698,売上高,acc,1,0
E05698,当期純利益,acc,1,1
E05698,配当性向,stock,1,0
E05699,EBITDA,acc,1,0
E05699,営業利益,acc,0,1
E05699,売上収益,acc,1,0
E05699,売上高,acc,1,0
E05699,配当性向,stock,1,0
E05706,ESG,nonfin,1,0
E05706,ROE,ratio,1,1
E05706,サステナビリティ,nonfin,1,0
E05706,営業利益,acc,1,1
E05706,売上高,acc,1,1
E05706,当期純利益,acc,1,0
E05706,脱炭素/温室効果ガス,nonfin,1,0
E05714,ROE,ratio,1,1
E05714,TSR,stock,0,1
E05714,エンゲージメント,nonfin,0,1
E05714,サステナビリティ,nonfin,0,1
E05714,修正純利益,acc,1,1
E05714,定性評価,nonfin,0,1
E05714,当期純利益,acc,1,0
E05714,税引前利益,acc,0,1
E05716,EBITDA,acc,1,0
E05716,EVA,acc,1,0
E05716,ROIC,ratio,1,0
E05716,WACC,ratio,1,0
E05716,売上総利益率,ratio,1,0
E05716,売上高,acc,1,1
E05716,時価総額,stock,1,1
E05717,営業利益率,ratio,1,0
E05717,当期純利益,acc,0,1
E05725,DOE,stock,1,0
E05725,EBITA,acc,1,0
E05725,EBITDA,acc,1,0
E05725,EPS,acc,1,0
E05725,ESG,nonfin,1,1
E05725,ESG外部評価,nonfin,0,1
E05725,PBR,stock,1,0
E05725,PER,stock,1,0
E05725,ROA,ratio,1,0
E05725,ROE,ratio,1,0
E05725,キャッシュフロー,acc,1,0
E05725,サステナビリティ,nonfin,1,0
E05725,営業利益,acc,1,1
E05725,営業利益率,ratio,1,0
E05725,売上総利益,acc,1,0
E05725,売上総利益率,ratio,1,0
E05725,売上高,acc,1,0
E05725,当期純利益,acc,1,0
E05725,当期純利益率,ratio,1,0
E05725,時価総額,stock,1,0
E05725,株主還元率,stock,1,0
E05725,株価成長率,stock,0,1
E05725,経常利益,acc,1,0
E05725,経常利益率,ratio,1,0
E05725,自己資本比率,ratio,1,0
E05725,配当性向,stock,1,0
E05727,ROE,ratio,1,0
E05727,ROI,ratio,1,0
E05727,エンゲージメント,nonfin,1,0
E05727,営業利益,acc,1,1
E05727,営業利益率,ratio,1,0
E05727,売上収益,acc,1,1
E05727,売上総利益,acc,1,0
E05727,売上総利益率,ratio,1,0
E05727,当期純利益,acc,1,0
E05729,PBR,stock,1,0
E05729,ROE,ratio,1,0
E05729,SDGs,nonfin,1,0
E05729,営業利益,acc,0,1
E05729,売上高,acc,1,0
E05729,当期純利益,acc,0,1
E05729,経常利益率,ratio,1,0
E05736,営業利益,acc,0,1
E05736,営業利益率,ratio,1,0
E05736,売上総利益率,ratio,1,0
E05736,売上高,acc,1,0
E05736,当期純利益,acc,0,1
E05739,DJSI,nonfin,0,1
E05739,EPS,acc,1,1
E05739,ROE,ratio,1,0
E05739,ROIC,ratio,1,0
E05739,TSR,stock,0,1
E05739,エンゲージメント,nonfin,1,0
E05739,サステナビリティ,nonfin,1,0
E05739,事業利益,acc,1,0
E05739,営業利益,acc,1,1
E05739,営業利益率,ratio,1,0
E05739,売上高,acc,1,1
E05739,株主還元率,stock,1,0
E05739,非財務指標,nonfin,0,1
E06141,ESG,nonfin,1,1
E06141,ESG外部評価,nonfin,1,0
E06141,ROE,ratio,0,1
E06141,TSR,stock,0,1
E06141,エンゲージメント,nonfin,1,1
E06141,サステナビリティ,nonfin,1,1
E06141,フリーキャッシュフロー,acc,0,1
E06141,脱炭素/温室効果ガス,nonfin,0,1
E06141,顧客満足度,nonfin,0,1
E07801,EBITDA,acc,1,1
E07801,ESG外部評価,nonfin,1,0
E07801,ROE,ratio,1,0
E07801,サステナビリティ,nonfin,1,0
E07801,売上収益,acc,1,0
E07801,売上総利益,acc,1,0
E07801,売上総利益率,ratio,1,0
E07801,女性管理職比率,nonfin,1,0
E07801,脱炭素/温室効果ガス,nonfin,1,0
E09753,EPS,acc,1,1
E09753,ROE,ratio,1,1
E09753,エンゲージメント,nonfin,1,1
E09753,営業利益,acc,1,0
E09753,営業収益,acc,1,0
E09753,当期純利益,acc,1,0
E09753,経常利益,acc,1,1
E10737,売上高,acc,1,0
E10737,経常利益,acc,0,1
E11661,ROE,ratio,1,0
E11661,経常利益,acc,0,1
E11873,D/Eレシオ,ratio,1,0
E11873,EBITDA,acc,1,0
E11873,ROE,ratio,1,0
E11873,ROIC,ratio,1,0
E11873,エンゲージメント,nonfin,1,1
E11873,利益率,ratio,1,0
E11873,営業利益,acc,1,1
E11873,営業利益率,ratio,1,0
E11873,売上高,acc,1,1
E11873,売上高比,ratio,1,0
E11873,脱炭素/温室効果ガス,nonfin,1,1
E15690,エンゲージメント,nonfin,1,0
E15690,フリーキャッシュフロー,acc,0,1
E15690,営業利益,acc,0,1
E15690,営業損益,acc,0,1
E15690,定性評価,nonfin,0,1
E20385,EBITDA,acc,1,0
E20385,ESG,nonfin,1,0
E20385,PBR,stock,0,1
E20385,ROE,ratio,1,0
E20385,営業利益,acc,1,0
E20385,当期純利益,acc,1,1
E20385,経常利益,acc,1,1
E20870,ROE,ratio,1,0
E20870,エンゲージメント,nonfin,1,0
E20870,利益率,ratio,1,0
E20870,営業利益率,ratio,1,0
E20870,売上収益,acc,1,0
E20870,当期純利益,acc,1,1
E20870,当期純利益率,ratio,1,0
E21122,EBITDA,acc,1,1
E21122,ROE,ratio,1,0
E21122,SDGs,nonfin,1,0
E21122,営業利益,acc,0,1
E21122,配当性向,stock,1,0
E21183,EPS,acc,0,1
E21183,ESG,nonfin,0,1
E21183,ESG外部評価,nonfin,0,1
E21183,ROE,ratio,1,0
E21183,ROIC,ratio,1,1
E21183,TSR,stock,0,1
E21183,WACC,ratio,0,1
E21183,キャッシュフロー,acc,0,1
E21183,サステナビリティ,nonfin,0,1
E21183,事業利益,acc,1,1
E21183,営業利益,acc,0,1
E21183,売上収益,acc,1,1
E21183,売上総利益,acc,1,0
E21183,当期純利益,acc,0,1
E21183,非財務指標,nonfin,0,1
E21187,ESG,nonfin,0,1
E21187,ROE,ratio,1,0
E21187,TSR,stock,0,1
E21187,営業利益,acc,1,1
E21187,当期純利益率,ratio,1,0
E21258,ROE,ratio,1,1
E21258,営業利益率,ratio,1,0
E21258,売上高,acc,1,0
E21258,当期純利益,acc,0,1
E21258,経常利益,acc,0,1
E21261,EBITDA,acc,1,1
E21261,EPS,acc,1,0
E21261,ROE,ratio,1,0
E21261,ROIC,ratio,1,1
E21261,TSR,stock,0,1
E21261,エンゲージメント,nonfin,0,1
E21261,サステナビリティ,nonfin,1,0
E21261,営業利益,acc,1,0
E21261,売上収益,acc,1,0
E21261,売上高,acc,0,1
E21261,女性管理職比率,nonfin,0,1
E21261,当期純利益,acc,1,0
E21261,時価総額,stock,0,1
E21261,配当性向,stock,1,0
E21261,非財務指標,nonfin,0,1
E21320,ESG,nonfin,1,1
E21320,ROE,ratio,1,1
E21320,ROIC,ratio,1,1
E21320,サステナビリティ,nonfin,1,0
E21320,フリーキャッシュフロー,acc,0,1
E21320,事業利益率,ratio,1,1
E21320,売上収益,acc,0,1
E21320,定性評価,nonfin,0,1
E21320,株主還元率,stock,1,0
E21320,脱炭素/温室効果ガス,nonfin,1,1
E21342,ROE,ratio,1,0
E21342,営業利益,acc,1,1
E21342,売上総利益,acc,1,0
E21342,当期純利益,acc,1,1
E21342,経常利益,acc,1,1
E21342,配当性向,stock,1,0
E21381,ESG外部評価,nonfin,1,0
E21381,ROE,ratio,1,0
E21381,ROIC,ratio,1,0
E21381,サステナビリティ,nonfin,1,0
E21381,営業利益,acc,1,1
E21606,ROE,ratio,1,0
E21606,サステナビリティ,nonfin,1,0
E21606,営業利益,acc,0,1
E21606,売上高,acc,1,0
E21606,経常利益率,ratio,1,0
E21649,ROE,ratio,1,0
E21649,ROIC,ratio,1,0
E21649,当期純利益,acc,0,1
E21706,EPS,acc,1,0
E21706,PER,stock,1,0
E21706,営業利益,acc,0,1
E21706,売上高,acc,1,1
E21706,当期純利益,acc,1,1
E21706,自己資本比率,ratio,1,0
E21815,利益率,ratio,1,0
E21815,当期純利益,acc,0,1
E21902,ESG,nonfin,1,1
E21902,ROE,ratio,1,1
E21902,ROIC,ratio,1,1
E21902,キャッシュフロー,acc,1,0
E21902,サステナビリティ,nonfin,1,0
E21902,営業利益,acc,1,1
E21902,営業利益率,ratio,1,0
E21902,売上高,acc,1,0
E21902,売上高比,ratio,1,0
E21902,株主還元率,stock,1,0
E21902,脱炭素/温室効果ガス,nonfin,1,0
E21902,顧客満足度,nonfin,1,0
E21955,ROE,ratio,1,1
E21955,サステナビリティ,nonfin,1,0
E21955,営業利益,acc,1,1
E21955,売上高,acc,1,0
E21955,当期純利益,acc,1,0
E21955,株主還元率,stock,1,0
E21955,配当性向,stock,1,0
E22012,TSR,stock,0,1
E22012,営業利益,acc,1,1
E22012,売上高,acc,1,1
E22012,時価総額,stock,0,1
E22042,営業利益,acc,1,1
E22440,DOE,stock,1,0
E22440,ROE,ratio,1,1
E22440,ROIC,ratio,1,0
E22440,キャッシュフロー,acc,1,0
E22440,コア営業利益率,ratio,1,0
E22440,サステナビリティ,nonfin,1,0
E22440,フリーキャッシュフロー,acc,1,0
E22440,営業利益,acc,1,1
E22440,売上高,acc,1,0
E22440,当期純利益,acc,1,0
E22440,株主還元率,stock,1,0
E22440,配当性向,stock,1,0
E22460,サステナビリティ,nonfin,1,0
E22460,営業利益,acc,1,1
E22460,営業利益率,ratio,1,0
E22460,当期純利益,acc,0,1
E22460,経常利益,acc,0,1
E22547,営業利益,acc,1,1
E22560,ROE,ratio,1,1
E22560,営業利益,acc,1,1
E22560,売上高,acc,1,1
E22560,売上高比,ratio,1,0
E22560,当期純利益,acc,0,1
E22995,ESG,nonfin,1,0
E22995,SDGs,nonfin,1,0
E22995,利益率,ratio,1,0
E22995,当期純利益,acc,0,1
E22995,株価成長率,stock,0,1
E23202,D/Eレシオ,ratio,1,0
E23202,EBITDA,acc,0,1
E23202,ESG,nonfin,0,1
E23202,ROE,ratio,1,1
E23202,エンゲージメント,nonfin,0,1
E23202,キャッシュフロー,acc,1,0
E23202,サステナビリティ,nonfin,1,0
E23202,利益率,ratio,1,0
E23202,営業利益,acc,1,1
E23202,脱炭素/温室効果ガス,nonfin,0,1
E23202,配当性向,stock,1,0
E23250,ROE,ratio,1,0
E23250,TSR,stock,0,1
E23250,エンゲージメント,nonfin,1,0
E23250,コア業務純益,acc,0,1
E23250,サステナビリティ,nonfin,1,0
E23250,ソリューション件数,nonfin,1,1
E23250,営業収益,acc,1,0
E23250,当期純利益,acc,1,0
E23250,自己資本比率,ratio,1,1
E23288,エンゲージメント,nonfin,1,0
E23288,サステナビリティ,nonfin,1,0
E23288,営業利益,acc,0,1
E23288,営業利益率,ratio,1,0
E23288,売上総利益率,ratio,1,0
E23288,売上高,acc,1,0
E23288,経常利益率,ratio,1,0
E23479,DOE,stock,1,0
E23479,PBR,stock,1,0
E23479,ROE,ratio,1,0
E23479,営業利益,acc,0,1
E23479,売上高,acc,0,1
E23492,ROE,ratio,1,1
E23492,サステナビリティ,nonfin,1,0
E23492,再生可能エネルギー,nonfin,1,0
E23492,営業利益,acc,0,1
E23492,売上高,acc,1,1
E23492,当期純利益,acc,0,1
E23492,経常利益,acc,1,1
E23492,経常利益率,ratio,0,1
E23492,脱炭素/温室効果ガス,nonfin,1,0
E23492,非財務指標,nonfin,0,1
E23820,ROE,ratio,1,0
E23820,コア業務純益,acc,0,1
E23820,サステナビリティ,nonfin,1,0
E23820,当期純利益,acc,1,1
E23820,自己資本比率,ratio,1,0
E23924,EPS,acc,1,0
E23924,ROE,ratio,1,1
E23924,TSR,stock,0,1
E23924,エンゲージメント,nonfin,0,1
E23924,売上高,acc,1,1
E23924,定性評価,nonfin,0,1
E24050,PBR,stock,1,0
E24050,ROE,ratio,1,0
E24050,ROIC,ratio,0,1
E24050,TSR,stock,0,1
E24050,営業利益,acc,1,0
E24050,売上高,acc,1,0
E24050,当期純利益,acc,1,1
E24050,株主還元率,stock,1,0
E24073,ROE,ratio,0,1
E24073,エンゲージメント,nonfin,0,1
E24073,経常利益,acc,1,1
E24073,配当性向,stock,1,0
E24187,DOE,stock,1,0
E24187,EBITDA,acc,1,0
E24187,PBR,stock,1,0
E24187,ROE,ratio,1,1
E24187,ROIC,ratio,1,0
E24187,エンゲージメント,nonfin,1,0
E24187,利益率,ratio,1,0
E24187,営業利益,acc,0,1
E24187,営業利益率,ratio,0,1
E24187,売上高,acc,1,0
E24187,当期純利益,acc,0,1
E24392,営業利益,acc,0,1
E24392,営業利益率,ratio,1,0
E24392,売上高,acc,1,1
E24457,ROE,ratio,1,0
E24457,キャッシュフロー,acc,1,0
E24457,営業利益,acc,0,1
E24457,営業利益率,ratio,1,0
E24457,売上高,acc,1,1
E24512,ESG,nonfin,1,0
E24512,PBR,stock,1,0
E24512,ROE,ratio,1,0
E24512,エンゲージメント,nonfin,1,0
E24512,利益率,ratio,1,0
E24512,営業利益,acc,1,1
E24512,営業利益率,ratio,1,1
E24512,売上高,acc,1,1
E24512,当期純利益,acc,1,0
E24512,経常利益,acc,1,0
E24512,配当性向,stock,1,0
E24536,サステナビリティ,nonfin,1,0
E24536,営業利益,acc,0,1
E24536,当期純利益,acc,0,1
E24545,ROE,ratio,1,0
E24545,SDGs,nonfin,1,0
E24545,サステナビリティ,nonfin,1,0
E24545,営業利益,acc,0,1
E24545,売上高,acc,0,1
E24545,当期純利益,acc,0,1
E24545,株主還元率,stock,1,0
E24545,脱炭素/温室効果ガス,nonfin,1,0
E24545,配当性向,stock,1,0
E24558,EBITDA,acc,1,1
E24558,EPS,acc,1,0
E24558,ESG,nonfin,1,1
E24558,ROE,ratio,1,1
E24558,サステナビリティ,nonfin,1,0
E24558,営業利益,acc,1,1
E24558,売上高,acc,1,0
E24558,脱炭素/温室効果ガス,nonfin,1,0
E24558,非財務目標,nonfin,1,0
E24753,DOE,stock,1,0
E24753,キャッシュフロー,acc,1,0
E24753,サステナビリティ,nonfin,1,0
E24753,利益率,ratio,1,0
E24753,営業利益率,ratio,1,0
E24753,売上高,acc,1,0
E24753,当期純利益,acc,0,1
E24753,配当性向,stock,1,1
E24951,ROE,ratio,1,1
E24951,キャッシュフロー,acc,0,1
E24951,サステナビリティ,nonfin,1,0
E24951,営業利益,acc,0,1
E24951,営業利益率,ratio,1,0
E24951,売上高,acc,1,1
E24951,当期純利益,acc,0,1
E24951,配当性向,stock,1,0
E24951,顧客満足度,nonfin,1,0
E24994,ESG,nonfin,1,0
E24994,ROE,ratio,1,0
E24994,ROIC,ratio,1,0
E24994,SDGs,nonfin,1,0
E24994,WACC,ratio,1,0
E24994,サステナビリティ,nonfin,1,0
E24994,営業利益率,ratio,1,0
E24994,当期純利益,acc,0,1
E25148,ESG,nonfin,1,0
E25148,ROE,ratio,1,0
E25148,ROIC,ratio,1,0
E25148,エンゲージメント,nonfin,1,0
E25148,サステナビリティ,nonfin,1,0
E25148,営業利益,acc,1,0
E25148,売上高,acc,1,0
E25148,当期純利益,acc,1,0
E25148,経常利益,acc,1,1
E25148,自己資本比率,ratio,1,0
E25165,ESG,nonfin,0,1
E25165,ROE,ratio,1,0
E25165,ROIC,ratio,1,0
E25165,エンゲージメント,nonfin,1,1
E25165,事業利益,acc,1,0
E25165,営業利益,acc,1,1
E25165,売上高,acc,1,0
E25165,当期純利益,acc,1,0
E25165,株主還元率,stock,1,0
E25165,経常利益,acc,1,0
E25165,脱炭素/温室効果ガス,nonfin,1,1
E25165,自己資本比率,ratio,1,0
E25165,配当性向,stock,1,0
E25234,サステナビリティ,nonfin,1,0
E25234,利益率,ratio,1,0
E25234,営業利益,acc,1,1
E25234,売上総利益率,ratio,1,0
E25234,売上高,acc,1,1
E25234,当期純利益,acc,0,1
E25234,経常利益,acc,0,1
E25263,ROE,ratio,1,0
E25263,営業利益,acc,1,1
E25263,営業利益率,ratio,1,0
E25263,売上高,acc,1,0
E25303,EBITDA,acc,1,0
E25303,ROIC,ratio,1,0
E25303,WACC,ratio,1,0
E25303,サステナビリティ,nonfin,1,1
E25303,フリーキャッシュフロー,acc,1,0
E25303,営業利益,acc,0,1
E25303,売上高,acc,0,1
E25303,当期純利益,acc,0,1
E25303,自己資本比率,ratio,1,0
E25386,営業利益,acc,1,1
E25551,EPS,acc,1,0
E25551,ROE,ratio,1,0
E25551,サステナビリティ,nonfin,1,0
E25551,営業利益,acc,1,1
E25551,営業利益率,ratio,1,0
E25551,売上高,acc,1,1
E25648,DOE,stock,1,0
E25648,ESG,nonfin,0,1
E25648,ROE,ratio,1,1
E25648,ROIC,ratio,1,0
E25648,エンゲージメント,nonfin,0,1
E25648,サステナビリティ,nonfin,1,0
E25648,利益率,ratio,1,0
E25648,営業利益,acc,1,0
E25648,売上収益,acc,1,0
E25648,女性管理職比率,nonfin,0,1
E25648,当期純利益,acc,1,1
E25648,当期純利益率,ratio,1,0
E25648,脱炭素/温室効果ガス,nonfin,1,1
E25648,配当性向,stock,1,0
E25850,TSR,stock,0,1
E25850,キャッシュフロー,acc,1,0
E25850,サステナビリティ,nonfin,1,0
E25850,営業利益,acc,1,1
E25850,売上収益,acc,1,1
E26061,DOE,stock,1,0
E26061,ROE,ratio,1,0
E26061,ROIC,ratio,1,0
E26061,サステナビリティ,nonfin,1,0
E26061,営業利益,acc,1,1
E26061,営業利益率,ratio,1,0
E26061,売上高,acc,1,1
E26061,当期純利益,acc,0,1
E26082,ESG,nonfin,1,0
E26082,ROIC,ratio,1,0
E26082,キャッシュフロー,acc,1,0
E26082,営業利益,acc,0,1
E26082,売上高,acc,1,0
E26082,時価総額,stock,1,0
E26084,ESG,nonfin,1,0
E26084,売上高,acc,1,0
E26084,当期純利益,acc,0,1
E26086,ESG,nonfin,1,0
E26086,キャッシュフロー,acc,1,0
E26086,サステナビリティ,nonfin,1,0
E26086,利益率,ratio,1,0
E26086,営業利益,acc,1,0
E26086,売上高,acc,1,0
E26086,経常利益,acc,1,1
E26124,サステナビリティ,nonfin,1,0
E26124,リスクマネジメント,nonfin,1,0
E26124,営業利益,acc,1,1
E26124,営業利益率,ratio,1,0
E26290,ROE,ratio,1,0
E26290,サステナビリティ,nonfin,1,0
E26290,営業利益,acc,1,0
E26290,売上高,acc,1,1
E26290,当期純利益,acc,0,1
E26290,経常利益,acc,0,1
E26322,ROE,ratio,1,1
E26322,営業利益率,ratio,1,0
E26322,売上高,acc,1,0
E26322,経常利益,acc,0,1
E26369,サステナビリティ,nonfin,1,0
E26369,当期純利益,acc,0,1
E26428,営業利益,acc,1,1
E26675,ROE,ratio,1,0
E26675,営業利益,acc,1,1
E26675,売上高,acc,1,0
E26703,EPS,acc,1,0
E26703,キャッシュフロー,acc,0,1
E26703,営業利益,acc,0,1
E26703,売上高,acc,1,1
E26707,ROIC,ratio,1,0
E26707,SDGs,nonfin,1,0
E26707,営業利益,acc,1,1
E26707,売上高,acc,1,1
E26707,当期純利益,acc,1,0
E26707,株主還元率,stock,1,0
E26707,株価成長率,stock,0,1
E26707,経常利益,acc,1,0
E26707,脱炭素/温室効果ガス,nonfin,1,1
E26707,非財務指標,nonfin,0,1
E26713,PBR,stock,1,0
E26713,ROE,ratio,1,0
E26713,ROIC,ratio,1,0
E26713,WACC,ratio,1,0
E26713,キャッシュフロー,acc,1,0
E26713,営業利益,acc,1,1
E26713,営業利益率,ratio,1,0
E26713,売上高,acc,1,1
E26713,当期純利益,acc,1,1
E26713,配当性向,stock,1,0
E26831,ROA,ratio,1,0
E26831,ROE,ratio,1,0
E26831,サステナビリティ,nonfin,1,0
E26831,営業利益,acc,1,0
E26831,営業利益率,ratio,1,0
E26831,売上高,acc,1,0
E26831,当期純利益,acc,0,1
E26831,経常利益,acc,0,1
E26831,自己資本比率,ratio,1,0
E26839,ROE,ratio,1,0
E26839,営業利益,acc,1,0
E26839,営業利益率,ratio,1,0
E26839,売上高,acc,1,0
E26839,当期純利益,acc,1,1
E26839,当期純利益率,ratio,1,0
E27043,TSR,stock,0,1
E27043,サステナビリティ,nonfin,1,0
E27043,利益率,ratio,1,0
E27043,営業利益,acc,1,1
E27043,営業利益率,ratio,1,0
E27043,売上総利益,acc,1,0
E27043,売上高,acc,1,0
E27043,当期純利益,acc,1,0
E27043,当期純利益率,ratio,1,0
E27043,経常利益,acc,1,0
E27043,経常利益率,ratio,1,0
E27043,配当性向,stock,1,0
E27051,ROE,ratio,1,0
E27051,利益率,ratio,1,0
E27051,営業利益,acc,0,1
E27051,時価総額,stock,0,1
E27051,棚卸資産回転率,ratio,1,0
E27051,経常利益率,ratio,1,0
E27062,ROE,ratio,1,0
E27062,サステナビリティ,nonfin,1,0
E27062,営業利益,acc,0,1
E27062,売上高,acc,0,1
E27063,ROE,ratio,1,0
E27063,ROIC,ratio,1,0
E27063,営業利益,acc,1,0
E27063,売上高,acc,1,0
E27063,当期純利益,acc,0,1
E27063,配当性向,stock,0,1
E27066,ROE,ratio,1,0
E27066,営業利益,acc,1,1
E27066,売上高,acc,1,1
E27066,当期純利益,acc,0,1
E27066,経常利益,acc,0,1
E27210,ROE,ratio,1,0
E27210,営業利益,acc,0,1
E27210,売上総利益,acc,0,1
E27210,売上高,acc,0,1
E27215,ROE,ratio,1,0
E27215,サステナビリティ,nonfin,1,0
E27215,利益率,ratio,1,0
E27215,営業利益,acc,0,1
E27215,売上高,acc,1,0
E27215,経常利益,acc,0,1
E27215,経常利益率,ratio,1,0
E27215,自己資本比率,ratio,1,0
E27235,利益率,ratio,1,0
E27235,営業利益,acc,0,1
E27235,営業利益率,ratio,1,0
E27235,売上高,acc,1,0
E27273,ROE,ratio,1,0
E27273,受注高,nonfin,1,0
E27273,売上高,acc,1,0
E27273,経常利益,acc,0,1
E27273,脱炭素/温室効果ガス,nonfin,1,0
E27273,自己資本比率,ratio,1,0
E27273,配当性向,stock,1,0
E27281,EPS,acc,1,0
E27281,ESG,nonfin,0,1
E27281,ROE,ratio,1,1
E27281,ROIC,ratio,1,1
E27281,サステナビリティ,nonfin,0,1
E27281,利益率,ratio,1,0
E27281,営業利益,acc,1,1
E27281,当期純利益,acc,1,0
E27281,経常利益,acc,0,1
E27281,配当性向,stock,1,0
E27294,ESG,nonfin,1,0
E27294,SDGs,nonfin,1,0
E27294,営業利益,acc,0,1
E27303,エンゲージメント,nonfin,1,0
E27303,営業利益,acc,1,1
E27303,営業利益率,ratio,1,0
E27303,売上高,acc,1,0
E27303,脱炭素/温室効果ガス,nonfin,1,0
E27361,SDGs,nonfin,1,0
E27361,サステナビリティ,nonfin,1,0
E27361,営業利益,acc,1,1
E27361,営業利益率,ratio,1,0
E27361,売上収益,acc,1,1
E27361,定性評価,nonfin,0,1
E27361,当期純利益,acc,1,0
E27421,ROE,ratio,1,0
E27421,営業利益,acc,1,0
E27421,営業利益率,ratio,1,0
E27421,営業損益,acc,0,1
E27421,売上高,acc,1,1
E27486,ESG,nonfin,0,1
E27486,ESG外部評価,nonfin,0,1
E27486,ROIC,ratio,0,1
E27486,エンゲージメント,nonfin,0,1
E27486,コア営業利益,acc,1,1
E27486,営業利益,acc,1,0
E27486,売上収益,acc,1,1
E27486,定性評価,nonfin,0,1
E27530,ROE,ratio,1,0
E27530,売上高,acc,1,0
E27530,経常利益,acc,1,1
E27622,サステナビリティ,nonfin,1,0
E27622,フリーキャッシュフロー,acc,1,0
E27622,営業利益,acc,1,1
E27622,営業利益率,ratio,1,0
E27622,売上収益,acc,1,0
E27622,当期純利益,acc,1,0
E27622,脱炭素/温室効果ガス,nonfin,1,0
E27622,配当性向,stock,1,0
E27624,EPS,acc,1,0
E27624,PBR,stock,1,0
E27624,営業利益,acc,1,1
E27624,売上高,acc,1,0
E27624,当期純利益,acc,1,1
E27624,経常利益,acc,1,1
E27633,EBITDA,acc,1,1
E27633,EPS,acc,1,0
E27633,ESG,nonfin,0,1
E27633,PBR,stock,1,0
E27633,ROA,ratio,1,0
E27633,ROE,ratio,1,1
E27633,営業利益,acc,1,1
E27633,営業利益率,ratio,0,1
E27633,当期純利益,acc,1,0
E27655,ESG,nonfin,0,1
E27655,ROIC,ratio,0,1
E27655,営業利益,acc,1,1
E27655,売上高,acc,1,0
E27655,当期純利益,acc,1,0
E27655,経常利益,acc,1,0
E27759,ROE,ratio,1,0
E27759,オーガニック成長率,ratio,1,0
E27759,サステナビリティ,nonfin,1,0
E27759,売上目標対利益比率,ratio,0,1
E27759,売上高,acc,1,0
E27842,D/Eレシオ,ratio,1,0
E27842,ESG,nonfin,0,1
E27842,サステナビリティ,nonfin,1,0
E27842,営業利益,acc,1,0
E27842,売上高,acc,1,0
E27842,当期純利益,acc,1,0
E27842,株主還元率,stock,1,0
E27842,経常利益,acc,0,1
E27842,自己資本比率,ratio,1,0
E27842,配当性向,stock,1,0
E27868,ROE,ratio,1,0
E27868,サステナビリティ,nonfin,1,0
E27868,当期純利益,acc,0,1
E30002,EBITDA,acc,1,0
E30002,ESG,nonfin,0,1
E30002,ROIC,ratio,1,0
E30002,キャッシュフロー,acc,1,0
E30002,サステナビリティ,nonfin,1,0
E30002,フリーキャッシュフロー,acc,1,0
E30002,営業利益,acc,1,1
E30002,売上高,acc,1,1
E30002,当期純利益,acc,1,0
E30002,株主還元率,stock,1,0
E30002,自己資本比率,ratio,1,0
E30010,営業利益,acc,1,1
E30010,営業利益率,ratio,1,0
E30022,営業利益,acc,0,1
E30022,営業利益率,ratio,1,0
E30022,売上高,acc,1,0
E30022,経常利益,acc,0,1
E30048,SDGs,nonfin,1,0
E30048,経常利益,acc,1,1
E30048,脱炭素/温室効果ガス,nonfin,1,0
E30048,非財務目標,nonfin,1,0
E30071,営業利益,acc,1,0
E30071,売上高,acc,1,0
E30071,当期純利益,acc,0,1
E30071,非財務指標,nonfin,0,1
E30103,ROE,ratio,1,1
E30103,サステナビリティ,nonfin,1,0
E30103,当期純利益,acc,1,1
E30103,経常利益,acc,0,1
E30114,ROI,ratio,1,0
E30114,フリーキャッシュフロー,acc,0,1
E30114,営業損益,acc,1,0
E30114,売上高,acc,1,1
E30114,自己資本比率,ratio,1,0
E30126,ROE,ratio,1,0
E30126,営業利益率,ratio,1,0
E30126,売上高,acc,1,0
E30126,経常利益,acc,1,1
E30126,配当性向,stock,1,0
E30130,SDGs,nonfin,1,0
E30130,売上高,acc,0,1
E30130,経常利益,acc,0,1
E30130,経常利益率,ratio,1,0
E30133,ESG,nonfin,0,1
E30133,ROE,ratio,1,0
E30133,ROIC,ratio,1,0
E30133,利益率,ratio,1,0
E30133,営業利益,acc,1,0
E30133,売上高,acc,1,0
E30133,当期純利益,acc,1,1
E30133,当期純利益率,ratio,1,0
E30133,経常利益,acc,1,0
E30140,ROE,ratio,1,0
E30140,サステナビリティ,nonfin,1,0
E30140,営業利益,acc,1,1
E30140,売上総利益,acc,0,1
E30140,非財務目標,nonfin,0,1
E30443,ESG,nonfin,1,0
E30443,PBR,stock,1,0
E30443,ROE,ratio,1,0
E30443,ROIC,ratio,1,0
E30443,WACC,ratio,1,0
E30443,サステナビリティ,nonfin,1,0
E30443,売上高,acc,1,1
E30443,経常利益,acc,0,1
E30443,経常利益率,ratio,1,0
E30443,脱炭素/温室効果ガス,nonfin,1,0
E30443,自己資本比率,ratio,1,0
E30454,営業利益,acc,1,1
E30454,売上高,acc,1,1
E30479,ROE,ratio,1,0
E30479,サステナビリティ,nonfin,1,0
E30479,営業利益,acc,1,1
E30479,売上総利益,acc,1,0
E30479,脱炭素/温室効果ガス,nonfin,1,0
E30501,EBITDA,acc,0,1
E30501,ESG,nonfin,1,0
E30501,PBR,stock,0,1
E30501,ROE,ratio,0,1
E30501,エンゲージメント,nonfin,0,1
E30501,売上高,acc,1,0
E30501,脱炭素/温室効果ガス,nonfin,1,0
E30537,ROE,ratio,1,0
E30537,フリーキャッシュフロー,acc,1,0
E30537,受注高,nonfin,1,0
E30537,営業利益,acc,1,0
E30537,売上高,acc,1,0
E30537,経常利益,acc,0,1
E30649,PBR,stock,1,0
E30649,ROE,ratio,1,0
E30649,エンゲージメント,nonfin,1,0
E30649,キャッシュフロー,acc,1,0
E30649,サステナビリティ,nonfin,1,0
E30649,利益率,ratio,1,0
E30649,売上高,acc,1,0
E30649,女性役員比率,nonfin,1,0
E30649,当期純利益,acc,0,1
E30649,棚卸資産回転率,ratio,1,0
E30699,ROE,ratio,1,0
E30699,売上高,acc,1,0
E30699,当期純利益,acc,0,1
E30699,自己資本比率,ratio,1,0
E30728,EBITDA,acc,1,1
E30728,ROE,ratio,1,1
E30728,ROIC,ratio,1,1
E30728,エンゲージメント,nonfin,0,1
E30728,サステナビリティ,nonfin,0,1
E30728,時価総額,stock,0,1
E30728,脱炭素/温室効果ガス,nonfin,1,1
E30728,販売数量,nonfin,1,0
E30731,EPS,acc,1,0
E30731,ROE,ratio,1,0
E30731,営業利益,acc,1,1
E30731,売上高,acc,1,1
E30731,株主還元率,stock,1,0
E30731,自己資本比率,ratio,1,0
E30746,ESG,nonfin,1,0
E30746,ROE,ratio,1,1
E30746,コア業務純益,acc,0,1
E30746,サステナビリティ,nonfin,1,0
E30746,当期純利益,acc,1,1
E30746,自己資本比率,ratio,1,0
E30881,利益率,ratio,1,0
E30881,営業利益,acc,0,1
E30881,売上高,acc,1,0
E30881,経常利益,acc,1,0
E30917,DOE,stock,1,0
E30917,ESG,nonfin,1,0
E30917,ESG外部評価,nonfin,1,0
E30917,ROIC,ratio,1,0
E30917,WACC,ratio,1,0
E30917,サステナビリティ,nonfin,1,0
E30917,営業利益,acc,0,1
E30917,当期純利益,acc,0,1
E30917,時価総額,stock,1,0
E30917,脱炭素/温室効果ガス,nonfin,1,0
E30917,配当性向,stock,1,0
E30918,利益率,ratio,1,0
E30918,営業利益,acc,0,1
E30918,売上高,acc,1,0
E30918,時価総額,stock,1,0
E30919,EBITDA,acc,1,0
E30919,ESG,nonfin,1,1
E30919,ESG外部評価,nonfin,1,1
E30919,SDGs,nonfin,1,0
E30919,サステナビリティ,nonfin,1,1
E30919,利益率,ratio,1,0
E30919,売上高,acc,1,0
E30919,当期純利益,acc,0,1
E30919,脱炭素/温室効果ガス,nonfin,1,0
E30919,非財務指標,nonfin,0,1
E30929,ESG,nonfin,1,0
E30929,SDGs,nonfin,1,0
E30929,キャッシュフロー,acc,1,0
E30929,サステナビリティ,nonfin,1,0
E30929,営業利益,acc,0,1
E30929,営業利益率,ratio,1,0
E30929,売上高,acc,1,0
E30982,エンゲージメント,nonfin,1,0
E30982,サステナビリティ,nonfin,1,0
E30982,営業収益,acc,0,1
E30996,ROE,ratio,1,0
E30996,営業利益,acc,0,1
E30996,営業利益率,ratio,1,0
E30996,売上高,acc,1,1
E30996,売上高比,ratio,1,0
E30996,定性評価,nonfin,0,1
E31012,ROA,ratio,1,0
E31012,ROE,ratio,1,0
E31012,売上高,acc,1,0
E31012,当期純利益,acc,0,1
E31012,経常利益,acc,1,1
E31012,経常利益率,ratio,1,0
E31012,配当性向,stock,1,0
E31023,ROE,ratio,1,0
E31023,利益率,ratio,1,0
E31023,営業利益,acc,1,0
E31023,当期純利益,acc,0,1
E31023,経常利益,acc,1,0
E31023,配当性向,stock,1,0
E31029,売上高,acc,0,1
E31029,当期純利益,acc,0,1
E31029,経常利益,acc,1,1
E31054,EPS,acc,1,0
E31054,PBR,stock,1,0
E31054,営業利益,acc,1,1
E31056,ROE,ratio,1,0
E31056,売上高,acc,1,0
E31056,経常利益,acc,1,1
E31056,経常利益率,ratio,1,0
E31056,脱炭素/温室効果ガス,nonfin,1,0
E31064,サステナビリティ,nonfin,1,0
E31064,受注高,nonfin,1,0
E31064,営業利益,acc,1,1
E31064,営業利益率,ratio,0,1
E31064,売上高,acc,1,1
E31064,脱炭素/温室効果ガス,nonfin,1,0
E31123,EBITDA,acc,1,0
E31123,ROA,ratio,1,0
E31123,営業利益,acc,0,1
E31123,経常利益,acc,0,1
E31167,ROE,ratio,1,1
E31167,サステナビリティ,nonfin,1,0
E31167,営業利益,acc,1,0
E31167,営業利益率,ratio,1,1
E31167,売上高,acc,1,1
E31220,利益率,ratio,1,0
E31220,売上高,acc,1,0
E31220,経常利益,acc,0,1
E31306,ROE,ratio,1,0
E31306,利益率,ratio,1,0
E31306,営業利益,acc,1,0
E31306,営業利益率,ratio,1,0
E31306,売上高,acc,1,0
E31306,経常利益,acc,1,1
E31306,自己資本比率,ratio,1,0
E31344,ROE,ratio,1,0
E31344,当期純利益,acc,0,1
E31354,営業利益,acc,1,1
E31379,ROE,ratio,1,0
E31379,サステナビリティ,nonfin,1,0
E31379,利益率,ratio,1,0
E31379,営業利益,acc,1,0
E31379,営業利益率,ratio,1,0
E31379,売上高,acc,1,0
E31379,当期純利益,acc,0,1
E31454,EBITDA,acc,1,0
E31454,ROIC,ratio,1,0
E31454,WACC,ratio,1,0
E31454,キャッシュフロー,acc,1,0
E31454,営業利益,acc,1,1
E31454,売上高,acc,1,0
E31454,時価総額,stock,1,0
E31524,エンゲージメント,nonfin,1,0
E31524,営業利益,acc,1,1
E31524,売上高,acc,1,0
E31560,ROE,ratio,1,1
E31560,営業利益,acc,0,1
E31560,営業利益率,ratio,1,1
E31560,売上高,acc,1,1
E31560,当期純利益,acc,0,1
E31573,EPS,acc,1,0
E31573,ROE,ratio,1,0
E31573,営業利益,acc,0,1
E31573,営業利益率,ratio,1,0
E31573,売上高,acc,1,0
E31573,定性評価,nonfin,0,1
E31573,経常利益率,ratio,1,0
E31575,売上高,acc,1,0
E31575,当期純利益,acc,1,1
E31580,サステナビリティ,nonfin,1,0
E31580,利益率,ratio,1,0
E31580,営業利益,acc,1,0
E31580,売上高,acc,1,0
E31580,当期純利益,acc,1,1
E31580,経常利益,acc,1,0
E31594,ROE,ratio,1,0
E31594,経常利益,acc,0,1
E31594,経常利益率,ratio,1,0
E31612,PBR,stock,1,0
E31612,ROE,ratio,1,0
E31612,SDGs,nonfin,1,0
E31612,エンゲージメント,nonfin,1,0
E31612,コア業務純益,acc,1,0
E31612,サステナビリティ,nonfin,1,0
E31612,当期純利益,acc,1,1
E31612,脱炭素/温室効果ガス,nonfin,1,0
E31612,自己資本比率,ratio,1,0
E31622,営業利益,acc,1,1
E31622,営業利益率,ratio,1,0
E31622,売上高,acc,1,0
E31632,D/Eレシオ,ratio,0,1
E31632,ESG,nonfin,0,1
E31632,ROE,ratio,1,0
E31632,TSR,stock,0,1
E31632,サステナビリティ,nonfin,0,1
E31632,当期純利益,acc,0,1
E31632,経常利益,acc,1,0
E31632,脱炭素/温室効果ガス,nonfin,1,0
E31633,EBITDA,acc,1,1
E31633,EPS,acc,1,0
E31633,ROE,ratio,1,1
E31633,ROIC,ratio,1,0
E31633,TSR,stock,0,1
E31633,サステナビリティ,nonfin,0,1
E31633,事業利益,acc,1,0
E31633,利益率,ratio,1,0
E31633,売上高,acc,1,1
E31633,脱炭素/温室効果ガス,nonfin,0,1
E31640,EBITDA,acc,1,1
E31640,PBR,stock,1,0
E31640,ROE,ratio,1,0
E31640,ROIC,ratio,1,0
E31640,サステナビリティ,nonfin,1,0
E31640,営業利益,acc,0,1
E31640,売上高,acc,1,1
E31729,ROA,ratio,0,1
E31729,ROE,ratio,0,1
E31729,キャッシュフロー,acc,1,0
E31729,利益率,ratio,1,0
E31729,売上総利益,acc,1,0
E31729,売上高,acc,0,1
E31729,経常利益,acc,1,1
E31729,販売数量,nonfin,0,1
E31742,ROE,ratio,1,0
E31742,営業利益,acc,1,1
E31742,棚卸資産回転率,ratio,1,0
E31743,EBITDA,acc,1,0
E31743,ROE,ratio,1,0
E31743,売上総利益率,ratio,1,0
E31743,売上高,acc,1,0
E31743,当期純利益,acc,0,1
E31743,経常利益,acc,1,0
E31748,ESG,nonfin,0,1
E31748,ROE,ratio,1,1
E31748,エンゲージメント,nonfin,0,1
E31748,サステナビリティ,nonfin,1,1
E31748,売上総利益,acc,1,0
E31748,当期純利益,acc,1,1
E31748,経常利益率,ratio,0,1
E31748,脱炭素/温室効果ガス,nonfin,0,1
E31748,配当性向,stock,1,0
E31748,非財務指標,nonfin,0,1
E31755,ESG,nonfin,0,1
E31755,ROE,ratio,1,1
E31755,女性管理職比率,nonfin,0,1
E31755,当期純利益,acc,1,0
E31755,株主還元率,stock,1,0
E31755,脱炭素/温室効果ガス,nonfin,0,1
E31755,非財務指標,nonfin,0,1
E31775,ROE,ratio,1,1
E31775,売上総利益,acc,1,0
E31775,当期純利益,acc,1,1
E31775,配当性向,stock,1,0
E31776,営業利益,acc,1,1
E31776,売上高,acc,1,0
E31896,エンゲージメント,nonfin,0,1
E31896,サステナビリティ,nonfin,0,1
E31896,営業利益,acc,0,1
E31896,売上収益,acc,1,1
E31896,女性管理職比率,nonfin,0,1
E31896,当期純利益,acc,0,1
E31896,脱炭素/温室効果ガス,nonfin,0,1
E31896,非財務指標,nonfin,0,1
E31924,ROE,ratio,1,1
E31924,営業利益,acc,0,1
E31924,脱炭素/温室効果ガス,nonfin,1,0
E31954,EBITDA,acc,1,0
E31954,キャッシュフロー,acc,0,1
E31954,フリーキャッシュフロー,acc,1,1
E31954,営業利益,acc,1,1
E31954,営業利益率,ratio,0,1
E31954,売上収益,acc,1,1
E31977,営業利益,acc,1,1
E31977,売上高,acc,1,0
E31977,配当性向,stock,1,0
E31979,営業利益,acc,0,1
E31979,売上高,acc,1,0
E31979,当期純利益,acc,1,0
E31997,営業利益,acc,0,1
E31997,営業利益率,ratio,1,0
E31997,売上総利益率,ratio,1,0
E32022,ESG,nonfin,0,1
E32022,ESG外部評価,nonfin,0,1
E32022,ROE,ratio,1,1
E32022,SDGs,nonfin,0,1
E32022,TSR,stock,0,1
E32022,エンゲージメント,nonfin,1,0
E32022,当期純利益,acc,0,1
E32022,脱炭素/温室効果ガス,nonfin,0,1
E32022,非財務指標,nonfin,0,1
E32069,DOE,stock,1,0
E32069,ESG,nonfin,0,1
E32069,ROE,ratio,1,0
E32069,ROIC,ratio,1,0
E32069,エンゲージメント,nonfin,1,1
E32069,キャッシュフロー,acc,1,0
E32069,サステナビリティ,nonfin,1,1
E32069,利益率,ratio,1,0
E32069,経常利益,acc,1,1
E32069,脱炭素/温室効果ガス,nonfin,0,1
E32069,非財務指標,nonfin,0,1
E32109,営業収益,acc,1,0
E32109,経常利益,acc,0,1
E32109,自己資本規制比率,ratio,1,0
E32156,EBITDA,acc,1,1
E32156,エンゲージメント,nonfin,1,0
E32156,利益率,ratio,1,0
E32156,営業利益,acc,0,1
E32159,ESG,nonfin,1,0
E32159,SDGs,nonfin,1,0
E32159,経常利益,acc,0,1
E32161,利益率,ratio,1,0
E32161,営業利益,acc,0,1
E32161,当期純利益,acc,0,1
E32161,経常利益,acc,0,1
E32169,営業利益,acc,0,1
E32169,営業利益率,ratio,1,0
E32169,当期純利益,acc,0,1
E32181,ESG,nonfin,0,1
E32181,ESG外部評価,nonfin,0,1
E32181,ROE,ratio,1,1
E32181,キャッシュフロー,acc,1,0
E32181,利益率,ratio,1,0
E32181,営業利益,acc,0,1
E32181,脱炭素/温室効果ガス,nonfin,1,0
E32181,自己資本比率,ratio,1,1
E32181,連結利益,acc,0,1
E32189,EPS,acc,0,1
E32189,ESG,nonfin,1,0
E32189,NOPAT,acc,0,1
E32189,ROE,ratio,1,0
E32189,キャッシュフロー,acc,1,0
E32189,サステナビリティ,nonfin,1,0
E32189,フリーキャッシュフロー,acc,0,1
E32189,営業利益,acc,1,1
E32189,営業利益率,ratio,1,0
E32189,売上高,acc,1,0
E32189,棚卸資産回転率,ratio,1,0
E32238,営業利益,acc,1,1
E32238,営業利益率,ratio,1,0
E32238,営業損益,acc,0,1
E32238,売上高,acc,1,1
E32238,時価総額,stock,0,1
E32292,ROE,ratio,1,1
E32292,ROIC,ratio,1,0
E32292,TSR,stock,0,1
E32292,エンゲージメント,nonfin,1,0
E32292,サステナビリティ,nonfin,1,0
E32292,営業利益,acc,1,1
E32292,営業収益,acc,1,1
E32292,当期純利益,acc,1,0
E32292,脱炭素/温室効果ガス,nonfin,1,0
E32380,サステナビリティ,nonfin,1,0
E32380,営業利益,acc,0,1
E32380,売上高,acc,1,0
E32381,ROE,ratio,1,1
E32381,ROIC,ratio,1,1
E32381,営業利益,acc,1,1
E32381,営業利益率,ratio,1,0
E32381,売上高,acc,1,0
E32381,配当性向,stock,1,0
E32382,ROE,ratio,1,0
E32382,ROIC,ratio,1,0
E32382,SDGs,nonfin,1,0
E32382,WACC,ratio,1,0
E32382,サステナビリティ,nonfin,1,0
E32382,利益率,ratio,1,0
E32382,売上高,acc,1,0
E32382,棚卸資産回転率,ratio,1,0
E32382,経常利益,acc,0,1
E32382,経常利益率,ratio,1,0
E32400,エンゲージメント,nonfin,0,1
E32400,売上高,acc,1,1
E32400,時価総額,stock,0,1
E32412,キャッシュフロー,acc,1,0
E32412,営業利益,acc,1,1
E32412,営業利益率,ratio,1,0
E32412,売上高,acc,1,0
E32427,EPS,acc,1,1
E32427,ROE,ratio,1,0
E32427,ROIC,ratio,0,1
E32427,エンゲージメント,nonfin,1,1
E32427,営業利益,acc,1,1
E32427,売上収益,acc,0,1
E32427,株主還元率,stock,1,1
E32427,自己資本比率,ratio,0,1
E32427,非財務目標,nonfin,1,1
E32495,営業利益,acc,1,1
E32495,売上高,acc,1,1
E32495,当期純利益,acc,1,0
E32571,ROE,ratio,1,0
E32571,エンゲージメント,nonfin,1,0
E32571,営業利益,acc,1,1
E32571,売上高,acc,1,0
E32571,時価総額,stock,0,1
E32571,経常利益,acc,0,1
E32642,DOE,stock,1,0
E32642,EBITDA,acc,1,1
E32642,ROE,ratio,1,0
E32642,キャッシュフロー,acc,1,1
E32642,利益率,ratio,1,0
E32642,営業利益,acc,1,1
E32642,営業利益率,ratio,1,0
E32642,脱炭素/温室効果ガス,nonfin,1,0
E32642,配当性向,stock,1,0
E32664,キャッシュフロー,acc,1,0
E32664,サステナビリティ,nonfin,1,0
E32664,営業利益,acc,1,1
E32664,売上収益,acc,1,0
E32679,TSR,stock,0,1
E32679,営業利益,acc,0,1
E32679,脱炭素/温室効果ガス,nonfin,1,0
E32682,SDGs,nonfin,1,0
E32682,サステナビリティ,nonfin,1,0
E32682,売上総利益,acc,1,0
E32682,売上総利益率,ratio,1,0
E32682,売上高,acc,1,0
E32682,経常利益,acc,1,1
E32682,経常利益率,ratio,1,0
E32682,脱炭素/温室効果ガス,nonfin,1,0
E32697,ESG外部評価,nonfin,1,0
E32697,サステナビリティ,nonfin,1,0
E32697,売上高,acc,1,0
E32697,当期純利益,acc,0,1
E32697,脱炭素/温室効果ガス,nonfin,1,0
E32779,サステナビリティ,nonfin,1,0
E32779,利益率,ratio,1,0
E32779,売上高,acc,1,0
E32779,当期純利益,acc,1,1
E32779,脱炭素/温室効果ガス,nonfin,1,0
E32796,SDGs,nonfin,1,0
E32796,サステナビリティ,nonfin,1,0
E32796,営業利益,acc,0,1
E32796,売上高,acc,0,1
E32796,当期純利益,acc,0,1
E32803,利益率,ratio,1,0
E32803,営業利益,acc,1,1
E32803,営業収益,acc,1,0
E32803,売上高,acc,0,1
E32815,利益率,ratio,1,0
E32815,営業利益,acc,1,0
E32815,売上高,acc,1,0
E32815,当期純利益,acc,1,0
E32815,時価総額,stock,1,0
E32815,経常利益,acc,0,1
E32951,ESG,nonfin,1,0
E32951,リスクマネジメント,nonfin,1,0
E32951,営業利益,acc,1,1
E32951,営業利益率,ratio,1,0
E32951,売上高,acc,1,0
E32967,EBITDA,acc,1,0
E32967,キャッシュフロー,acc,1,0
E32967,営業利益,acc,1,0
E32967,売上収益,acc,1,0
E32967,時価総額,stock,0,1
E32967,累計設備容量,nonfin,0,1
E32967,脱炭素/温室効果ガス,nonfin,1,0
E32990,SDGs,nonfin,1,0
E32990,営業利益,acc,0,1
E32992,ROE,ratio,1,0
E32992,営業利益,acc,0,1
E32992,売上高,acc,1,1
E32992,当期純利益,acc,1,0
E32992,当期純利益率,ratio,1,0
E33000,TSR,stock,0,1
E33000,営業利益,acc,1,0
E33000,営業利益率,ratio,1,0
E33000,売上収益,acc,0,1
E33000,売上高,acc,1,0
E33000,当期純利益,acc,0,1
E33009,ROE,ratio,1,0
E33009,売上高,acc,1,0
E33009,経常利益,acc,1,1
E33011,ROE,ratio,1,0
E33011,エンゲージメント,nonfin,1,0
E33011,営業利益,acc,1,1
E33011,営業利益率,ratio,1,0
E33011,売上高,acc,1,1
E33025,PBR,stock,1,0
E33025,ROE,ratio,1,0
E33025,ROIC,ratio,1,0
E33025,利益率,ratio,1,0
E33025,営業利益,acc,1,1
E33025,売上高,acc,1,0
E33025,当期純利益,acc,0,1
E33039,ROE,ratio,1,0
E33039,営業利益,acc,1,1
E33039,売上収益,acc,1,0
E33039,当期純利益率,ratio,1,0
E33039,脱炭素/温室効果ガス,nonfin,1,0
E33040,営業利益,acc,1,1
E33040,営業利益率,ratio,1,0
E33040,売上高,acc,1,0
E33040,経常利益,acc,1,0
E33050,ROE,ratio,1,0
E33050,ROIC,ratio,1,0
E33050,キャッシュフロー,acc,1,0
E33050,利益率,ratio,1,0
E33050,当期純利益,acc,0,1
E33109,ESG,nonfin,1,0
E33109,売上高,acc,1,0
E33109,経常利益,acc,1,1
E33109,脱炭素/温室効果ガス,nonfin,1,0
E33235,ROE,ratio,1,0
E33235,営業利益,acc,1,1
E33235,売上高,acc,1,1
E33235,当期純利益,acc,1,0
E33235,経常利益,acc,1,0
E33247,営業利益,acc,1,0
E33247,売上高,acc,1,0
E33247,当期純利益,acc,0,1
E33367,EPS,acc,1,0
E33367,ESG,nonfin,1,0
E33367,PER,stock,1,0
E33367,ROE,ratio,1,0
E33367,SDGs,nonfin,1,0
E33367,営業利益,acc,0,1
E33367,売上総利益率,ratio,1,0
E33367,売上高,acc,1,1
E33367,経常利益率,ratio,1,0
E33393,ESG,nonfin,1,0
E33393,PBR,stock,1,0
E33393,ROE,ratio,1,0
E33393,エンゲージメント,nonfin,1,0
E33393,営業利益,acc,1,1
E33393,営業利益率,ratio,1,1
E33393,売上高,acc,1,1
E33393,経常利益,acc,1,0
E33393,配当性向,stock,1,0
E33435,営業利益率,ratio,1,0
E33435,売上高,acc,1,0
E33435,当期純利益,acc,0,1
E33579,ESG,nonfin,1,0
E33579,ROE,ratio,1,0
E33579,サステナビリティ,nonfin,1,0
E33579,売上総利益,acc,1,0
E33579,売上高,acc,1,0
E33579,経常利益,acc,1,1
E33579,自己資本比率,ratio,1,0
E33579,配当性向,stock,1,0
E33586,EBITDA,acc,1,0
E33586,フリーキャッシュフロー,acc,1,0
E33586,売上高,acc,1,1
E33586,時価総額,stock,0,1
E33588,エンゲージメント,nonfin,1,0
E33588,営業利益,acc,1,0
E33588,売上高,acc,1,0
E33588,当期純利益,acc,0,1
E33588,経常利益,acc,0,1
E33594,ESG,nonfin,1,0
E33594,ROE,ratio,1,0
E33594,SDGs,nonfin,1,0
E33594,エンゲージメント,nonfin,1,0
E33594,売上高,acc,1,0
E33594,経常利益,acc,0,1
E33603,ROE,ratio,1,0
E33603,エンゲージメント,nonfin,1,0
E33603,サステナビリティ,nonfin,1,0
E33603,営業利益,acc,1,1
E33603,営業利益率,ratio,1,0
E33603,売上高,acc,0,1
E33603,当期純利益,acc,0,1
E33603,脱炭素/温室効果ガス,nonfin,1,0
E33603,自己資本比率,ratio,1,0
E33616,ROE,ratio,1,1
E33616,営業利益,acc,1,1
E33616,定性評価,nonfin,0,1
E33616,当期純利益,acc,0,1
E33616,当期純利益率,ratio,1,0
E33622,ROE,ratio,1,0
E33622,エンゲージメント,nonfin,1,0
E33622,サステナビリティ,nonfin,1,1
E33622,営業利益,acc,1,1
E33622,当期純利益,acc,1,0
E33622,脱炭素/温室効果ガス,nonfin,1,0
E33622,配当性向,stock,1,0
E33624,ESG,nonfin,1,0
E33624,SDGs,nonfin,1,0
E33624,サステナビリティ,nonfin,1,0
E33624,営業収益,acc,1,0
E33624,当期純利益,acc,1,0
E33624,時価総額,stock,1,0
E33624,税引前利益,acc,1,1
E33625,ROE,ratio,1,0
E33625,営業収益,acc,1,0
E33625,税引前利益,acc,1,1
E33638,サステナビリティ,nonfin,1,0
E33638,売上高,acc,0,1
E33638,経常利益,acc,0,1
E33638,経常利益率,ratio,1,1
E33693,ROE,ratio,1,0
E33693,サステナビリティ,nonfin,1,0
E33693,当期純利益,acc,1,1
E33693,自己資本比率,ratio,1,0
E33702,ESG,nonfin,1,0
E33702,ROE,ratio,1,0
E33702,ROIC,ratio,1,0
E33702,SDGs,nonfin,1,0
E33702,営業利益,acc,1,1
E33702,売上総利益,acc,1,0
E33702,売上高,acc,1,0
E33834,EBITDA,acc,1,0
E33834,営業利益,acc,1,1
E33834,売上収益,acc,1,0
E33834,時価総額,stock,0,1
E33839,ROE,ratio,1,0
E33839,TSR,stock,0,1
E33839,利益率,ratio,1,0
E33839,営業利益,acc,1,0
E33839,売上高,acc,1,0
E33839,当期純利益,acc,1,0
E33839,株価成長率,stock,0,1
E33839,経常利益,acc,1,1
E33880,SDGs,nonfin,1,0
E33880,エンゲージメント,nonfin,1,0
E33880,定性評価,nonfin,0,1
E33881,利益率,ratio,1,0
E33881,営業利益,acc,1,1
E33881,売上高,acc,1,1
E33881,時価総額,stock,0,1
E33957,EBITDA,acc,1,1
E33957,売上収益,acc,1,1
E33957,定性評価,nonfin,0,1
E33957,当期純利益,acc,0,1
E33966,EBITDA,acc,1,0
E33966,キャッシュフロー,acc,1,0
E33966,営業利益,acc,1,0
E33966,売上総利益,acc,1,1
E33966,売上総利益率,ratio,1,0
E33966,売上高,acc,1,0
E33966,当期純利益,acc,1,0
E34028,DOE,stock,1,0
E34028,ROE,ratio,1,0
E34028,エンゲージメント,nonfin,1,0
E34028,利益率,ratio,1,0
E34028,売上総利益,acc,1,0
E34028,売上高,acc,1,1
E34028,売上高比,ratio,1,0
E34028,経常利益,acc,0,1
E34028,販売数量,nonfin,1,0
E34028,配当性向,stock,1,0
E34064,コア営業利益,acc,1,0
E34064,売上収益,acc,1,0
E34064,売上高,acc,1,0
E34064,時価総額,stock,0,1
E34065,ESG,nonfin,1,0
E34065,ROE,ratio,1,1
E34065,TSR,stock,0,1
E34065,営業利益,acc,0,1
E34065,営業利益率,ratio,1,0
E34065,売上高,acc,1,0
E34095,キャッシュフロー,acc,1,0
E34095,営業利益,acc,1,1
E34097,ESG,nonfin,1,0
E34097,SDGs,nonfin,1,0
E34097,キャッシュフロー,acc,1,0
E34097,営業利益,acc,1,1
E34097,売上高,acc,1,0
E34097,当期純利益,acc,1,0
E34097,経常利益,acc,1,0
E34102,サステナビリティ,nonfin,1,0
E34102,売上総利益,acc,1,0
E34102,当期純利益,acc,0,1
E34102,経常利益,acc,1,1
E34113,ROE,ratio,1,0
E34113,コア業務純益,acc,0,1
E34113,サステナビリティ,nonfin,1,0
E34113,売上総利益,acc,1,0
E34113,女性管理職比率,nonfin,1,1
E34113,当期純利益,acc,1,1
E34113,株主還元率,stock,0,1
E34113,脱炭素/温室効果ガス,nonfin,1,1
E34113,自己資本比率,ratio,1,0
E34113,配当性向,stock,1,0
E34137,ROIC,ratio,0,1
E34137,サステナビリティ,nonfin,1,0
E34137,営業利益,acc,0,1
E34137,営業利益率,ratio,0,1
E34238,営業利益,acc,1,1
E34238,売上高,acc,1,0
E34238,当期純利益,acc,0,1
E34336,ROE,ratio,1,0
E34336,キャッシュフロー,acc,1,0
E34336,サステナビリティ,nonfin,1,0
E34336,営業利益,acc,0,1
E34336,営業利益率,ratio,1,0
E34336,売上高,acc,1,1
E34336,当期純利益,acc,0,1
E34336,経常利益,acc,0,1
E34454,サステナビリティ,nonfin,1,0
E34454,営業利益,acc,1,1
E34454,営業利益率,ratio,1,0
E34454,売上高,acc,1,0
E34470,PBR,stock,1,0
E34470,ROE,ratio,1,0
E34470,キャッシュフロー,acc,1,0
E34470,営業利益,acc,1,1
E34470,売上高,acc,1,0
E34470,当期純利益,acc,1,1
E34470,経常利益,acc,1,0
E34663,ROE,ratio,1,1
E34663,SDGs,nonfin,1,0
E34663,サステナビリティ,nonfin,1,0
E34663,営業利益,acc,1,1
E34663,営業利益率,ratio,1,0
E34663,当期純利益率,ratio,1,0
E34699,Non-GAAP営業利益,acc,1,0
E34699,WACC,ratio,1,0
E34699,エンゲージメント,nonfin,1,0
E34699,営業利益,acc,1,1
E34699,売上総利益,acc,0,1
E34699,売上高,acc,1,1
E34699,当期純利益,acc,1,1
E34699,経常利益,acc,0,1
E34699,非財務指標,nonfin,1,0
E34739,ROE,ratio,1,0
E34739,エンゲージメント,nonfin,1,0
E34739,利益率,ratio,1,0
E34739,営業利益,acc,1,1
E34739,売上総利益率,ratio,1,0
E34739,売上高,acc,1,1
E34739,技術力強化,nonfin,1,0
E34800,ROE,ratio,1,0
E34800,営業利益,acc,0,1
E34800,売上高,acc,1,0
E34800,経常利益率,ratio,1,0
E34814,ROE,ratio,1,0
E34814,営業利益,acc,1,0
E34814,売上高,acc,1,1
E34814,当期純利益,acc,1,1
E34960,営業利益,acc,1,1
E34960,営業利益率,ratio,1,0
E34960,売上高,acc,1,1
E34965,ROE,ratio,1,0
E34965,営業利益,acc,1,1
E34965,営業利益率,ratio,1,0
E34965,売上高,acc,1,1
E34965,配当性向,stock,1,0
E35136,営業利益率,ratio,1,0
E35136,売上高,acc,0,1
E35136,当期純利益,acc,0,1
E35136,経常利益,acc,0,1
E35139,ESG,nonfin,1,0
E35139,ROE,ratio,1,0
E35139,キャッシュフロー,acc,1,0
E35139,サステナビリティ,nonfin,1,0
E35139,営業利益,acc,1,1
E35139,営業利益率,ratio,1,0
E35139,売上高,acc,1,1
E35140,EBITDA,acc,1,1
E35140,ESG,nonfin,0,1
E35140,キャッシュフロー,acc,1,0
E35140,サステナビリティ,nonfin,1,1
E35140,営業利益,acc,1,0
E35140,売上高,acc,1,0
E35140,自己資本比率,ratio,1,0
E35153,利益率,ratio,1,0
E35153,営業利益,acc,1,1
E35153,営業利益率,ratio,1,0
E35153,売上総利益,acc,0,1
E35153,売上高,acc,1,1
E35153,当期純利益,acc,0,1
E35164,ESG,nonfin,1,0
E35164,エンゲージメント,nonfin,1,0
E35164,サステナビリティ,nonfin,1,0
E35164,営業利益,acc,1,1
E35169,営業利益,acc,0,1
E35169,営業利益率,ratio,1,0
E35220,ROIC,ratio,1,0
E35220,営業利益,acc,1,1
E35220,売上高,acc,1,0
E35294,PBR,stock,1,0
E35294,PER,stock,1,0
E35294,ROE,ratio,1,0
E35294,サステナビリティ,nonfin,1,0
E35294,利益率,ratio,1,0
E35294,売上高比,ratio,1,0
E35294,当期純利益,acc,0,1
E35294,配当性向,stock,1,0
E35340,EPS,acc,1,0
E35340,ROE,ratio,1,0
E35340,ROIC,ratio,1,0
E35340,利益率,ratio,1,0
E35340,営業利益,acc,1,0
E35340,売上総利益,acc,1,0
E35340,売上高,acc,1,0
E35340,当期純利益,acc,1,1
E35340,当期純利益率,ratio,1,0
E35340,自己資本比率,ratio,1,0
E35449,サステナビリティ,nonfin,1,0
E35449,営業利益率,ratio,1,0
E35449,売上高,acc,0,1
E35449,当期純利益,acc,0,1
E35449,脱炭素/温室効果ガス,nonfin,1,0
E35470,EBITDA,acc,0,1
E35470,ESG,nonfin,0,1
E35470,ROE,ratio,1,0
E35470,エンゲージメント,nonfin,1,0
E35470,サステナビリティ,nonfin,0,1
E35470,営業利益,acc,0,1
E35470,営業利益率,ratio,0,1
E35470,売上高,acc,1,1
E35470,当期純利益,acc,0,1
E35470,株価成長率,stock,0,1
E35470,経常利益,acc,1,0
E35497,PBR,stock,1,0
E35497,ROE,ratio,1,0
E35497,SDGs,nonfin,1,0
E35497,エンゲージメント,nonfin,1,0
E35497,サステナビリティ,nonfin,1,0
E35497,営業利益,acc,1,0
E35497,営業利益率,ratio,1,0
E35497,売上高,acc,1,0
E35497,当期純利益,acc,0,1
E35497,脱炭素/温室効果ガス,nonfin,1,0
E35544,営業利益,acc,1,1
E35544,売上収益,acc,1,1
E35544,当期純利益,acc,0,1
E35555,SDGs,nonfin,1,0
E35555,売上高,acc,1,0
E35555,経常利益,acc,1,1
E35597,EBITDA,acc,1,0
E35597,ROA,ratio,0,1
E35597,ROE,ratio,1,0
E35597,キャッシュフロー,acc,1,0
E35597,当期純利益率,ratio,1,0
E35597,経常利益,acc,0,1
E35610,EBITDA,acc,1,1
E35642,ROE,ratio,1,0
E35642,ROIC,ratio,1,0
E35642,キャッシュフロー,acc,1,0
E35642,営業利益,acc,1,1
E35791,ESG,nonfin,1,0
E35791,PBR,stock,1,0
E35791,ROE,ratio,1,1
E35791,ROIC,ratio,1,0
E35791,SDGs,nonfin,1,0
E35791,TSR,stock,0,1
E35791,営業利益,acc,0,1
E35791,営業利益率,ratio,1,0
E35791,売上高,acc,1,1
E35791,当期純利益率,ratio,1,0
E35791,脱炭素/温室効果ガス,nonfin,0,1
E35791,非財務指標,nonfin,0,1
E35810,ESG,nonfin,0,1
E35810,ESG外部評価,nonfin,0,1
E35810,PBR,stock,1,0
E35810,ROE,ratio,1,1
E35810,サステナビリティ,nonfin,0,1
E35810,女性管理職比率,nonfin,1,0
E35810,当期純利益,acc,0,1
E35908,DOE,stock,1,0
E35908,ROE,ratio,1,0
E35908,ROIC,ratio,1,0
E35908,SDGs,nonfin,1,0
E35908,サステナビリティ,nonfin,1,0
E35908,利益率,ratio,1,0
E35908,営業利益,acc,1,1
E35908,売上高,acc,1,0
E35908,脱炭素/温室効果ガス,nonfin,1,0
E35908,配当性向,stock,1,0
E35931,EBITDA,acc,1,0
E35931,ESG,nonfin,0,1
E35931,エンゲージメント,nonfin,1,0
E35931,営業利益,acc,0,1
E35931,売上収益,acc,0,1
E35931,売上高,acc,1,0
E35931,当期純利益,acc,0,1
E35931,顧客満足度,nonfin,1,0
E35948,EBITDA,acc,1,1
E35948,Non-GAAP営業利益,acc,1,0
E35948,キャッシュフロー,acc,1,1
E35948,サステナビリティ,nonfin,1,0
E35948,フリーキャッシュフロー,acc,1,1
E35948,営業利益,acc,1,0
E35948,売上収益,acc,1,0
E35948,脱炭素/温室効果ガス,nonfin,1,0
E35948,連結利益,acc,0,1
E35959,営業利益,acc,0,1
E35959,営業利益率,ratio,1,0
E35959,売上高,acc,1,1
E36002,営業利益,acc,0,1
E36002,売上高,acc,1,0
E36002,当期純利益,acc,1,0
E36002,当期純利益率,ratio,1,0
E36002,経常利益,acc,1,0
E36002,経常利益率,ratio,1,0
E36098,ROE,ratio,1,0
E36098,営業利益,acc,1,0
E36098,営業利益率,ratio,1,0
E36098,売上高,acc,1,0
E36098,売上高比,ratio,1,0
E36098,当期純利益,acc,1,0
E36098,経常利益,acc,1,1
E36102,ESG,nonfin,0,1
E36102,ROE,ratio,0,1
E36102,TSR,stock,0,1
E36102,営業利益,acc,1,0
E36102,売上高,acc,1,0
E36102,当期純利益,acc,1,0
E36102,時価総額,stock,0,1
E36102,経常利益,acc,1,1
E36102,脱炭素/温室効果ガス,nonfin,0,1
E36133,売上総利益率,ratio,1,0
E36133,売上高,acc,1,1
E36133,経常利益,acc,1,1
E36133,経常利益率,ratio,1,0
E36190,DOE,stock,1,0
E36190,ESG,nonfin,0,1
E36190,ROE,ratio,1,1
E36190,SDGs,nonfin,1,0
E36190,TSR,stock,0,1
E36190,コア営業利益,acc,0,1
E36190,サステナビリティ,nonfin,1,0
E36190,フリーキャッシュフロー,acc,1,0
E36190,営業利益,acc,0,1
E36190,売上収益,acc,1,0
E36223,SDGs,nonfin,1,0
E36223,サステナビリティ,nonfin,1,0
E36223,営業利益,acc,1,0
E36223,売上高,acc,1,0
E36223,経常利益,acc,0,1
E36223,脱炭素/温室効果ガス,nonfin,1,0
E36321,サステナビリティ,nonfin,1,0
E36321,利益率,ratio,1,0
E36321,営業利益,acc,0,1
E36321,営業利益率,ratio,1,0
E36321,売上高,acc,1,0
E36321,当期純利益率,ratio,1,0
E36350,EBITDA,acc,1,0
E36350,ROE,ratio,1,1
E36350,エンゲージメント,nonfin,1,0
E36350,営業利益,acc,1,1
E36350,営業利益率,ratio,1,0
E36350,売上高,acc,1,0
E36350,自己資本比率,ratio,1,0
E36350,配当性向,stock,1,0
E36460,ROE,ratio,1,0
E36460,サステナビリティ,nonfin,1,0
E36460,営業利益,acc,1,1
E36460,営業利益率,ratio,1,0
E36460,売上高,acc,1,1
E36464,ROE,ratio,1,0
E36464,サステナビリティ,nonfin,1,0
E36464,営業利益,acc,1,1
E36464,売上収益,acc,1,0
E36466,ROE,ratio,1,0
E36466,ROIC,ratio,1,0
E36466,キャッシュフロー,acc,1,0
E36466,サステナビリティ,nonfin,1,0
E36466,営業利益,acc,1,1
E36466,営業利益率,ratio,1,0
E36466,営業損益,acc,0,1
E36466,売上高,acc,1,0
E36466,売上高比,ratio,1,0
E36466,女性管理職比率,nonfin,1,0
E36466,廃棄物削減,nonfin,1,0
E36466,当期純利益,acc,1,1
E36466,経常利益,acc,1,0
E36466,脱炭素/温室効果ガス,nonfin,1,0
E36466,自己資本比率,ratio,1,0
E36539,ROE,ratio,1,0
E36539,サステナビリティ,nonfin,1,0
E36539,売上高,acc,0,1
E36539,経常利益,acc,0,1
E36539,自己資本比率,ratio,1,0
E36539,配当性向,stock,1,0
E36658,エンゲージメント,nonfin,1,0
E36658,営業利益,acc,0,1
E36658,売上高,acc,0,1
E36658,当期純利益,acc,0,1
E36700,ROE,ratio,1,1
E36700,当期純利益,acc,1,0
E36700,経常利益,acc,1,0
E36703,ESG,nonfin,0,1
E36703,ROE,ratio,1,0
E36703,サステナビリティ,nonfin,1,1
E36703,女性管理職比率,nonfin,0,1
E36703,当期純利益,acc,1,1
E36703,脱炭素/温室効果ガス,nonfin,0,1
E36703,自己資本比率,ratio,1,0
E36706,ESG,nonfin,1,1
E36706,ROE,ratio,1,1
E36706,ROIC,ratio,1,0
E36706,エンゲージメント,nonfin,1,1
E36706,サステナビリティ,nonfin,1,0
E36706,事業利益,acc,1,1
E36706,事業利益率,ratio,1,0
E36706,売上収益,acc,1,1
E36706,定性評価,nonfin,1,0
E36706,当期純利益,acc,1,0
E36706,株主還元率,stock,1,0
E36706,脱炭素/温室効果ガス,nonfin,1,1
E36706,自己資本比率,ratio,1,0
E36706,配当性向,stock,1,0
E36706,非財務指標,nonfin,0,1
E36707,ESG,nonfin,1,0
E36707,ROE,ratio,0,1
E36707,サステナビリティ,nonfin,1,0
E36707,営業利益,acc,0,1
E36714,キャッシュフロー,acc,1,0
E36714,売上高,acc,0,1
E36714,経常利益,acc,0,1
E36723,EBITDA,acc,1,0
E36723,ESG外部評価,nonfin,0,1
E36723,ROE,ratio,1,0
E36723,エンゲージメント,nonfin,0,1
E36723,サステナビリティ,nonfin,1,1
E36723,事業利益,acc,1,1
E36723,売上高,acc,1,0
E36723,当期純利益,acc,1,1
E36723,自己資本比率,ratio,1,0
E36723,配当性向,stock,1,0
E36730,ESG,nonfin,0,1
E36730,ROE,ratio,1,1
E36730,サステナビリティ,nonfin,0,1
E36730,女性管理職比率,nonfin,0,1
E36730,当期純利益,acc,1,1
E36730,脱炭素/温室効果ガス,nonfin,0,1
E36730,自己資本比率,ratio,1,1
E36750,ROE,ratio,1,0
E36750,TSR,stock,0,1
E36750,営業利益,acc,1,1
E36750,営業利益率,ratio,1,0
E36750,売上高,acc,1,0
E36751,EBITDA,acc,1,0
E36751,サステナビリティ,nonfin,1,0
E36751,事業利益,acc,1,0
E36751,事業利益率,ratio,1,0
E36751,受注高,nonfin,1,0
E36751,当期純利益,acc,1,0
E36751,株主還元率,stock,1,0
E36751,経常利益,acc,0,1
E36751,脱炭素/温室効果ガス,nonfin,1,0
E36751,自己資本比率,ratio,1,0
E36969,営業利益,acc,1,0
E36969,営業損益,acc,1,0
E36969,売上高,acc,1,0
E36969,経常利益,acc,0,1
E36976,ROIC,ratio,1,1
E36976,TSR,stock,0,1
E36976,キャッシュフロー,acc,1,0
E36976,営業利益,acc,1,1
E36976,売上収益,acc,1,0
E36976,売上高,acc,0,1
E36976,当期純利益,acc,1,1
E36991,ESG,nonfin,1,0
E36991,SDGs,nonfin,1,0
E36991,サステナビリティ,nonfin,1,0
E36991,営業利益,acc,1,0
E36991,売上総利益,acc,1,0
E36991,売上高,acc,1,0
E36991,当期純利益,acc,0,1
E37082,ROE,ratio,1,0
E37082,サステナビリティ,nonfin,1,0
E37082,経常利益,acc,0,1
E37156,ROE,ratio,1,0
E37156,ROIC,ratio,1,0
E37156,サステナビリティ,nonfin,1,0
E37156,営業利益,acc,0,1
E37156,営業利益率,ratio,1,0
E37156,脱炭素/温室効果ガス,nonfin,1,0
E37157,ESG,nonfin,1,0
E37157,SDGs,nonfin,1,0
E37157,サステナビリティ,nonfin,1,0
E37157,営業利益,acc,1,0
E37157,営業利益率,ratio,1,1
E37157,脱炭素/温室効果ガス,nonfin,1,0
E37157,販売数量,nonfin,1,0
E37165,EBITDA,acc,1,1
E37165,サステナビリティ,nonfin,1,0
E37165,営業利益,acc,1,1
E37165,売上高,acc,1,0
E37194,TSR,stock,0,1
E37194,営業利益,acc,1,0
E37194,売上総利益,acc,1,0
E37194,売上高,acc,0,1
E37194,当期純利益,acc,0,1
E37194,株価成長率,stock,0,1
E37194,税引前利益,acc,0,1
E37412,ROE,ratio,1,1
E37412,サステナビリティ,nonfin,0,1
E37412,売上高,acc,0,1
E37412,当期純利益,acc,1,1
E37412,脱炭素/温室効果ガス,nonfin,1,1
E37412,自己資本比率,ratio,1,0
E37412,非財務目標,nonfin,0,1
E37456,PBR,stock,1,0
E37456,ROE,ratio,1,0
E37456,SDGs,nonfin,1,0
E37456,営業利益,acc,1,1
E37456,営業利益率,ratio,1,0
E37456,売上総利益率,ratio,1,1
E37456,売上高,acc,1,0
E37456,時価総額,stock,1,0
E37468,DOE,stock,1,0
E37468,ROE,ratio,1,0
E37468,エンゲージメント,nonfin,1,0
E37468,営業利益,acc,0,1
E37468,営業利益率,ratio,1,1
E37468,売上高,acc,1,1
E37488,ESG,nonfin,1,0
E37488,ROE,ratio,1,0
E37488,ROIC,ratio,1,0
E37488,SDGs,nonfin,1,0
E37488,TSR,stock,0,1
E37488,WACC,ratio,1,0
E37488,フリーキャッシュフロー,acc,0,1
E37488,営業利益,acc,1,0
E37488,営業利益率,ratio,1,1
E37488,売上収益,acc,1,0
E37488,売上総利益率,ratio,0,1
E37488,当期純利益,acc,1,1
E37499,利益率,ratio,1,0
E37499,営業利益,acc,0,1
E37499,営業利益率,ratio,1,0
E37499,売上高,acc,1,0
E37499,当期純利益,acc,0,1
E37523,営業利益,acc,1,0
E37523,売上高,acc,1,0
E37523,経常利益,acc,0,1
E37560,ROE,ratio,1,0
E37560,サステナビリティ,nonfin,1,0
E37560,営業利益,acc,1,1
E37560,営業利益率,ratio,1,0
E37560,売上高,acc,1,1
E37573,営業利益,acc,1,1
E37573,営業利益率,ratio,1,0
E37573,売上高,acc,1,0
E37719,ESG,nonfin,0,1
E37719,サステナビリティ,nonfin,0,1
E37719,売上高,acc,1,0
E37719,当期純利益,acc,0,1
E37719,経常利益率,ratio,1,0
E37725,ESG,nonfin,1,1
E37725,ESG外部評価,nonfin,1,0
E37725,ROE,ratio,1,0
E37725,エンゲージメント,nonfin,1,0
E37725,キャッシュフロー,acc,1,0
E37725,コア業務純益,acc,0,1
E37725,サステナビリティ,nonfin,1,0
E37725,営業利益,acc,1,0
E37725,売上総利益,acc,0,1
E37725,定性評価,nonfin,0,1
E37725,当期純利益,acc,1,1
E37725,株主還元率,stock,1,0
E37725,脱炭素/温室効果ガス,nonfin,1,0
E37725,非財務指標,nonfin,1,0
E37741,ESG,nonfin,1,0
E37741,SDGs,nonfin,1,0
E37741,サステナビリティ,nonfin,1,0
E37741,営業利益,acc,1,0
E37741,売上高,acc,1,1
E37741,当期純利益,acc,0,1
E37741,経常利益,acc,0,1
E37777,ESG,nonfin,0,1
E37777,ROE,ratio,0,1
E37777,TSR,stock,0,1
E37777,エンゲージメント,nonfin,1,0
E37777,サステナビリティ,nonfin,1,0
E37777,当期純利益,acc,0,1
E37777,経常利益,acc,0,1
E37781,ESG,nonfin,0,1
E37781,ROE,ratio,1,0
E37781,エンゲージメント,nonfin,0,1
E37781,コア業務純益,acc,0,1
E37781,サステナビリティ,nonfin,1,1
E37781,当期純利益,acc,1,1
E37781,脱炭素/温室効果ガス,nonfin,1,0
E37781,自己資本比率,ratio,1,0
E37781,非財務指標,nonfin,0,1
E37785,ESG,nonfin,1,0
E37785,ROE,ratio,1,0
E37785,SDGs,nonfin,1,0
E37785,サステナビリティ,nonfin,1,0
E37785,当期純利益,acc,1,1
E37785,脱炭素/温室効果ガス,nonfin,1,0
E37814,利益率,ratio,1,0
E37814,営業利益,acc,0,1
E37814,営業利益率,ratio,1,0
E37814,売上高,acc,1,0
E37814,脱炭素/温室効果ガス,nonfin,1,0
E37814,自己資本比率,ratio,1,0
E37814,配当性向,stock,1,0
E37978,ESG,nonfin,0,1
E37978,ROE,ratio,0,1
E37978,サステナビリティ,nonfin,1,0
E37978,利益率,ratio,1,0
E37978,営業利益,acc,1,1
E37978,営業利益率,ratio,1,0
E37978,売上総利益,acc,1,0
E37978,売上高,acc,1,1
E37978,脱炭素/温室効果ガス,nonfin,1,0
E37978,販売数量,nonfin,1,0
E38148,D/Eレシオ,ratio,1,0
E38148,EBITDA,acc,1,0
E38148,EPS,acc,1,0
E38148,エンゲージメント,nonfin,1,0
E38148,キャッシュフロー,acc,1,0
E38148,サステナビリティ,nonfin,1,0
E38148,営業利益,acc,1,1
E38148,営業利益率,ratio,1,0
E38148,売上高,acc,1,0
E38178,キャッシュフロー,acc,1,0
E38178,受注高,nonfin,1,1
E38178,営業利益,acc,1,1
E38178,売上高,acc,1,1
E38178,当期純利益,acc,0,1
E38443,エンゲージメント,nonfin,1,0
E38443,利益率,ratio,1,0
E38443,営業利益,acc,1,1
E38443,営業利益率,ratio,1,1
E38443,売上高,acc,1,1
E38443,当期純利益,acc,0,1
E38504,ROE,ratio,1,1
E38504,売上高,acc,1,0
E38504,経常利益,acc,1,1
E38523,売上総利益率,ratio,1,0
E38523,売上高,acc,1,0
E38523,経常利益,acc,1,0
E38523,経常利益率,ratio,0,1
E38645,営業利益,acc,0,1
E38645,営業利益率,ratio,1,0
E38645,売上高,acc,1,0
E38714,ROE,ratio,1,1
E38714,当期純利益,acc,0,1
E38714,株主還元率,stock,1,0
E38714,自己資本比率,ratio,1,0
E38723,ROE,ratio,1,0
E38723,ROIC,ratio,1,0
E38723,WACC,ratio,1,0
E38723,サステナビリティ,nonfin,1,0
E38723,営業利益,acc,1,1
E38723,営業利益率,ratio,1,0
E38723,売上総利益率,ratio,1,0
E38723,売上高,acc,1,1
E38723,当期純利益,acc,1,0
E38760,エンゲージメント,nonfin,1,0
E38760,営業利益,acc,0,1
E38760,売上高,acc,1,1
E38760,時価総額,stock,1,1
E38760,経常利益,acc,0,1
E38761,PBR,stock,1,0
E38761,ROE,ratio,1,0
E38761,ROIC,ratio,1,0
E38761,SDGs,nonfin,1,0
E38761,エンゲージメント,nonfin,1,0
E38761,キャッシュフロー,acc,1,0
E38761,サステナビリティ,nonfin,1,0
E38761,売上高,acc,1,0
E38761,株主還元率,stock,1,0
E38761,経常利益,acc,0,1
E38761,経常利益率,ratio,1,0
E38761,配当性向,stock,1,0
E38926,EBITDA,acc,1,0
E38926,ROE,ratio,1,0
E38926,SDGs,nonfin,1,0
E38926,利益率,ratio,1,0
E38926,営業利益,acc,0,1
E38926,営業利益率,ratio,1,0
E38926,売上高,acc,1,0
E38926,脱炭素/温室効果ガス,nonfin,1,0
E38979,EBITDA,acc,0,1
E38979,利益率,ratio,1,0
E39133,ROE,ratio,1,0
E39133,売上高,acc,1,0
E39133,自己資本比率,ratio,1,0
E39133,非財務指標,nonfin,0,1
E39259,EBITDA,acc,1,0
E39259,EPS,acc,1,0
E39259,ESG,nonfin,1,0
E39259,ROE,ratio,1,0
E39259,キャッシュフロー,acc,1,0
E39259,サステナビリティ,nonfin,1,0
E39259,売上高,acc,1,0
E39259,経常利益,acc,0,1
E39259,自己資本比率,ratio,1,0
E39407,ROA,ratio,1,0
E39407,営業利益,acc,1,0
E39407,営業損益,acc,0,1
E39407,売上高,acc,1,1
E39407,自己資本比率,ratio,1,0
E39505,DOE,stock,1,0
E39505,ROE,ratio,1,0
E39505,利益率,ratio,1,0
E39505,営業利益,acc,1,1
E39505,定性評価,nonfin,0,1
E39505,自己資本比率,ratio,1,0
E39645,EBITDA,acc,1,0
E39645,ROE,ratio,1,0
E39645,営業利益,acc,1,0
E39645,営業利益率,ratio,1,0
E39645,売上高,acc,1,1
E39645,当期純利益,acc,1,1
E39785,DOE,stock,0,1
E39785,ROE,ratio,0,1
E39785,サステナビリティ,nonfin,1,0
E39785,営業利益,acc,0,1
E39785,売上高,acc,0,1
E39785,当期純利益,acc,0,1
E39892,EBITDA,acc,1,1
E39892,エンゲージメント,nonfin,1,0
E39892,利益率,ratio,1,0
E39892,営業利益,acc,1,0
E39892,営業利益率,ratio,1,0
E39892,売上収益,acc,1,0
E39892,売上高,acc,1,1
E40019,ROE,ratio,1,0
E40019,キャッシュフロー,acc,1,0
E40019,サステナビリティ,nonfin,1,0
E40019,営業利益,acc,1,0
E40019,営業利益率,ratio,1,0
E40019,売上高,acc,1,0
E40019,当期純利益,acc,0,1
E40154,キャッシュフロー,acc,1,0
E40154,営業利益,acc,0,1
E40154,営業利益率,ratio,1,0
E40154,売上高,acc,0,1
E40154,当期純利益,acc,0,1
E40213,ROE,ratio,1,0
E40213,ROIC,ratio,1,1
E40213,営業利益,acc,1,1
E40213,営業利益率,ratio,1,0
E40213,定性評価,nonfin,0,1
E40213,自己資本比率,ratio,1,0
E40648,事業利益,acc,1,1
E40648,売上収益,acc,1,1
E40648,当期純利益,acc,0,1
E40662,D/Eレシオ,ratio,1,0
E40662,EBITDA,acc,1,0
E40662,売上高,acc,1,1
E40662,当期純利益,acc,0,1
E40662,経常利益,acc,1,1
E40662,経常利益率,ratio,1,0
E40662,脱炭素/温室効果ガス,nonfin,1,0
E40668,キャッシュフロー,acc,0,1
E40668,営業利益,acc,0,1
E40668,営業利益率,ratio,1,0
E40668,売上高,acc,1,1
E40668,売上高比,ratio,1,0
E40668,当期純利益,acc,0,1
E40668,自己資本比率,ratio,1,0
E40727,ESG,nonfin,1,0
E40727,ROE,ratio,1,0
E40727,キャッシュフロー,acc,1,0
E40727,営業利益,acc,1,1
E40727,営業損益,acc,1,0
E40727,配当性向,stock,1,0
E40727,非財務目標,nonfin,1,0
E40736,ROE,ratio,1,0
E40736,売上高,acc,1,0
E40736,経常利益,acc,1,1
E40736,経常利益率,ratio,1,1
E40985,EBITDA,acc,0,1
E40985,ROE,ratio,0,1
E40985,ROIC,ratio,0,1
E40985,TSR,stock,0,1
E40985,サステナビリティ,nonfin,1,0
E40985,営業利益,acc,0,1
E40985,営業利益率,ratio,1,1
E40985,売上収益,acc,1,1
E41037,エンゲージメント,nonfin,1,0
E41037,営業利益,acc,0,1
E41037,売上総利益,acc,0,1
E41037,売上高,acc,0,1
E41037,定性評価,nonfin,0,1
E41115,キャッシュフロー,acc,1,0
E41115,営業利益,acc,1,1
E41115,売上高,acc,1,1
E41331,ESG,nonfin,1,0
E41331,ROA,ratio,1,0
E41331,エンゲージメント,nonfin,1,0
E41331,利益率,ratio,1,0
E41331,売上高,acc,1,0
E41331,経常利益,acc,0,1
E41331,経常利益率,ratio,1,0
E41331,自己資本比率,ratio,1,0
E41452,EBITDA,acc,0,1
E41452,営業利益,acc,1,0
E41452,営業利益率,ratio,1,0
E41452,売上収益,acc,1,0
E41452,売上高,acc,1,0
