firm,period_end,rp,market,pol_acc,pay_acc,pol_ratio,pay_ratio,pol_nongaap,pay_nongaap,pol_nonfin,pay_nonfin,pol_stock,pay_stock
E00006,2025-05-31,P,プライム,0,1,0,0,0,0,1,0,0,0
E00007,2026-03-31,P,プライム,1,0,1,0,1,1,1,0,0,0
E00008,2026-03-31,P,プライム,1,1,1,1,0,0,0,0,1,0
E00011,2025-12-31,P,プライム,1,1,1,0,0,0,1,1,0,1
E00012,2026-03-31,P,プライム,1,1,1,0,0,0,1,0,0,0
E00014,2026-03-31,P,プライム,1,1,1,1,0,0,1,1,0,0
E00015,2026-03-31,P,プライム,1,1,1,1,0,0,0,1,0,0
E00021,2026-03-31,P,プライム,1,1,1,0,1,0,1,1,0,1
E00023,2026-03-31,P,プライム,1,1,1,0,0,0,1,1,0,0
E00024,2026-03-31,P,プライム,1,1,1,1,0,0,1,1,0,1
E00028,2026-03-31,P,プライム,1,1,1,0,0,0,0,0,0,0
E00030,2026-03-31,P,プライム,1,1,1,0,0,0,1,0,0,0
E00032,2026-03-31,P,プライム,1,1,1,0,1,0,1,0,0,0
E00035,2026-03-31,P,スタンダード,1,1,1,0,0,0,0,0,0,0
E00036,2026-03-31,P,プライム,1,1,1,1,0,0,0,0,0,0
E00037,2026-03-31,P,プライム,1,1,0,0,0,0,0,0,0,0
E00041,2026-03-31,P,プライム,1,1,1,1,0,0,1,1,1,0
E00043,2025-12-31,P,プライム,0,1,0,1,0,0,1,1,0,0
E00048,2026-03-31,P,プライム,1,1,0,1,0,0,1,1,1,1
E00052,2026-03-31,P,プライム,1,1,1,0,0,0,0,1,0,0
E00053,2026-03-31,P,プライム,1,1,0,0,0,0,1,1,1,0
E00055,2026-03-31,P,プライム,0,1,0,1,0,0,1,1,0,1
E00056,2026-03-31,P,プライム,1,1,0,0,0,0,1,1,0,1
E00058,2026-03-31,P,プライム,1,1,1,1,0,0,1,1,0,0
E00059,2025-05-31,P,プライム,1,1,1,0,0,0,1,0,1,0
E00060,2026-03-31,P,プライム,1,1,1,1,0,0,1,0,0,1
E00064,2026-03-31,P,スタンダード,1,1,1,0,0,0,1,0,0,0
E00065,2026-03-31,P,プライム,1,1,1,0,0,0,1,1,0,0
E00073,2026-03-31,P,プライム,1,1,1,0,0,0,1,0,0,0
E00074,2026-03-31,P,プライム,1,1,1,0,0,0,1,0,0,0
E00075,2026-03-31,P,プライム,1,1,0,0,0,0,0,0,0,0
E00076,2026-03-31,P,プライム,1,1,1,0,0,0,1,0,0,0
E00080,2026-03-31,P,プライム,1,1,1,0,0,0,1,1,0,0
E00081,2026-03-31,P,プライム,1,0,0,1,0,0,0,1,0,0
E00086,2026-03-31,P,プライム,1,1,1,1,1,0,1,1,1,0
E00090,2026-03-31,P,プライム,1,1,1,0,0,0,1,0,0,0
E00092,2026-03-31,P,プライム,0,1,1,0,0,0,0,0,0,0
E00094,2026-03-31,P,プライム,1,1,1,1,0,0,0,1,1,0
E00095,2026-03-31,P,スタンダード,1,1,1,1,0,0,1,1,0,1
E00097,2026-03-31,P,プライム,1,1,1,1,0,0,1,0,0,1
E00098,2026-03-31,P,プライム,1,1,1,1,0,0,0,0,0,0
E00107,2026-03-31,P,プライム,1,1,1,0,0,0,1,0,1,0
E00112,2026-03-31,P,プライム,1,1,1,1,0,0,1,0,0,0
E00113,2026-03-31,P,プライム,1,1,1,1,0,0,1,0,0,0
E00115,2026-03-31,P,プライム,1,1,0,0,0,0,1,0,0,0
E00117,2026-03-31,P,スタンダード,1,1,1,0,0,0,1,0,0,0
E00119,2026-03-31,P,プライム,1,1,1,0,1,0,1,1,0,0
E00120,2026-03-31,P,プライム,1,1,1,0,0,0,1,0,0,0
E00121,2026-03-31,P,スタンダード,1,1,1,1,0,0,1,1,1,0
E00142,2026-03-31,P,プライム,1,1,1,0,1,0,1,0,1,0
E00143,2026-01-31,P,プライム,1,1,1,1,0,0,1,1,1,1
E00146,2026-03-31,P,プライム,1,1,1,0,0,0,0,0,0,0
E00147,2026-03-31,P,プライム,1,1,1,0,0,0,0,1,0,0
E00148,2026-03-31,P,プライム,1,1,1,1,0,0,0,0,0,0
E00149,2026-03-31,P,プライム,0,1,0,1,0,0,1,1,0,1
E00153,2026-03-31,P,プライム,1,1,0,0,0,0,1,1,0,0
E00157,2026-03-31,P,プライム,1,1,1,0,0,0,0,0,1,0
E00161,2026-03-31,P,プライム,1,1,0,0,0,0,1,0,0,0
E00167,2026-03-31,P,スタンダード,1,1,1,0,0,0,1,0,1,0
E00168,2026-03-31,P,プライム,1,1,1,1,0,0,1,0,0,0
E00175,2026-03-31,P,スタンダード,1,1,0,0,0,0,1,0,0,0
E00176,2026-03-31,P,プライム,1,0,1,1,0,0,1,0,0,0
E00183,2026-03-31,P,プライム,1,1,1,1,0,0,1,1,0,1
E00185,2026-03-31,P,プライム,1,1,1,0,0,0,1,1,1,0
E00189,2026-03-31,P,スタンダード,1,1,1,0,0,0,1,0,0,0
E00194,2026-03-31,P,プライム,1,1,1,0,0,0,0,0,0,0
E00196,2025-12-31,P,プライム,1,1,1,0,0,0,0,1,0,0
E00197,2025-04-30,P,プライム,1,1,1,0,0,0,0,0,0,0
E00207,2026-03-31,P,プライム,0,1,0,0,0,0,1,0,0,0
E00208,2026-01-31,P,プライム,1,1,1,1,0,0,1,1,0,0
E00209,2026-03-31,P,スタンダード,0,1,0,0,0,0,1,0,0,0
E00218,2026-03-31,P,プライム,1,1,1,1,0,0,0,1,0,0
E00225,2026-03-31,P,スタンダード,1,1,1,1,0,0,1,1,1,1
E00232,2026-03-31,P,スタンダード,1,1,1,1,0,0,1,0,0,0
E00233,2026-03-31,P,スタンダード,1,1,1,0,0,0,0,0,1,1
E00238,2026-03-31,P,スタンダード,1,1,1,0,0,0,1,1,1,0
E00239,2025-07-31,P,スタンダード,1,1,1,0,0,0,1,0,0,0
E00246,2025-08-31,P,スタンダード,1,1,1,0,0,0,1,0,0,0
E00250,2026-03-31,P,スタンダード,1,1,1,0,0,0,1,1,0,0
E00251,2026-03-31,P,スタンダード,0,1,1,0,0,0,0,0,0,0
E00254,2025-09-30,P,スタンダード,0,1,1,0,0,0,1,0,1,0
E00255,2026-03-31,P,スタンダード,1,1,1,0,0,0,1,1,0,0
E00259,2025-06-30,P,スタンダード,1,1,1,0,0,0,0,0,0,0
E00260,2026-03-31,P,スタンダード,1,1,0,0,0,0,1,0,0,0
E00268,2026-03-31,P,プライム,0,1,1,0,0,0,1,0,0,0
E00282,2025-06-30,P,スタンダード,1,1,0,0,0,0,1,0,0,0
E00285,2026-03-31,P,プライム,1,1,0,0,0,0,0,1,0,0
E00304,2026-03-31,P,スタンダード,1,1,1,1,0,0,1,0,0,0
E00311,2025-08-31,P,スタンダード,1,1,1,0,0,0,0,0,1,0
E00313,2026-03-31,P,スタンダード,1,1,1,1,0,0,1,0,1,0
E00315,2025-12-31,P,スタンダード,0,1,1,0,0,0,0,0,0,0
E00316,2026-03-31,P,プライム,1,1,1,0,0,0,1,1,0,0
E00317,2026-03-31,P,プライム,1,1,1,1,0,0,1,1,0,1
E00322,2026-03-31,P,プライム,1,1,1,1,0,0,1,1,0,0
E00327,2025-08-31,P,スタンダード,1,1,1,0,0,0,1,0,0,0
E00331,2026-03-31,P,プライム,1,1,1,1,0,0,1,1,0,1
E00334,2026-03-31,P,プライム,1,1,1,1,0,0,1,0,0,1
E00335,2026-03-31,P,プライム,1,1,1,0,0,0,1,1,0,0
E00337,2025-12-31,P,プライム,0,1,0,0,0,0,1,0,0,0
E00341,2026-03-31,P,スタンダード,1,1,0,0,0,0,1,0,0,0
E00342,2026-02-28,P,プライム,1,0,1,1,0,0,0,0,0,0
E00345,2026-03-31,P,プライム,1,1,1,1,0,0,1,0,0,0
E00346,2026-03-31,P,プライム,1,1,1,0,0,0,1,1,1,1
E00347,2026-03-31,P,スタンダード,1,1,1,1,0,0,1,0,0,1
E00348,2026-03-31,P,プライム,1,1,1,1,0,0,1,1,1,0
E00351,2025-12-31,P,スタンダード,1,1,1,0,0,0,0,0,0,0
E00355,2026-03-31,P,プライム,1,1,1,1,0,0,1,0,0,0
E00356,2026-03-31,P,プライム,1,1,1,1,1,1,1,1,0,1
E00360,2026-03-31,P,スタンダード,1,1,1,1,0,0,1,0,0,0
E00369,2026-03-31,P,プライム,1,1,1,0,1,0,1,1,0,0
E00371,2026-03-31,P,プライム,1,1,1,0,0,0,1,0,0,0
E00372,2026-03-31,P,スタンダード,1,1,1,0,0,0,0,0,0,0
E00373,2025-12-31,P,プライム,1,1,1,0,0,0,0,0,0,0
E00378,2025-12-31,P,スタンダード,1,1,0,0,0,0,1,0,0,0
E00381,2026-01-31,P,プライム,1,1,1,1,0,0,1,0,0,0
E00386,2026-03-31,P,スタンダード,0,1,1,0,0,0,1,0,0,0
E00389,2026-03-31,P,スタンダード,1,1,0,0,0,0,1,0,0,0
E00393,2025-12-31,P,プライム,1,0,1,1,1,1,1,1,0,1
E00394,2025-12-31,P,プライム,1,0,1,0,1,0,1,1,1,0
E00395,2025-12-31,P,プライム,1,1,1,1,0,0,1,1,1,1
E00396,2026-03-31,P,プライム,1,1,1,0,0,0,1,0,0,0
E00397,2025-12-31,P,プライム,1,1,1,1,0,0,1,0,0,0
E00400,2026-03-31,P,プライム,0,1,1,0,0,0,0,0,0,0
E00406,2026-03-31,P,プライム,1,1,1,0,0,0,0,1,1,0
E00408,2025-12-31,P,スタンダード,0,1,1,0,0,0,0,0,0,0
E00410,2026-03-31,P,プライム,1,1,1,0,1,0,1,1,0,0
E00414,2025-04-30,P,プライム,0,1,0,1,0,0,1,1,0,1
E00417,2025-12-31,P,プライム,1,1,1,1,0,0,1,1,0,0
E00424,2026-01-20,P,プライム,1,1,1,0,0,0,1,0,0,0
E00428,2026-03-31,P,プライム,1,1,1,1,0,0,1,1,0,0
E00431,2026-03-31,P,プライム,1,1,1,1,0,0,1,1,0,1
E00433,2026-03-31,P,スタンダード,0,1,1,0,0,0,0,0,0,0
E00434,2026-03-31,P,プライム,0,1,1,1,0,0,1,0,0,1
E00435,2026-03-31,P,プライム,1,1,1,1,0,0,0,1,0,0
E00436,2026-03-31,P,プライム,1,1,1,1,1,0,1,1,0,1
E00439,2026-03-31,P,プライム,0,1,1,0,0,0,1,1,0,0
E00443,2026-03-31,P,スタンダード,1,1,1,0,1,0,1,0,0,0
E00444,2025-12-31,P,プライム,1,1,1,1,0,0,1,0,1,0
E00446,2026-03-31,P,プライム,1,1,1,1,1,1,1,1,1,0
E00448,2026-03-31,P,プライム,1,1,1,0,0,0,1,0,0,0
E00452,2026-03-31,P,スタンダード,1,1,1,0,0,0,1,0,0,0
E00458,2026-03-31,P,プライム,1,1,1,1,0,0,1,1,0,0
E00461,2026-03-31,P,プライム,1,1,1,0,0,0,1,0,0,0
E00462,2026-03-31,P,プライム,1,0,1,1,1,1,1,1,0,0
E00464,2025-11-30,P,プライム,1,1,1,1,0,0,1,0,0,0
E00465,2026-03-31,P,スタンダード,1,1,1,0,0,0,0,0,1,0
E00467,2026-03-31,P,スタンダード,1,1,0,0,0,0,0,0,0,0
E00473,2026-03-31,P,スタンダード,1,1,1,0,0,0,1,0,0,0
E00474,2025-12-31,P,スタンダード,1,1,1,1,0,0,1,0,0,0
E00476,2025-06-30,P,スタンダード,1,1,1,1,0,0,1,1,0,0
E00481,2026-03-31,P,プライム,1,1,1,0,0,0,1,0,1,0
E00482,2025-04-30,P,プライム,0,1,1,1,0,0,1,0,0,0
E00486,2026-03-31,P,プライム,1,1,1,1,0,0,0,0,0,0
E00491,2026-03-31,P,プライム,1,1,1,1,0,0,1,0,0,0
E00492,2025-12-31,P,プライム,1,1,1,0,0,0,0,1,0,0
E00493,2026-03-31,P,プライム,1,1,1,1,1,0,1,0,0,0
E00494,2026-03-31,P,スタンダード,1,1,0,0,0,0,1,0,0,0
E00496,2026-02-28,P,プライム,0,1,1,0,0,0,0,0,0,0
E00501,2026-03-31,P,スタンダード,1,1,0,0,0,0,1,0,0,0
E00506,2026-03-31,P,プライム,1,1,1,0,0,0,1,0,0,0
E00511,2026-03-31,P,スタンダード,0,1,1,0,1,0,1,0,0,1
E00513,2026-03-31,P,スタンダード,1,1,1,0,0,0,1,0,0,0
E00514,2026-03-31,P,スタンダード,0,1,1,0,1,0,1,0,0,0
E00520,2026-03-31,P,プライム,1,0,1,0,0,0,1,1,1,1
E00521,2026-03-31,P,スタンダード,1,1,1,0,0,0,1,1,0,0
E00523,2025-12-31,P,プライム,1,1,1,0,0,0,1,0,0,0
E00524,2025-12-31,P,スタンダード,0,1,0,0,0,1,1,1,0,0
E00525,2026-03-31,P,プライム,1,1,1,1,1,1,1,1,1,0
E00527,2026-03-31,P,スタンダード,1,1,1,1,0,0,0,1,0,0
E00528,2026-03-31,P,プライム,1,1,1,1,0,0,1,0,0,0
E00529,2026-03-31,P,プライム,1,1,1,0,0,0,1,0,0,0
E00530,2026-03-31,P,プライム,1,1,1,0,0,0,1,0,0,0
E00542,2026-03-31,P,プライム,1,1,1,1,1,0,1,0,0,0
E00544,2025-12-31,P,プライム,1,1,1,0,0,0,0,0,0,0
E00550,2026-03-31,P,スタンダード,1,1,1,0,0,0,0,0,0,0
E00552,2025-11-30,P,プライム,1,1,1,0,0,0,1,0,0,1
E00558,2026-03-31,P,スタンダード,1,1,1,0,0,0,0,0,0,0
E00559,2025-12-31,P,プライム,1,1,1,0,0,0,0,0,0,0
E00562,2026-03-31,P,プライム,0,1,1,0,0,0,1,0,1,0
E00567,2026-03-31,P,スタンダード,1,1,0,1,0,0,0,0,0,0
E00569,2026-03-31,P,スタンダード,0,1,1,0,0,0,1,0,0,0
E00570,2026-03-31,P,プライム,1,1,1,0,0,0,0,0,0,0
E00571,2026-01-31,P,スタンダード,0,0,1,1,0,0,1,0,1,1
E00572,2026-03-31,P,スタンダード,0,1,0,0,0,0,1,0,0,0
E00573,2026-03-31,P,スタンダード,1,1,1,0,0,0,1,0,0,1
E00576,2026-03-31,P,スタンダード,0,1,0,0,0,0,1,0,0,0
E00584,2026-03-31,P,スタンダード,1,1,1,1,0,0,1,0,0,0
E00590,2026-03-31,P,プライム,1,1,1,1,0,0,1,0,1,0
E00591,2026-03-31,P,プライム,1,1,1,0,0,0,1,1,0,0
E00593,2026-02-28,P,プライム,1,1,1,0,0,0,0,0,1,0
E00600,2025-08-31,P,スタンダード,1,1,1,0,0,0,0,0,0,0
E00603,2026-03-31,P,プライム,0,1,1,1,0,0,1,1,0,0
E00604,2025-12-31,P,スタンダード,1,1,0,0,0,0,0,0,0,1
E00605,2026-02-28,P,スタンダード,1,1,0,0,0,0,1,0,0,0
E00609,2026-03-31,P,スタンダード,1,1,1,0,0,0,1,0,0,0
E00617,2025-08-31,P,スタンダード,1,1,1,0,0,0,0,0,0,0
E00630,2026-03-31,P,スタンダード,1,1,1,0,0,0,1,0,0,0
E00631,2026-03-31,P,スタンダード,1,1,1,0,1,0,1,0,1,0
E00632,2026-03-31,P,スタンダード,1,1,1,0,1,0,1,0,0,0
E00635,2026-03-31,P,スタンダード,1,1,1,0,0,0,0,0,0,0
E00636,2025-11-30,P,スタンダード,1,1,1,0,0,0,1,0,0,0
E00640,2026-03-31,P,プライム,1,1,1,0,0,0,0,0,1,0
E00642,2026-03-31,P,プライム,1,1,1,1,0,0,1,1,0,0
E00644,2026-03-31,P,プライム,1,1,1,0,0,0,1,0,0,0
E00645,2026-03-31,P,プライム,1,1,1,0,0,0,1,1,0,0
E00650,2026-03-31,P,スタンダード,1,1,1,0,0,0,0,0,0,0
E00652,2026-03-31,P,スタンダード,1,1,1,1,0,0,0,0,0,0
E00659,2026-03-31,P,プライム,1,1,1,0,0,0,1,0,0,0
E00660,2026-03-31,P,プライム,1,1,1,1,0,0,1,1,0,0
E00664,2025-12-31,P,スタンダード,1,0,0,0,0,1,1,0,0,0
E00667,2026-02-28,P,スタンダード,1,1,0,0,0,0,1,0,0,0
E00668,2025-12-31,P,スタンダード,1,1,1,0,0,0,1,0,1,0
E00669,2026-03-31,P,プライム,1,0,1,0,0,0,1,1,0,0
E00670,2025-12-31,P,プライム,1,1,1,1,1,1,0,1,0,1
E00674,2025-12-31,P,プライム,1,1,1,0,0,0,1,0,0,0
E00678,2025-12-31,P,プライム,1,1,1,0,0,1,0,1,0,0
E00679,2026-03-31,P,スタンダード,1,1,1,0,0,0,1,0,0,0
E00685,2026-03-31,P,スタンダード,1,1,1,0,0,0,1,0,1,0
E00690,2026-03-31,P,スタンダード,1,1,0,0,0,0,1,0,0,0
E00691,2026-03-31,P,プライム,1,1,1,0,0,0,1,1,1,0
E00692,2026-03-31,P,プライム,1,1,1,1,1,1,1,1,0,1
E00693,2026-03-31,P,プライム,1,1,1,1,0,0,1,1,1,0
E00695,2026-03-31,P,プライム,1,1,1,1,0,0,0,1,0,1
E00703,2025-12-31,P,プライム,1,1,1,1,0,0,1,1,0,0
E00705,2026-03-31,P,スタンダード,1,1,1,0,0,0,1,0,0,0
E00707,2025-09-30,P,プライム,1,1,1,1,1,0,0,1,0,0
E00708,2025-12-31,P,スタンダード,0,1,1,0,0,0,1,0,1,0
E00710,2025-05-31,P,プライム,1,1,1,1,0,0,1,0,0,0
E00711,2026-03-31,P,スタンダード,1,1,1,0,0,0,1,0,0,0
E00714,2026-03-31,P,スタンダード,1,1,1,0,0,0,0,1,0,0
E00716,2026-03-31,P,プライム,1,1,1,1,0,0,1,1,0,0
E00717,2026-03-31,P,プライム,1,1,1,0,1,0,0,0,0,0
E00720,2026-03-31,P,スタンダード,1,1,1,0,0,0,1,0,1,0
E00725,2026-03-31,P,プライム,1,1,1,0,0,0,1,0,1,0
E00734,2026-03-31,P,スタンダード,0,1,1,0,0,0,1,0,0,0
E00751,2025-12-31,P,プライム,1,0,1,1,1,1,1,1,1,1
E00752,2026-03-31,P,プライム,0,1,1,1,1,1,0,1,0,1
E00755,2026-03-31,P,プライム,0,1,0,0,0,0,1,0,0,1
E00759,2026-03-31,P,プライム,1,1,1,1,0,1,1,1,0,1
E00760,2026-03-31,P,プライム,1,1,1,0,0,0,1,0,0,0
E00761,2026-03-31,P,プライム,1,1,1,1,1,1,1,1,0,0
E00762,2025-12-31,P,プライム,1,1,1,0,0,0,1,0,0,0
E00763,2025-04-30,P,スタンダード,0,1,0,0,0,0,1,0,0,0
E00764,2026-03-31,P,プライム,1,1,1,1,0,0,1,0,0,0
E00765,2026-03-31,P,プライム,1,1,1,1,0,0,0,1,0,0
E00766,2026-03-31,P,プライム,1,1,1,1,0,0,0,0,0,0
E00767,2026-03-31,P,プライム,1,1,1,0,0,0,1,0,0,0
E00768,2026-03-31,P,プライム,1,1,1,1,0,0,1,1,0,0
E00769,2026-03-31,P,プライム,1,1,1,1,0,0,1,1,1,1
E00770,2025-12-31,P,プライム,1,1,1,0,0,0,1,0,1,0
E00771,2026-03-31,P,プライム,1,1,0,0,0,0,1,0,0,0
E00772,2026-03-31,P,プライム,1,1,1,0,0,0,1,0,1,1
E00774,2026-03-31,P,プライム,1,1,1,0,0,0,1,1,0,0
E00775,2026-03-31,P,プライム,0,1,0,1,0,0,1,0,0,1
E00777,2026-03-31,P,プライム,1,1,1,0,0,0,1,0,1,0
E00780,2026-03-31,P,プライム,1,1,1,1,0,0,1,0,1,0
E00783,2026-03-31,P,プライム,1,1,1,0,1,1,1,1,0,0
E00784,2026-03-31,P,プライム,1,1,1,0,1,0,1,0,1,0
E00791,2026-03-31,P,スタンダード,0,1,1,0,0,0,0,0,0,0
E00792,2026-03-31,P,プライム,0,1,0,0,0,0,1,0,0,0
E00804,2026-03-31,P,プライム,1,1,1,0,0,0,0,0,0,0
E00805,2026-03-31,P,プライム,1,1,1,0,0,0,1,0,0,0
E00806,2026-03-31,P,プライム,1,1,1,1,1,0,1,0,0,0
E00808,2026-03-31,P,プライム,0,1,0,1,0,1,1,1,0,1
E00809,2026-03-31,P,プライム,1,1,1,0,1,0,0,0,0,0
E00810,2026-03-31,P,スタンダード,1,1,1,0,0,0,1,0,0,0
E00811,2026-03-31,P,プライム,0,1,0,1,0,0,1,0,0,0
E00815,2026-03-31,P,プライム,1,1,1,1,1,0,1,1,0,0
E00818,2026-03-31,P,プライム,1,1,1,1,1,1,1,0,0,0
E00819,2026-03-31,P,プライム,1,1,1,1,0,0,1,1,0,0
E00820,2026-03-31,P,プライム,1,1,1,1,1,1,1,1,0,0
E00821,2026-03-31,P,プライム,0,1,1,1,1,0,1,1,0,0
E00824,2026-03-31,P,プライム,0,1,0,0,0,0,1,1,0,0
E00828,2025-10-31,P,プライム,1,0,1,0,0,0,1,1,0,0
E00829,2026-03-31,P,スタンダード,0,1,1,0,0,0,1,0,0,0
E00830,2026-03-31,P,プライム,1,1,1,0,1,0,1,0,0,0
E00832,2026-03-31,P,スタンダード,1,1,1,0,0,0,1,0,0,0
E00834,2025-12-31,P,プライム,1,1,1,0,0,0,1,0,0,0
E00836,2026-03-31,P,プライム,1,1,1,1,0,0,1,0,0,0
E00837,2026-03-31,P,スタンダード,0,1,0,1,0,0,1,1,0,0
E00838,2026-03-31,P,プライム,1,1,0,1,0,1,1,0,0,0
E00839,2026-03-31,P,スタンダード,1,1,1,0,0,0,1,0,0,0
E00840,2026-03-31,P,プライム,1,1,1,1,1,1,1,1,0,1
E00841,2025-12-31,P,プライム,1,1,1,1,0,0,1,1,0,0
E00842,2026-03-31,P,スタンダード,1,1,1,0,0,0,1,0,0,0
E00845,2026-03-31,P,プライム,1,1,1,1,0,0,1,0,1,0
E00846,2025-12-31,P,スタンダード,1,1,1,1,0,0,0,0,0,0
E00848,2026-03-31,P,スタンダード,1,1,0,0,0,0,0,0,0,0
E00852,2026-03-31,P,プライム,1,1,1,1,1,1,1,1,1,0
E00854,2025-12-31,P,プライム,1,1,1,1,1,1,1,1,0,0
E00855,2025-11-30,P,プライム,1,1,1,1,0,1,1,0,0,0
E00858,2026-03-31,P,プライム,1,1,1,1,0,0,1,1,0,0
E00868,2026-03-31,P,スタンダード,1,1,1,0,0,0,1,0,0,0
E00872,2026-03-31,P,プライム,1,1,1,1,0,0,1,1,1,1
E00873,2026-03-31,P,プライム,1,1,1,0,0,0,1,0,0,0
E00876,2025-12-31,P,プライム,0,1,0,0,0,0,1,1,0,0
E00877,2026-03-31,P,プライム,1,1,1,1,1,0,1,1,1,1
E00878,2026-03-31,P,プライム,1,1,1,0,0,0,1,1,0,0
E00880,2026-03-31,P,プライム,1,1,1,1,0,0,1,1,0,0
E00881,2025-12-31,P,スタンダード,0,1,1,0,0,0,1,0,0,0
E00883,2025-12-31,P,プライム,1,1,1,1,1,1,1,1,0,1
E00884,2026-03-31,P,プライム,1,1,1,0,0,0,0,0,0,0
E00885,2026-03-31,P,プライム,0,1,1,0,0,0,1,1,1,0
E00886,2026-03-31,P,スタンダード,1,1,1,1,0,0,1,0,1,0
E00887,2025-12-31,P,スタンダード,1,1,1,0,1,0,1,0,1,0
E00890,2025-05-31,P,スタンダード,1,1,1,0,0,0,0,0,0,0
E00891,2026-03-31,P,プライム,1,1,1,1,1,1,1,0,1,0
E00892,2025-12-31,P,プライム,1,1,1,0,1,1,1,1,1,1
E00893,2026-03-31,P,プライム,0,1,0,1,0,1,1,0,0,0
E00895,2026-03-31,P,スタンダード,1,1,1,0,0,0,0,0,0,0
E00896,2025-11-30,P,スタンダード,1,1,1,1,0,0,1,0,0,0
E00897,2026-03-31,P,プライム,1,1,1,0,1,0,1,1,0,0
E00898,2026-03-31,P,プライム,1,1,1,0,0,0,1,0,1,0
E00899,2026-03-31,P,スタンダード,1,1,1,0,0,0,0,0,0,0
E00901,2025-12-31,P,プライム,1,1,1,1,0,0,1,0,0,1
E00903,2025-12-31,P,プライム,1,1,1,1,0,0,1,0,0,0
E00904,2026-03-31,P,スタンダード,1,1,1,1,0,0,1,0,0,1
E00905,2025-12-31,P,プライム,1,0,1,1,0,0,1,1,0,1
E00912,2026-03-31,P,スタンダード,1,1,1,0,0,0,1,0,0,0
E00913,2026-03-31,P,プライム,1,1,1,1,0,0,1,0,0,0
E00915,2025-10-31,P,スタンダード,0,1,1,1,1,1,1,1,0,0
E00916,2026-03-31,P,スタンダード,1,1,1,1,0,0,0,0,1,0
E00917,2026-03-31,P,スタンダード,1,1,1,0,0,0,0,0,0,0
E00919,2026-03-31,P,プライム,1,1,1,0,1,1,0,0,1,1
E00920,2026-03-31,P,プライム,1,1,0,0,1,1,0,1,0,1
E00922,2026-03-31,P,プライム,1,1,0,0,1,1,1,1,0,0
E00923,2026-03-31,P,プライム,1,1,1,1,1,1,1,1,1,1
E00926,2026-03-31,P,スタンダード,1,1,0,0,0,0,0,0,0,0
E00928,2026-03-31,P,スタンダード,0,1,1,0,0,0,1,0,1,0
E00931,2026-03-31,P,プライム,1,1,1,0,0,0,1,0,1,0
E00932,2025-12-31,P,プライム,0,1,1,0,0,1,1,1,0,1
E00935,2026-03-31,P,プライム,1,1,1,1,0,0,0,1,0,1
E00937,2026-03-31,P,プライム,1,1,1,1,0,0,1,1,0,0
E00939,2026-03-31,P,プライム,1,1,1,1,1,1,0,1,0,1
E00942,2026-03-31,P,プライム,1,1,1,0,1,0,1,1,0,0
E00947,2026-03-31,P,プライム,1,1,1,0,1,0,1,0,1,0
E00949,2026-03-31,P,プライム,1,1,1,1,1,1,1,1,1,1
E00952,2026-03-31,P,プライム,1,1,1,0,1,0,1,0,0,0
E00953,2026-03-31,P,プライム,1,1,1,0,0,0,1,0,1,0
E00961,2026-03-31,P,プライム,1,1,1,1,0,0,1,0,0,0
E00962,2026-03-31,P,プライム,1,1,1,0,0,0,1,0,1,0
E00967,2026-03-31,P,プライム,1,1,1,1,1,0,1,1,0,1
E00970,2026-03-31,P,プライム,1,1,0,0,0,1,1,1,0,0
E00974,2026-03-31,P,プライム,0,1,0,0,0,0,1,0,0,0
E00984,2026-03-31,P,プライム,1,1,1,1,0,1,0,1,1,1
E00985,2026-03-31,P,プライム,1,1,1,0,0,0,0,1,0,1
E00988,2026-03-31,P,プライム,1,1,1,1,0,0,1,1,0,0
E00989,2026-03-31,P,プライム,1,1,1,1,0,0,0,1,0,1
E00991,2025-12-31,P,プライム,1,1,0,1,1,1,1,1,0,0
E00993,2026-03-31,P,プライム,1,1,0,1,0,0,1,0,0,0
E00995,2026-03-31,P,スタンダード,1,0,1,1,0,0,1,0,0,0
E01000,2026-03-31,P,プライム,1,1,1,1,0,0,1,1,0,1
E01002,2026-03-31,P,プライム,1,1,1,1,1,0,1,1,0,0
E01005,2025-12-31,P,スタンダード,1,1,0,0,0,0,0,0,0,0
E01006,2025-11-30,P,スタンダード,0,1,1,0,0,0,0,0,0,0
E01007,2026-03-31,P,スタンダード,1,1,1,0,0,0,1,0,0,0
E01008,2026-03-31,P,プライム,1,1,1,0,1,1,1,0,0,0
E01014,2026-03-31,P,スタンダード,1,1,1,0,1,0,1,0,0,0
E01015,2025-12-31,P,プライム,1,1,0,0,0,0,0,0,0,0
E01018,2026-03-31,P,プライム,1,1,1,1,0,0,1,1,0,1
E01019,2026-03-31,P,プライム,1,1,1,0,1,0,1,0,0,0
E01020,2026-03-31,P,プライム,1,1,1,0,0,0,1,0,0,0
E01024,2026-03-31,P,スタンダード,1,1,1,0,0,0,1,0,0,0
E01028,2025-12-31,P,スタンダード,1,0,1,1,1,1,1,0,0,0
E01034,2025-09-30,P,プライム,1,1,1,0,0,0,1,0,0,0
E01035,2026-03-31,P,スタンダード,1,1,1,0,0,0,1,0,0,0
E01039,2025-12-31,P,プライム,1,1,0,0,0,0,1,0,0,0
E01040,2026-02-28,P,スタンダード,0,1,1,0,0,0,1,0,0,0
E01045,2026-03-31,P,スタンダード,0,1,1,0,0,0,1,0,0,0
E01047,2025-12-31,P,プライム,1,1,1,1,1,1,0,1,0,1
E01048,2026-03-31,P,プライム,1,1,1,0,1,0,1,0,1,0
E01049,2025-12-31,P,プライム,1,1,1,1,1,0,1,1,0,0
E01051,2026-03-31,P,スタンダード,1,1,1,0,0,0,1,0,0,0
E01054,2025-12-31,P,プライム,1,1,1,1,0,0,1,0,0,0
E01055,2026-03-31,P,スタンダード,0,1,1,0,0,0,0,0,0,0
E01056,2026-03-31,P,プライム,1,1,1,0,0,0,1,1,0,0
E01058,2026-03-31,P,スタンダード,0,1,1,0,0,0,1,0,0,0
E01060,2026-03-31,P,プライム,1,1,1,1,0,0,1,1,0,1
E01061,2025-12-31,P,スタンダード,1,0,1,0,1,1,1,1,0,0
E01065,2026-03-31,P,プライム,0,1,0,0,0,0,1,0,0,0
E01068,2025-06-30,P,スタンダード,1,1,1,0,0,0,0,0,0,0
E01074,2026-03-31,P,スタンダード,0,1,1,0,0,0,1,0,0,0
E01077,2026-03-31,P,プライム,1,1,1,0,1,0,1,1,0,0
E01083,2026-02-28,P,スタンダード,1,0,1,0,0,0,1,1,0,0
E01084,2026-03-31,P,プライム,1,1,1,1,0,0,0,1,0,0
E01085,2025-12-31,P,プライム,1,1,1,0,0,0,1,0,1,0
E01086,2025-12-31,P,プライム,1,1,1,1,0,0,1,1,0,1
E01090,2025-12-31,P,プライム,1,1,1,1,0,0,0,1,0,1
E01092,2026-03-31,P,プライム,1,1,1,1,1,1,0,1,0,0
E01094,2026-03-31,P,プライム,1,1,1,0,0,0,1,0,1,0
E01096,2026-03-31,P,プライム,0,0,0,1,0,0,1,0,0,0
E01098,2026-03-31,P,プライム,1,1,1,1,0,0,1,0,0,0
E01100,2026-03-31,P,プライム,0,0,1,0,0,0,1,1,0,0
E01103,2026-03-31,P,スタンダード,0,1,1,0,0,0,1,0,0,0
E01107,2026-03-31,P,スタンダード,1,1,1,0,0,0,1,0,0,0
E01108,2026-03-31,P,プライム,0,1,1,0,0,0,1,1,0,0
E01110,2025-12-31,P,プライム,0,1,0,1,0,0,1,1,0,0
E01111,2026-03-31,P,プライム,1,1,1,1,0,0,1,0,0,1
E01112,2026-03-31,P,スタンダード,0,1,1,0,0,0,1,0,1,0
E01113,2026-03-31,P,プライム,0,1,0,0,0,0,1,0,0,0
E01114,2025-12-31,P,スタンダード,1,1,1,0,0,0,1,1,0,1
E01115,2026-03-31,P,スタンダード,1,1,1,0,0,0,0,0,0,0
E01118,2026-03-31,P,スタンダード,1,1,1,0,0,0,1,0,0,0
E01120,2026-03-31,P,スタンダード,0,1,1,0,0,0,1,0,0,0
E01121,2026-03-31,P,プライム,0,1,1,0,0,1,1,0,0,1
E01122,2025-12-31,P,プライム,1,1,1,1,1,1,1,1,0,1
E01124,2026-03-31,P,プライム,0,1,0,1,0,0,1,1,0,1
E01126,2026-03-31,P,スタンダード,0,1,1,1,0,0,0,0,0,0
E01127,2026-03-31,P,プライム,0,1,1,1,0,0,1,1,0,0
E01130,2026-03-31,P,プライム,0,1,0,0,0,0,1,1,0,0
E01131,2026-03-31,P,スタンダード,1,1,1,0,0,0,1,0,1,0
E01136,2026-03-31,P,プライム,1,1,1,0,1,0,0,1,0,1
E01137,2026-03-31,P,プライム,1,1,1,1,0,0,1,1,0,0
E01138,2026-03-31,P,プライム,1,1,1,1,0,0,1,1,0,0
E01139,2026-03-31,P,プライム,1,1,1,1,0,0,1,1,1,0
E01140,2025-12-31,P,プライム,1,1,0,0,0,0,1,0,0,0
E01142,2026-03-31,P,プライム,1,1,0,0,0,0,1,0,0,1
E01146,2026-03-31,P,プライム,0,1,1,0,1,0,1,1,0,0
E01147,2026-03-31,P,プライム,0,1,1,0,0,0,1,0,0,0
E01149,2026-03-31,P,スタンダード,0,1,0,0,0,0,1,0,0,0
E01151,2026-03-31,P,プライム,1,1,1,1,0,0,1,1,0,0
E01152,2026-03-31,P,プライム,1,1,1,1,0,0,1,1,0,0
E01156,2026-03-31,P,プライム,1,1,1,0,0,0,1,0,0,0
E01162,2025-12-31,P,プライム,1,1,1,1,1,0,0,1,0,0
E01163,2026-03-31,P,スタンダード,0,1,0,0,0,0,1,0,0,0
E01164,2026-03-31,P,プライム,1,1,0,1,0,0,1,0,0,0
E01165,2026-02-28,P,スタンダード,1,1,1,0,0,0,0,0,0,0
E01166,2026-03-31,P,スタンダード,1,1,1,0,0,0,0,0,1,0
E01170,2025-10-31,P,スタンダード,1,1,1,0,0,0,1,1,0,0
E01173,2026-03-31,P,スタンダード,0,1,1,0,0,0,1,0,0,0
E01180,2026-03-31,P,スタンダード,1,1,1,0,0,0,0,0,1,0
E01182,2026-03-31,P,プライム,0,1,1,0,0,0,1,0,1,0
E01183,2026-03-31,P,プライム,1,1,1,0,0,0,1,0,0,0
E01188,2026-03-31,P,スタンダード,1,0,1,1,0,0,0,0,1,0
E01190,2025-12-31,P,プライム,1,1,1,0,0,0,1,0,0,0
E01195,2026-03-31,P,スタンダード,1,1,1,0,0,0,1,0,0,0
E01200,2026-03-31,P,スタンダード,0,1,1,0,0,0,1,1,1,0
E01202,2026-03-31,P,スタンダード,0,1,1,0,0,0,1,0,0,0
E01206,2026-03-31,P,スタンダード,0,1,0,0,0,0,1,0,0,0
E01207,2026-03-31,P,プライム,0,1,1,1,0,1,1,0,0,0
E01210,2026-03-31,P,プライム,0,0,1,1,0,0,1,0,0,0
E01211,2026-03-31,P,スタンダード,1,1,1,0,0,0,1,0,0,0
E01212,2026-03-31,P,スタンダード,0,1,1,0,0,0,0,0,0,0
E01223,2025-12-31,P,プライム,1,1,1,1,0,0,1,1,0,1
E01229,2026-03-31,P,プライム,1,1,1,1,1,0,1,0,0,0
E01230,2026-03-31,P,プライム,1,1,1,1,0,1,1,1,0,0
E01231,2026-03-31,P,プライム,1,1,1,1,0,0,1,1,0,0
E01232,2026-03-31,P,プライム,1,1,0,1,0,0,1,1,0,0
E01233,2026-03-31,P,プライム,1,1,1,1,0,0,1,1,1,1
E01234,2026-03-31,P,プライム,1,1,1,0,0,0,1,1,0,0
E01235,2026-03-31,P,プライム,1,1,1,0,0,0,1,0,0,0
E01239,2026-03-31,P,プライム,1,1,1,1,0,0,1,0,1,1
E01242,2026-03-31,P,プライム,1,1,1,0,1,0,0,0,1,0
E01245,2026-03-31,P,スタンダード,1,1,1,0,0,0,0,0,0,0
E01247,2026-03-31,P,プライム,1,1,1,0,0,0,1,0,0,0
E01251,2026-03-31,P,プライム,1,1,1,0,0,0,1,0,1,0
E01253,2026-03-31,P,プライム,1,1,1,1,0,0,1,1,0,0
E01254,2026-03-31,P,プライム,0,1,0,0,0,0,1,0,0,0
E01256,2025-12-31,P,プライム,1,1,1,0,0,0,1,0,0,0
E01259,2026-03-31,P,プライム,1,1,0,0,0,0,1,0,0,0
E01260,2026-03-31,P,スタンダード,0,1,0,1,0,0,1,0,0,0
E01262,2026-03-31,P,スタンダード,1,0,1,1,0,0,1,1,1,0
E01264,2026-03-31,P,プライム,0,0,1,1,0,0,1,1,1,1
E01266,2026-03-31,P,プライム,1,1,1,0,0,0,1,0,1,0
E01267,2025-12-31,P,プライム,1,1,1,1,0,0,1,1,0,1
E01268,2026-03-31,P,プライム,1,1,1,1,0,0,1,0,1,0
E01269,2026-03-31,P,スタンダード,0,1,1,0,0,0,1,0,0,0
E01275,2026-03-31,P,スタンダード,1,1,1,0,0,0,0,0,0,0
E01276,2026-03-31,P,スタンダード,1,1,0,1,0,0,0,0,0,0
E01280,2026-03-31,P,プライム,1,1,1,0,0,0,1,0,1,0
E01287,2026-03-31,P,スタンダード,1,1,1,0,1,0,1,0,0,0
E01292,2026-03-31,P,プライム,1,0,1,1,0,0,1,0,0,0
E01294,2026-03-31,P,スタンダード,1,1,1,0,0,0,1,0,0,0
E01296,2026-03-31,P,スタンダード,0,1,1,0,0,0,1,0,0,0
E01298,2026-03-31,P,スタンダード,1,1,1,0,0,0,1,0,0,0
E01303,2026-03-31,P,プライム,1,1,1,1,0,0,1,1,1,0
E01315,2026-03-31,P,スタンダード,1,1,1,0,0,0,1,0,0,0
E01317,2026-03-31,P,プライム,1,1,1,1,0,0,1,0,0,0
E01318,2026-03-31,P,プライム,1,1,1,0,0,0,1,0,1,0
E01320,2026-03-31,P,スタンダード,0,1,0,0,0,0,1,0,0,0
E01325,2026-02-28,P,スタンダード,1,1,1,0,1,0,1,0,0,0
E01330,2026-03-31,P,プライム,1,1,1,1,0,1,1,1,0,1
E01332,2026-03-31,P,プライム,1,1,1,0,1,0,1,1,0,0
E01333,2026-03-31,P,プライム,1,1,1,1,0,0,1,0,0,0
E01334,2026-03-31,P,プライム,1,1,1,1,0,0,1,0,0,0
E01336,2026-03-31,P,プライム,1,1,1,1,0,0,1,1,1,0
E01348,2026-02-28,P,スタンダード,0,1,1,0,0,0,0,0,0,0
E01350,2025-12-31,P,スタンダード,0,1,0,0,0,0,1,0,0,0
E01351,2026-03-31,P,スタンダード,1,1,1,1,0,1,1,0,0,0
E01353,2026-03-31,P,プライム,1,1,1,1,1,1,0,1,0,0
E01355,2026-03-31,P,プライム,1,1,0,0,0,0,0,0,1,1
E01364,2026-03-31,P,スタンダード,1,1,1,0,0,0,1,0,0,0
E01367,2026-03-31,P,プライム,1,1,1,0,0,0,1,0,0,0
E01368,2026-03-31,P,スタンダード,1,1,1,0,0,0,0,0,0,0
E01370,2025-11-30,P,スタンダード,1,1,1,0,0,0,0,0,0,0
E01372,2026-03-31,P,プライム,1,1,1,0,0,0,1,0,1,0
E01377,2025-11-30,P,プライム,0,1,1,0,0,0,1,0,0,0
E01378,2026-03-31,P,プライム,1,1,1,0,1,0,1,0,1,0
E01379,2025-12-31,P,プライム,1,1,1,1,0,0,1,0,0,0
E01380,2025-05-31,P,スタンダード,1,1,1,0,0,0,0,0,0,0
E01382,2026-03-31,P,プライム,0,1,1,1,0,0,1,1,0,0
E01385,2026-03-31,P,プライム,1,1,1,0,0,0,1,0,0,0
E01391,2026-03-31,P,スタンダード,1,0,1,1,0,0,0,0,0,0
E01394,2026-03-31,P,スタンダード,0,1,1,0,0,0,0,0,1,0
E01396,2026-03-31,P,スタンダード,1,1,1,0,0,0,1,0,0,0
E01400,2026-03-31,P,プライム,1,1,1,1,0,0,1,0,0,0
E01402,2026-03-31,P,スタンダード,1,1,1,1,0,0,0,0,0,0
E01403,2026-03-31,P,スタンダード,1,1,0,0,0,0,1,0,0,0
E01405,2026-03-31,P,スタンダード,1,1,1,0,0,0,1,0,0,0
E01411,2026-03-31,P,スタンダード,1,1,1,0,0,0,1,0,0,0
E01412,2025-12-31,P,プライム,1,1,1,1,0,0,1,1,1,0
E01413,2026-03-31,P,プライム,1,1,1,1,0,0,1,0,0,0
E01414,2026-03-31,P,プライム,1,1,1,1,0,0,0,1,0,0
E01415,2026-03-31,P,スタンダード,1,1,1,1,0,0,1,0,1,0
E01417,2026-03-31,P,プライム,1,1,1,1,0,0,1,1,0,1
E01420,2026-03-31,P,スタンダード,1,1,1,0,0,0,1,0,1,0
E01421,2025-12-31,P,スタンダード,1,1,1,0,0,0,0,0,0,0
E01422,2026-03-31,P,スタンダード,1,1,0,0,0,0,1,0,1,0
E01426,2026-03-31,P,スタンダード,1,1,1,0,0,0,1,0,1,0
E01427,2026-03-31,P,スタンダード,1,1,1,0,0,0,0,0,0,0
E01428,2026-03-31,P,スタンダード,1,1,1,0,0,0,1,0,0,0
E01430,2026-03-20,P,プライム,0,1,1,1,0,1,0,1,0,0
E01431,2025-12-31,P,スタンダード,0,1,1,0,0,0,0,0,0,0
E01437,2026-03-31,P,スタンダード,0,1,1,0,0,0,0,0,0,0
E01438,2026-03-31,P,プライム,0,1,1,1,0,0,1,0,0,0
E01443,2026-03-31,P,プライム,1,1,1,1,0,0,1,0,0,0
E01444,2026-03-31,P,スタンダード,1,1,1,0,0,0,1,0,0,0
E01445,2026-03-31,P,スタンダード,1,1,0,0,0,0,1,0,0,0
E01452,2026-03-31,P,スタンダード,1,1,1,1,0,0,1,1,0,0
E01454,2026-02-28,P,スタンダード,0,1,0,0,0,0,1,1,0,0
E01456,2026-03-31,P,スタンダード,0,1,1,0,0,0,1,0,0,0
E01459,2025-12-31,P,スタンダード,0,1,1,0,0,0,1,0,0,0
E01462,2026-03-31,P,スタンダード,1,1,1,0,0,0,0,0,0,0
E01464,2026-03-31,P,スタンダード,1,1,1,0,0,0,1,0,0,0
E01465,2025-08-31,P,プライム,0,0,1,1,0,0,0,1,0,0
E01469,2026-03-31,P,プライム,1,1,1,1,0,0,1,0,0,0
E01471,2026-03-31,P,スタンダード,1,1,1,1,0,0,1,0,0,0
E01474,2026-03-31,P,スタンダード,1,1,0,0,0,0,1,0,0,0
E01478,2026-03-31,P,プライム,1,1,1,1,0,0,1,0,1,0
E01480,2026-03-31,P,プライム,0,1,0,0,0,0,1,0,0,0
E01481,2026-03-31,P,プライム,1,1,1,1,0,0,0,0,0,0
E01482,2026-03-31,P,プライム,1,0,1,1,0,0,1,0,0,0
E01486,2026-03-31,P,プライム,1,1,1,1,0,0,1,0,1,0
E01488,2026-03-31,P,スタンダード,1,1,1,0,0,0,1,0,0,0
E01495,2026-03-31,P,プライム,1,1,1,1,0,0,1,1,0,0
E01499,2026-03-31,P,プライム,1,1,1,0,0,0,0,0,0,0
E01502,2025-12-31,P,プライム,1,1,1,0,0,0,1,1,0,0
E01504,2025-12-31,P,プライム,1,1,1,0,0,1,1,0,1,0
E01505,2025-12-31,P,プライム,1,1,1,0,0,0,0,0,0,0
E01506,2026-03-31,P,プライム,1,1,1,1,0,0,1,1,0,0
E01509,2026-03-31,P,プライム,1,1,1,1,0,0,1,0,0,0
E01510,2026-03-31,P,スタンダード,1,1,1,0,0,0,0,0,0,0
E01511,2026-03-31,P,スタンダード,1,1,1,0,0,0,0,0,0,0
E01515,2026-03-31,P,スタンダード,1,1,1,1,0,0,1,0,0,0
E01521,2026-03-31,P,スタンダード,1,1,1,0,0,0,0,0,0,0
E01529,2026-03-31,P,スタンダード,1,1,1,0,0,0,0,1,0,0
E01531,2026-03-31,P,プライム,1,1,1,0,0,0,1,0,0,0
E01532,2026-03-31,P,プライム,1,1,1,1,0,0,1,1,0,0
E01533,2025-12-31,P,プライム,1,1,1,1,0,0,1,1,0,0
E01534,2026-03-31,P,スタンダード,1,1,0,0,0,0,1,0,0,0
E01536,2026-03-31,P,プライム,1,1,1,1,0,0,1,1,0,0
E01537,2026-03-31,P,プライム,1,1,1,1,0,0,1,0,0,0
E01539,2026-03-31,P,スタンダード,1,1,1,0,0,0,1,0,0,0
E01541,2026-03-31,P,プライム,1,1,1,1,1,0,1,0,0,0
E01542,2025-12-31,P,プライム,1,1,1,1,1,0,1,1,1,0
E01544,2026-03-31,P,スタンダード,1,1,1,0,0,0,1,1,0,0
E01545,2026-03-31,P,プライム,1,1,1,0,1,0,1,0,1,0
E01546,2026-03-31,P,スタンダード,1,1,0,0,0,0,1,0,0,0
E01547,2026-03-31,P,スタンダード,1,1,1,0,0,0,1,0,0,0
E01548,2026-03-31,P,スタンダード,1,1,1,0,0,0,0,0,0,0
E01551,2025-12-31,P,プライム,1,1,1,1,0,0,1,1,0,0
E01554,2026-03-31,P,プライム,1,1,1,0,0,0,1,0,1,1
E01563,2025-12-31,P,プライム,1,0,1,1,0,0,1,0,1,0
E01568,2025-09-30,P,スタンダード,1,1,1,0,0,0,1,0,0,0
E01569,2026-03-31,P,スタンダード,1,1,0,0,0,0,1,0,0,0
E01570,2026-03-31,P,プライム,1,1,1,1,0,0,0,0,0,1
E01571,2026-03-31,P,プライム,1,1,1,1,0,0,1,1,0,0
E01572,2026-03-31,P,プライム,1,1,1,1,0,0,1,1,0,0
E01573,2026-03-31,P,プライム,1,1,1,1,0,0,1,1,0,1
E01575,2026-03-31,P,プライム,1,1,1,0,0,0,1,1,0,0
E01577,2026-03-31,P,プライム,1,1,1,0,0,0,0,0,0,0
E01578,2026-03-31,P,プライム,1,1,1,1,0,0,1,1,0,1
E01583,2026-03-31,P,プライム,1,1,1,0,0,0,1,0,1,0
E01585,2026-03-31,P,プライム,1,1,0,0,0,0,1,1,0,0
E01589,2025-06-30,P,プライム,1,1,1,1,0,0,1,0,0,0
E01590,2026-03-31,P,プライム,1,1,1,1,0,0,0,0,0,0
E01591,2025-12-31,P,プライム,1,1,1,0,0,0,0,0,0,0
E01593,2026-03-31,P,プライム,1,1,1,1,0,0,1,1,0,0
E01594,2026-03-31,P,プライム,1,1,1,1,0,0,1,1,1,1
E01595,2026-03-31,P,プライム,1,1,1,0,0,0,1,0,1,0
E01596,2025-12-31,P,プライム,1,1,1,0,0,0,1,0,1,0
E01599,2026-03-31,P,プライム,0,1,0,0,0,0,1,0,0,0
E01600,2026-03-31,P,プライム,0,1,1,1,0,0,1,1,0,1
E01601,2026-03-31,P,プライム,1,1,1,1,0,0,1,1,0,0
E01602,2026-03-31,P,プライム,1,1,1,0,0,0,0,0,1,0
E01603,2025-11-30,P,プライム,0,1,1,0,0,0,1,0,0,0
E01607,2026-03-31,P,プライム,0,1,0,1,0,0,1,1,0,1
E01612,2026-03-31,P,スタンダード,1,1,1,0,0,0,1,0,0,0
E01613,2025-12-31,P,プライム,0,1,0,0,0,0,1,0,0,0
E01617,2026-03-31,P,スタンダード,1,1,1,1,0,0,1,0,0,1
E01627,2026-03-31,P,スタンダード,0,1,1,0,0,0,1,0,0,0
E01628,2026-03-31,P,スタンダード,0,1,1,0,0,0,1,0,0,0
E01629,2026-03-31,P,スタンダード,0,1,0,0,0,0,1,0,0,0
E01630,2026-03-31,P,プライム,1,1,1,1,0,0,1,1,0,0
E01631,2026-03-31,P,プライム,0,1,0,1,0,1,1,1,0,0
E01632,2026-03-31,P,スタンダード,0,1,0,1,0,0,1,1,0,0
E01636,2026-03-31,P,プライム,1,1,1,0,0,0,1,0,0,0
E01642,2026-03-31,P,プライム,0,1,1,0,0,0,1,0,0,0
E01643,2026-03-31,P,プライム,1,1,1,0,0,0,1,0,1,0
E01645,2026-03-31,P,プライム,1,1,0,1,0,0,1,1,0,0
E01646,2026-03-31,P,スタンダード,1,1,0,0,0,0,0,0,0,0
E01650,2026-03-31,P,プライム,1,1,1,1,0,0,1,0,0,0
E01652,2025-12-31,P,スタンダード,0,1,1,1,0,0,1,0,0,0
E01653,2026-03-31,P,プライム,1,1,1,1,0,0,1,1,0,0
E01654,2025-12-31,P,プライム,1,1,1,0,0,0,1,0,0,0
E01657,2026-03-31,P,プライム,1,1,1,0,0,0,1,0,0,0
E01660,2025-12-31,P,プライム,1,1,1,1,0,0,1,1,1,0
E01661,2026-03-31,P,プライム,1,1,0,0,0,0,1,0,0,0
E01662,2026-03-31,P,プライム,0,1,0,0,0,0,1,0,0,0
E01663,2026-03-31,P,プライム,1,1,1,1,0,0,0,0,1,0
E01667,2026-03-31,P,プライム,0,1,1,1,0,0,1,0,0,0
E01669,2026-03-31,P,プライム,1,1,1,1,0,0,1,1,1,0
E01670,2026-03-31,P,プライム,0,1,0,1,0,0,1,0,0,0
E01673,2026-03-31,P,プライム,1,1,0,1,0,0,1,1,0,0
E01676,2025-09-30,P,プライム,0,1,1,1,0,0,1,0,1,1
E01677,2026-02-20,P,プライム,1,1,1,1,0,0,0,0,0,0
E01678,2025-12-31,P,プライム,1,1,1,1,0,0,1,0,0,0
E01682,2025-09-30,P,プライム,1,1,1,0,0,0,1,0,0,0
E01684,2026-03-31,P,スタンダード,1,1,0,0,1,0,1,0,0,0
E01685,2026-03-31,P,プライム,1,1,1,1,0,0,0,1,1,0
E01686,2026-03-31,P,スタンダード,1,1,1,0,0,0,1,0,0,0
E01690,2025-08-31,P,プライム,1,1,1,0,0,0,0,0,0,0
E01693,2026-03-31,P,スタンダード,1,1,1,0,0,0,1,0,0,0
E01694,2026-03-31,P,スタンダード,1,1,1,1,0,0,1,1,0,1
E01696,2026-03-31,P,プライム,1,1,1,0,0,0,1,0,0,0
E01698,2026-03-31,P,プライム,1,1,1,0,0,0,1,0,0,1
E01704,2026-03-31,P,スタンダード,0,1,1,0,0,0,0,0,0,0
E01705,2025-10-31,P,プライム,1,1,1,0,0,0,0,0,0,0
E01708,2026-03-31,P,プライム,1,1,1,0,0,0,1,0,0,0
E01710,2026-03-31,P,スタンダード,0,1,0,0,0,0,1,1,0,1
E01711,2026-03-31,P,スタンダード,0,1,1,0,0,0,0,0,0,0
E01712,2026-03-31,P,プライム,0,1,0,0,0,0,1,0,0,0
E01714,2025-12-31,P,プライム,1,1,1,1,0,0,1,0,0,0
E01715,2025-09-30,P,スタンダード,1,1,1,0,0,0,0,0,1,0
E01716,2025-09-30,P,スタンダード,1,1,1,0,1,0,1,0,0,0
E01717,2026-03-31,P,スタンダード,1,1,0,0,0,1,1,0,0,0
E01719,2026-03-31,P,スタンダード,0,1,1,0,0,0,1,0,0,0
E01721,2026-03-31,P,スタンダード,0,1,1,0,0,0,1,0,0,0
E01723,2026-02-28,P,プライム,1,1,1,1,0,1,1,0,1,0
E01724,2026-03-31,P,スタンダード,1,1,1,1,0,0,0,0,0,0
E01725,2025-12-31,P,プライム,1,1,0,0,1,0,1,0,0,0
E01726,2025-12-31,P,プライム,0,1,1,1,0,0,1,1,0,0
E01727,2026-03-31,P,スタンダード,1,1,1,0,0,0,1,0,0,0
E01728,2025-12-31,P,スタンダード,1,1,1,0,0,0,0,0,0,0
E01729,2026-03-31,P,スタンダード,1,1,1,0,0,0,1,0,0,0
E01731,2026-03-31,P,スタンダード,1,1,1,0,0,0,1,0,1,0
E01733,2026-03-31,P,プライム,1,1,1,1,0,0,0,1,0,0
E01735,2026-03-31,P,プライム,1,1,1,1,0,0,1,0,0,0
E01737,2026-03-31,P,プライム,1,1,1,1,1,1,1,1,0,1
E01739,2026-03-31,P,プライム,1,1,1,1,0,0,1,1,0,1
E01740,2026-03-31,P,プライム,1,1,1,1,0,0,1,0,0,0
E01741,2026-02-28,P,プライム,1,1,1,1,0,0,1,1,0,1
E01742,2025-05-31,P,スタンダード,1,1,1,0,0,0,1,1,1,0
E01743,2026-03-31,P,プライム,1,1,1,1,0,0,1,0,0,0
E01744,2026-03-31,P,プライム,1,1,1,0,0,0,1,1,1,1
E01750,2026-03-31,P,プライム,1,1,1,1,0,0,1,1,0,0
E01751,2026-03-31,P,スタンダード,1,1,1,0,0,0,1,0,0,0
E01752,2026-03-31,P,プライム,1,0,1,1,0,0,0,0,1,0
E01753,2026-03-31,P,プライム,1,1,1,0,0,0,0,1,0,0
E01755,2026-03-31,P,プライム,1,1,1,1,0,0,1,1,1,1
E01757,2026-03-31,P,プライム,1,1,1,1,0,0,1,0,0,0
E01758,2026-03-31,P,プライム,0,0,1,1,0,0,1,0,0,0
E01759,2026-03-31,P,プライム,1,1,1,0,0,0,1,0,0,0
E01760,2025-12-31,P,プライム,1,1,1,0,0,0,1,0,0,0
E01761,2026-03-31,P,プライム,1,1,1,0,0,0,1,0,0,0
E01764,2026-03-31,P,スタンダード,0,1,1,0,0,0,0,0,0,0
E01765,2026-03-31,P,プライム,1,1,0,1,1,1,1,1,1,1
E01766,2026-03-31,P,プライム,1,1,1,0,0,0,1,1,0,1
E01767,2026-03-31,P,プライム,1,1,0,1,0,0,0,1,0,0
E01769,2026-03-31,P,プライム,1,1,1,0,0,0,1,0,0,0
E01770,2026-03-31,P,プライム,1,1,0,1,0,0,0,1,0,0
E01772,2026-03-31,P,プライム,1,1,0,1,0,1,0,1,0,1
E01773,2026-03-31,P,プライム,1,0,0,0,0,0,0,1,0,0
E01774,2026-03-31,P,プライム,1,1,1,1,0,0,1,1,0,0
E01777,2026-03-31,P,プライム,1,1,1,1,0,0,0,1,0,0
E01780,2026-03-31,P,プライム,1,1,1,1,0,0,1,1,0,1
E01782,2026-03-31,P,プライム,1,1,1,0,0,0,1,0,0,0
E01786,2026-03-31,P,プライム,1,1,1,1,0,0,1,1,1,1
E01790,2026-03-31,P,プライム,1,1,1,1,0,0,1,1,0,1
E01793,2026-03-31,P,プライム,0,1,1,1,0,0,1,1,1,0
E01797,2026-03-31,P,プライム,1,1,1,1,0,0,1,1,1,1
E01798,2026-03-31,P,スタンダード,1,1,1,1,0,0,1,0,0,0
E01802,2026-03-31,P,プライム,1,1,1,1,0,0,1,0,0,0
E01803,2026-03-31,P,プライム,1,1,1,0,0,0,1,1,0,0
E01805,2026-03-31,P,プライム,1,1,1,1,0,0,1,1,0,0
E01806,2026-03-31,P,プライム,1,1,1,1,0,0,1,1,0,0
E01808,2026-03-31,P,プライム,1,1,1,0,0,0,1,1,0,0
E01811,2026-03-31,P,スタンダード,1,1,1,0,0,0,1,0,0,0
E01816,2026-03-31,P,スタンダード,1,1,1,0,0,0,1,0,0,0
E01817,2026-03-31,P,スタンダード,1,1,1,0,0,0,1,1,1,0
E01819,2026-03-31,P,スタンダード,1,1,0,0,0,0,1,0,0,0
E01821,2026-03-31,P,スタンダード,0,1,1,1,0,0,1,0,0,0
E01824,2026-03-31,P,プライム,0,1,0,1,0,0,1,1,0,0
E01828,2026-03-31,P,プライム,1,1,1,0,0,0,1,0,0,0
E01831,2026-03-31,P,プライム,1,1,1,0,0,0,0,0,0,0
E01834,2025-12-31,P,プライム,1,1,1,1,0,0,0,0,0,0
E01839,2026-02-28,P,プライム,1,1,1,0,0,0,1,0,0,0
E01841,2026-03-31,P,プライム,1,1,0,1,0,0,1,0,0,0
E01842,2026-03-31,P,プライム,1,1,1,1,0,0,0,0,0,0
E01849,2026-03-31,P,プライム,0,1,1,1,0,0,1,1,0,0
E01856,2025-05-20,P,プライム,1,1,1,1,0,0,1,0,0,0
E01857,2026-03-31,P,スタンダード,0,1,1,1,0,0,1,0,0,0
E01859,2026-03-31,P,スタンダード,1,1,1,0,0,0,1,0,1,0
E01870,2026-03-31,P,スタンダード,1,1,1,1,0,0,0,0,0,0
E01873,2026-03-31,P,プライム,1,1,1,1,0,0,1,1,0,0
E01874,2026-03-31,P,スタンダード,1,1,1,0,0,0,0,0,0,0
E01875,2026-03-31,P,スタンダード,1,1,1,0,0,0,0,0,0,0
E01878,2026-03-31,P,プライム,1,1,1,1,0,0,1,1,1,1
E01879,2026-03-31,P,プライム,1,1,1,1,0,0,1,1,0,1
E01880,2026-03-31,P,プライム,1,1,1,0,0,0,0,0,0,0
E01884,2026-03-31,P,プライム,1,1,1,1,0,0,0,0,0,0
E01887,2026-03-31,P,プライム,1,0,1,0,0,0,1,1,1,0
E01888,2026-03-31,P,プライム,1,1,1,1,0,0,1,1,0,0
E01892,2026-03-31,P,プライム,1,1,1,1,0,0,0,1,0,1
E01896,2026-03-31,P,スタンダード,1,1,1,0,0,0,0,0,0,0
E01897,2026-03-31,P,プライム,1,1,1,0,0,0,1,0,1,0
E01898,2026-03-31,P,プライム,0,1,0,0,0,0,1,0,0,0
E01899,2026-03-31,P,スタンダード,1,1,1,1,0,0,1,0,1,0
E01901,2025-12-31,P,プライム,1,0,1,1,1,0,1,0,0,0
E01902,2026-03-31,P,プライム,0,1,1,1,0,0,1,0,0,0
E01903,2026-03-31,P,プライム,1,1,1,1,0,0,1,1,0,1
E01904,2026-03-31,P,プライム,0,1,0,0,0,0,1,0,0,0
E01905,2026-03-31,P,プライム,0,1,1,1,0,0,1,0,0,0
E01907,2026-03-31,P,スタンダード,1,1,1,0,0,0,1,0,0,0
E01909,2026-03-31,P,プライム,1,1,1,1,0,0,1,1,0,0
E01913,2025-12-31,P,スタンダード,1,1,0,0,0,0,1,0,0,0
E01914,2026-03-31,P,プライム,1,1,1,1,0,0,1,1,0,1
E01916,2026-03-31,P,スタンダード,1,0,1,0,0,0,1,1,0,0
E01921,2025-12-31,P,スタンダード,1,1,1,0,0,0,1,0,0,0
E01926,2026-03-31,P,プライム,1,1,1,0,0,0,1,0,0,0
E01928,2026-03-31,P,スタンダード,1,1,0,0,0,0,1,0,0,0
E01929,2026-03-31,P,プライム,0,0,1,1,0,0,1,1,1,0
E01930,2026-03-31,P,スタンダード,1,1,1,0,0,0,1,0,0,0
E01932,2026-03-31,P,スタンダード,1,1,1,1,0,0,1,1,0,0
E01933,2026-03-31,P,スタンダード,1,1,1,0,0,0,1,0,0,0
E01935,2026-03-31,P,プライム,1,1,1,1,0,0,1,1,0,1
E01939,2026-03-31,P,プライム,1,1,1,1,0,0,1,0,0,1
E01944,2025-12-31,P,プライム,1,1,1,0,0,0,1,0,0,0
E01946,2026-03-31,P,プライム,0,1,1,1,0,0,0,1,0,0
E01947,2026-03-31,P,プライム,1,1,1,1,0,0,1,0,0,0
E01950,2026-03-31,P,プライム,1,1,1,0,1,0,1,1,1,1
E01951,2026-03-31,P,プライム,0,0,1,1,0,0,0,1,0,0
E01953,2026-03-31,P,プライム,1,1,1,1,0,0,0,1,0,0
E01954,2026-03-31,P,スタンダード,0,1,0,0,0,0,1,0,0,0
E01955,2025-09-30,P,プライム,0,1,1,0,0,0,1,0,0,0
E01959,2026-03-31,P,プライム,0,1,1,1,0,1,0,1,0,0
E01966,2026-03-31,P,プライム,0,1,0,0,0,0,0,0,1,0
E01967,2026-03-20,P,プライム,1,1,0,0,0,0,0,0,0,0
E01968,2026-03-31,P,スタンダード,1,1,0,0,0,0,0,1,0,0
E01971,2025-12-31,P,プライム,1,1,1,1,0,0,1,0,1,0
E01974,2026-03-31,P,スタンダード,0,1,1,1,0,0,0,0,0,0
E01979,2026-03-31,P,プライム,1,1,1,1,0,0,1,0,0,0
E01981,2026-03-31,P,スタンダード,1,1,1,1,1,1,1,0,0,0
E01986,2026-03-31,P,スタンダード,1,1,0,0,0,0,1,1,0,0
E01988,2025-12-31,P,プライム,1,1,1,1,0,1,1,0,1,0
E01989,2026-03-31,P,スタンダード,1,1,1,0,0,0,1,0,0,0
E01991,2025-06-30,P,プライム,0,1,1,0,0,0,0,0,0,0
E01993,2026-03-31,P,スタンダード,1,1,1,0,0,0,1,0,0,0
E01995,2025-12-31,P,スタンダード,1,1,1,1,0,0,0,1,1,0
E01997,2025-09-30,P,スタンダード,1,1,0,0,0,0,0,0,0,0
E01998,2025-12-31,P,プライム,1,0,1,0,0,0,1,1,0,0
E01999,2025-12-31,P,プライム,1,1,1,1,0,0,1,0,0,1
E02004,2026-03-31,P,スタンダード,1,1,1,0,0,0,1,0,0,0
E02005,2026-03-31,P,スタンダード,1,1,1,0,0,0,1,0,0,0
E02006,2026-03-31,P,プライム,1,1,1,0,0,0,1,0,0,0
E02007,2026-01-31,P,スタンダード,1,1,1,0,0,0,1,0,1,0
E02008,2026-03-31,P,プライム,1,1,1,0,0,0,1,0,0,0
E02011,2025-04-30,P,スタンダード,1,1,1,0,0,0,1,0,0,0
E02013,2026-03-31,P,スタンダード,1,1,0,0,0,0,0,0,0,0
E02015,2026-03-31,P,プライム,1,1,1,1,0,0,1,1,0,1
E02017,2026-02-28,P,スタンダード,1,1,0,1,0,0,0,0,0,0
E02020,2025-12-31,P,スタンダード,0,1,1,0,1,0,0,0,1,0
E02024,2026-03-31,P,スタンダード,1,1,1,1,0,0,0,0,0,1
E02025,2026-03-31,P,スタンダード,1,1,1,0,0,0,1,0,0,0
E02027,2026-03-31,P,スタンダード,0,1,0,0,0,0,1,0,0,0
E02030,2025-12-31,P,プライム,1,1,1,0,0,0,1,0,0,0
E02039,2025-06-30,P,スタンダード,0,1,1,0,0,0,0,0,0,0
E02040,2025-09-30,P,スタンダード,0,1,1,0,0,0,0,0,0,0
E02042,2026-03-31,P,プライム,1,1,1,0,0,0,1,0,0,0
E02043,2026-03-31,P,スタンダード,1,0,1,1,0,0,1,0,0,0
E02045,2026-03-31,P,スタンダード,1,1,0,0,0,0,1,0,0,0
E02047,2026-01-31,P,スタンダード,1,1,1,0,0,0,0,0,1,0
E02055,2026-03-31,P,スタンダード,1,0,1,1,0,0,0,0,1,0
E02056,2026-03-31,P,プライム,1,1,0,1,0,0,1,0,0,0
E02058,2025-06-30,P,プライム,0,1,0,0,0,0,1,1,0,0
E02059,2026-03-31,P,プライム,1,1,1,1,0,0,1,0,0,1
E02060,2025-07-31,P,プライム,1,1,1,0,0,0,1,0,0,0
E02062,2025-12-31,P,スタンダード,1,1,0,0,0,0,0,0,0,0
E02069,2026-03-31,P,プライム,0,1,0,1,0,0,1,1,0,0
E02073,2026-03-31,P,プライム,0,1,1,0,0,0,0,0,0,0
E02076,2026-03-31,P,スタンダード,1,1,0,0,0,0,0,0,0,0
E02077,2026-03-31,P,スタンダード,0,0,1,1,0,0,0,0,0,0
E02081,2025-12-31,P,プライム,1,1,0,1,0,0,1,0,0,1
E02086,2026-03-31,P,スタンダード,0,1,1,0,0,0,0,0,0,0
E02089,2026-03-31,P,プライム,1,1,1,1,0,0,1,0,0,0
E02092,2025-08-31,P,スタンダード,1,1,1,0,0,0,0,0,1,0
E02093,2026-03-31,P,スタンダード,1,1,1,0,0,0,1,0,0,0
E02103,2025-12-31,P,プライム,0,1,0,1,0,1,1,1,0,0
E02109,2026-03-31,P,スタンダード,1,1,0,0,0,0,0,0,0,0
E02114,2026-03-31,P,プライム,1,1,1,0,0,0,1,0,0,0
E02120,2025-12-31,P,スタンダード,1,1,0,0,0,0,1,0,0,0
E02121,2025-07-31,P,スタンダード,1,1,0,0,0,0,1,0,0,0
E02123,2026-03-31,P,プライム,1,0,1,1,1,0,1,0,1,0
E02124,2026-03-31,P,プライム,1,1,1,1,0,0,1,0,0,0
E02126,2026-03-31,P,プライム,1,1,1,0,0,0,1,1,0,0
E02127,2026-03-31,P,プライム,1,1,1,1,0,0,1,1,0,0
E02128,2026-03-31,P,プライム,1,1,1,1,0,0,1,1,0,0
E02129,2026-03-31,P,スタンダード,0,1,0,0,0,0,1,0,0,0
E02138,2026-03-31,P,スタンダード,0,1,0,0,0,0,1,0,0,0
E02140,2026-03-31,P,プライム,1,1,1,0,0,0,1,1,0,1
E02142,2026-03-31,P,プライム,1,1,1,1,0,0,1,1,0,1
E02143,2026-03-31,P,プライム,1,1,1,1,0,0,1,1,0,1
E02147,2026-03-31,P,プライム,1,1,1,0,0,0,1,1,0,0
E02150,2026-03-31,P,スタンダード,0,1,0,0,0,0,1,0,0,0
E02152,2026-03-31,P,プライム,0,1,1,1,0,0,1,1,1,1
E02154,2026-03-31,P,プライム,1,1,1,1,0,0,1,1,0,0
E02155,2026-03-31,P,プライム,1,1,1,1,0,0,1,0,0,0
E02158,2026-03-31,P,スタンダード,1,1,1,0,0,0,1,0,0,0
E02161,2026-03-31,P,プライム,1,1,1,0,0,1,0,0,0,0
E02162,2026-03-31,P,プライム,1,1,1,0,0,0,0,0,0,0
E02163,2026-03-31,P,プライム,1,1,1,1,0,0,1,1,0,0
E02166,2026-03-31,P,プライム,1,1,1,1,0,0,1,1,0,1
E02167,2026-03-31,P,プライム,1,1,1,1,0,0,1,0,0,1
E02168,2025-12-31,P,プライム,1,1,1,1,0,0,1,1,0,1
E02170,2026-03-31,P,プライム,1,1,1,1,0,0,1,0,0,0
E02171,2026-03-31,P,スタンダード,0,1,1,0,0,0,0,0,0,0
E02172,2026-03-31,P,スタンダード,1,0,1,1,1,1,0,1,0,0
E02174,2026-03-31,P,スタンダード,1,1,1,0,0,0,0,0,0,0
E02175,2026-03-31,P,プライム,1,1,1,1,0,0,1,0,1,0
E02176,2026-03-31,P,プライム,0,1,1,1,0,0,0,1,1,0
E02177,2025-12-31,P,プライム,1,1,0,1,0,0,0,1,1,0
E02189,2026-03-31,P,スタンダード,0,1,0,0,0,0,1,0,0,0
E02194,2026-03-31,P,プライム,1,1,0,1,0,0,1,1,0,0
E02195,2026-03-31,P,プライム,1,1,1,0,0,0,1,0,1,0
E02199,2026-03-31,P,スタンダード,1,1,0,0,0,0,1,0,0,0
E02201,2026-03-31,P,スタンダード,0,1,1,1,0,0,1,0,0,0
E02204,2025-10-31,P,スタンダード,1,1,1,0,0,0,0,0,0,0
E02205,2026-03-31,P,プライム,1,1,1,0,0,0,0,0,0,0
E02210,2026-03-31,P,プライム,1,0,1,1,0,0,0,0,0,1
E02213,2026-03-31,P,プライム,1,1,1,1,0,1,0,1,0,0
E02214,2026-03-31,P,スタンダード,1,1,1,1,0,0,1,0,1,0
E02216,2026-03-31,P,スタンダード,0,1,1,0,0,0,1,1,0,0
E02221,2026-03-31,P,プライム,0,1,1,1,0,0,1,0,0,0
E02222,2026-03-31,P,プライム,1,1,1,1,0,0,1,1,0,0
E02225,2026-03-31,P,スタンダード,1,1,1,0,0,0,1,0,0,0
E02226,2026-03-31,P,スタンダード,0,1,0,0,0,0,1,0,0,0
E02228,2026-03-31,P,プライム,1,1,1,1,0,0,1,1,0,0
E02229,2026-03-31,P,スタンダード,0,1,0,1,0,1,1,1,0,1
E02231,2026-03-31,P,スタンダード,1,1,1,1,0,0,1,0,0,0
E02234,2026-03-31,P,スタンダード,0,1,1,0,0,0,0,1,0,0
E02237,2026-03-31,P,プライム,1,1,1,1,0,1,1,1,0,0
E02245,2026-03-31,P,スタンダード,1,1,1,0,0,0,1,0,0,0
E02246,2026-03-31,P,スタンダード,1,1,1,0,0,0,0,0,0,0
E02248,2026-03-31,P,スタンダード,1,1,1,0,0,0,1,0,0,0
E02252,2026-03-31,P,プライム,1,1,1,1,0,0,1,0,0,0
E02257,2025-12-31,P,プライム,1,1,0,0,0,0,0,1,0,0
E02258,2026-03-31,P,スタンダード,1,1,1,1,0,0,1,0,1,0
E02265,2026-03-31,P,プライム,1,1,1,0,0,0,1,0,0,1
E02266,2026-03-31,P,プライム,1,1,1,1,0,0,1,0,0,0
E02267,2026-03-31,P,プライム,1,1,1,0,0,0,1,1,0,0
E02271,2026-03-31,P,プライム,1,1,1,1,0,0,1,1,0,1
E02272,2026-03-31,P,プライム,1,1,1,1,0,0,1,1,0,1
E02274,2025-12-31,P,プライム,1,1,1,0,0,0,1,0,0,0
E02275,2026-03-31,P,プライム,1,1,1,1,0,0,1,1,1,1
E02280,2026-03-31,P,プライム,1,1,1,1,0,0,1,1,0,0
E02281,2026-03-31,P,プライム,1,1,0,1,0,0,0,1,0,0
E02285,2026-03-31,P,プライム,1,1,1,0,0,0,0,0,0,0
E02286,2026-03-31,P,プライム,1,1,1,0,0,0,1,0,0,0
E02288,2026-03-31,P,プライム,1,0,1,1,0,0,1,1,0,0
E02289,2026-03-31,P,プライム,1,1,1,1,0,0,0,1,0,0
E02293,2026-01-31,P,プライム,1,1,1,1,0,0,1,1,0,0
E02294,2026-03-31,P,プライム,1,1,1,0,0,0,1,0,1,0
E02296,2025-12-31,P,プライム,1,1,1,1,0,0,1,1,0,0
E02301,2025-12-31,P,プライム,0,1,1,0,0,0,1,0,0,0
E02304,2026-03-31,P,スタンダード,1,1,0,0,0,0,1,0,0,0
E02306,2025-12-31,P,スタンダード,1,1,1,0,0,0,1,1,1,0
E02307,2026-03-31,P,プライム,1,1,1,1,0,0,1,0,0,0
E02308,2025-12-31,P,プライム,1,1,1,1,1,0,1,1,0,1
E02322,2025-12-31,P,プライム,1,1,1,0,1,0,1,1,0,0
E02323,2025-05-31,P,スタンダード,1,1,1,0,0,0,1,0,0,0
E02324,2025-06-30,P,スタンダード,1,1,1,0,0,0,1,0,1,0
E02325,2026-03-31,P,スタンダード,1,1,1,0,0,0,1,0,0,0
E02328,2026-02-28,P,プライム,1,1,0,0,0,0,1,0,0,0
E02329,2026-03-31,P,プライム,1,1,1,1,0,0,1,0,0,0
E02331,2025-12-31,P,スタンダード,1,1,1,1,1,1,0,0,0,0
E02336,2025-05-31,P,プライム,1,1,1,0,0,0,0,0,0,0
E02340,2025-08-31,P,プライム,1,1,1,0,1,0,1,0,0,0
E02343,2025-06-30,P,スタンダード,0,1,1,1,0,0,0,0,0,0
E02344,2026-03-31,P,プライム,1,1,1,1,0,0,1,1,0,0
E02345,2026-03-31,P,スタンダード,1,1,1,0,0,0,0,0,0,0
E02346,2025-09-30,P,スタンダード,0,1,1,0,0,0,0,0,0,0
E02348,2026-03-31,P,スタンダード,0,1,1,0,0,0,0,0,0,0
E02350,2025-12-31,P,プライム,1,1,1,0,0,0,0,0,0,0
E02352,2025-09-30,P,スタンダード,0,1,1,0,0,0,1,0,0,0
E02356,2025-04-30,P,スタンダード,1,1,1,0,0,0,1,0,1,0
E02362,2026-03-31,P,プライム,0,1,1,1,0,0,1,1,0,1
E02369,2026-03-31,P,プライム,1,1,1,0,0,0,1,1,0,0
E02371,2025-12-31,P,プライム,1,1,1,0,0,0,1,0,0,0
E02373,2026-03-31,P,プライム,1,1,1,1,0,0,1,0,0,0
E02376,2025-10-31,P,スタンダード,1,1,0,0,0,0,1,0,0,0
E02378,2025-12-31,P,プライム,1,1,1,1,0,0,1,1,1,1
E02379,2025-12-31,P,プライム,1,1,1,1,0,0,1,1,0,0
E02380,2026-03-31,P,プライム,1,1,1,0,0,0,1,0,0,0
E02381,2026-03-31,P,プライム,1,1,1,0,0,0,0,0,0,0
E02382,2026-03-31,P,プライム,1,1,1,0,0,0,1,0,1,0
E02385,2026-03-31,P,スタンダード,1,1,1,0,0,0,1,0,0,0
E02386,2026-03-31,P,プライム,1,1,1,1,0,0,1,1,0,1
E02387,2026-03-31,P,スタンダード,1,1,1,0,0,0,1,0,1,0
E02390,2026-03-31,P,プライム,1,0,0,1,0,0,0,0,0,0
E02394,2026-03-31,P,プライム,1,1,1,0,0,0,1,1,1,1
E02395,2025-11-20,P,プライム,1,1,1,0,0,0,1,1,0,0
E02396,2025-12-31,P,スタンダード,1,1,1,0,0,0,1,0,0,0
E02398,2025-06-20,P,プライム,1,0,1,1,0,0,1,0,0,0
E02403,2026-03-31,P,プライム,1,1,1,0,1,0,1,0,0,0
E02404,2025-12-31,P,プライム,1,1,1,1,1,1,1,1,1,1
E02408,2026-03-31,P,プライム,1,1,1,1,0,1,1,0,1,0
E02411,2026-03-31,P,スタンダード,1,1,1,0,0,0,0,0,0,0
E02412,2026-03-31,P,プライム,1,1,1,0,0,0,1,0,1,0
E02414,2026-03-31,P,スタンダード,0,1,0,1,0,1,1,1,0,0
E02415,2026-03-31,P,プライム,1,1,1,1,0,0,1,0,1,0
E02416,2025-12-31,P,スタンダード,1,1,1,1,0,0,0,0,0,0
E02417,2026-03-31,P,プライム,1,1,1,0,0,0,1,0,0,1
E02419,2026-03-31,P,プライム,1,1,1,0,0,0,0,0,0,0
E02421,2025-12-31,P,スタンダード,1,1,1,0,0,0,1,0,1,0
E02423,2026-03-31,P,プライム,1,1,1,0,1,0,0,0,0,0
E02425,2026-03-31,P,スタンダード,1,1,1,0,0,0,1,0,0,0
E02427,2026-03-31,P,スタンダード,1,1,1,1,0,0,1,1,0,0
E02428,2026-03-31,P,スタンダード,1,1,0,0,0,0,0,0,0,1
E02435,2026-03-31,P,スタンダード,1,1,1,0,0,0,1,0,0,0
E02438,2026-02-28,P,スタンダード,1,1,1,0,0,0,1,0,1,0
E02439,2026-01-31,P,スタンダード,1,0,1,0,0,0,1,1,0,0
E02441,2026-03-31,P,スタンダード,0,1,0,0,0,0,1,0,0,0
E02442,2026-03-31,P,スタンダード,1,1,1,0,0,0,1,0,0,0
E02448,2025-06-30,P,スタンダード,0,1,1,0,0,0,0,0,0,0
E02450,2026-03-31,P,プライム,1,1,1,1,0,0,0,0,1,0
E02453,2026-03-31,P,プライム,1,1,1,1,0,0,1,0,0,0
E02462,2025-12-31,P,スタンダード,0,0,1,1,0,0,1,0,0,0
E02464,2026-02-28,P,スタンダード,1,1,1,0,0,0,0,0,0,0
E02466,2025-12-31,P,プライム,1,1,1,1,0,0,0,0,0,0
E02467,2026-03-31,P,プライム,1,1,1,0,0,0,1,0,0,0
E02469,2025-07-31,P,スタンダード,0,1,1,0,0,0,1,0,0,0
E02470,2025-09-30,P,プライム,0,1,1,0,0,1,1,0,0,0
E02472,2026-03-31,P,プライム,1,1,0,0,0,0,1,0,0,0
E02475,2026-03-31,P,プライム,1,1,1,1,1,1,1,1,0,0
E02477,2026-01-31,P,スタンダード,1,1,1,1,0,0,0,0,1,0
E02480,2025-05-31,P,スタンダード,1,1,1,1,0,0,0,0,0,0
E02481,2026-03-31,P,プライム,1,1,1,0,0,0,1,1,1,1
E02485,2025-06-30,P,プライム,1,1,1,0,0,0,0,0,0,0
E02488,2026-03-31,P,スタンダード,1,1,0,0,0,0,0,0,0,0
E02490,2026-01-31,P,プライム,1,1,1,0,0,0,1,0,0,0
E02491,2025-06-30,P,スタンダード,1,1,1,0,0,0,1,0,1,0
E02497,2026-03-31,P,プライム,0,1,0,0,0,0,1,1,0,1
E02498,2026-03-31,P,プライム,1,1,1,0,0,0,1,1,1,1
E02501,2026-03-31,P,プライム,1,1,1,0,0,0,1,0,0,0
E02503,2026-03-31,P,プライム,1,1,1,1,0,0,1,1,0,0
E02505,2026-03-31,P,プライム,0,1,1,0,0,0,1,1,1,0
E02506,2026-03-31,P,プライム,1,1,1,0,0,0,1,0,0,0
E02509,2026-03-31,P,プライム,1,1,1,1,0,0,1,1,0,1
E02510,2026-03-31,P,プライム,1,1,1,0,0,0,1,0,0,0
E02512,2026-03-31,P,プライム,1,1,0,1,0,0,1,0,0,1
E02513,2026-03-31,P,プライム,1,1,1,1,0,0,1,1,0,0
E02515,2025-07-20,P,プライム,0,1,1,0,0,0,0,0,0,0
E02516,2026-03-31,P,プライム,1,1,1,1,1,1,1,1,0,1
E02517,2026-03-31,P,プライム,1,1,1,1,0,0,1,1,1,0
E02518,2026-03-31,P,プライム,0,1,0,1,0,0,1,0,0,0
E02521,2026-02-28,P,プライム,0,1,0,0,0,0,1,0,0,0
E02522,2026-03-31,P,プライム,1,1,1,0,0,0,1,0,0,0
E02525,2026-03-31,P,プライム,1,1,1,0,0,0,1,0,0,0
E02527,2026-03-31,P,プライム,1,1,1,1,0,0,1,0,0,0
E02528,2026-03-31,P,プライム,1,1,1,1,0,0,0,1,0,1
E02529,2026-03-31,P,プライム,1,1,1,1,0,0,1,1,0,1
E02530,2026-03-31,P,スタンダード,1,1,1,1,0,0,1,0,0,0
E02534,2026-03-31,P,スタンダード,1,1,1,0,0,0,1,0,0,0
E02535,2026-03-31,P,プライム,0,1,0,0,0,0,1,0,0,0
E02542,2026-03-31,P,スタンダード,1,1,1,0,0,0,0,0,1,0
E02544,2026-03-31,P,スタンダード,0,1,1,0,0,0,0,0,0,0
E02547,2026-03-31,P,スタンダード,1,1,1,0,0,0,1,1,0,0
E02548,2025-09-30,P,プライム,1,1,1,0,0,0,1,1,1,0
E02549,2026-03-31,P,プライム,0,1,1,1,0,0,1,0,1,1
E02552,2026-03-31,P,プライム,1,1,1,1,1,0,1,1,1,0
E02554,2026-03-31,P,プライム,1,1,1,0,0,0,1,0,0,0
E02560,2026-03-31,P,プライム,1,1,1,0,0,0,1,0,0,0
E02561,2026-03-31,P,スタンダード,1,1,1,0,0,0,1,0,1,0
E02563,2026-03-31,P,プライム,1,1,1,1,0,0,1,1,0,0
E02566,2026-03-31,P,スタンダード,1,1,1,0,0,0,0,0,0,0
E02567,2026-03-31,P,プライム,1,1,1,1,0,0,1,0,0,0
E02569,2026-03-31,P,スタンダード,1,1,1,0,0,0,1,0,0,0
E02571,2026-03-31,P,スタンダード,1,1,1,0,0,0,0,0,1,0
E02572,2026-03-31,P,プライム,1,1,1,0,0,0,1,0,0,0
E02574,2026-03-31,P,プライム,1,1,1,1,1,0,1,0,0,0
E02576,2025-09-30,P,プライム,0,1,0,0,0,0,1,0,0,0
E02578,2026-03-31,P,プライム,1,1,1,0,0,0,1,0,0,0
E02579,2026-03-31,P,スタンダード,1,1,1,0,0,0,1,0,0,0
E02580,2026-03-31,P,プライム,0,1,1,0,0,0,1,0,1,1
E02584,2026-03-31,P,スタンダード,1,1,1,1,1,0,1,0,0,0
E02585,2025-11-30,P,プライム,1,1,1,1,0,1,1,0,0,0
E02588,2026-03-31,P,スタンダード,1,1,1,0,0,0,1,0,0,0
E02608,2026-03-31,P,プライム,1,1,0,1,0,0,1,1,0,1
E02610,2026-03-31,P,スタンダード,1,1,1,0,0,0,0,0,0,0
E02611,2026-03-31,P,プライム,1,1,1,0,0,0,1,1,0,1
E02616,2026-03-31,P,スタンダード,1,1,1,0,0,0,1,0,1,0
E02618,2026-02-28,P,プライム,1,1,1,1,1,1,1,0,0,1
E02621,2026-02-28,P,プライム,1,1,1,0,0,0,0,0,0,0
E02632,2026-03-31,P,プライム,1,1,1,1,0,0,1,0,0,0
E02635,2026-03-31,P,プライム,0,1,1,1,0,0,1,1,0,1
E02639,2026-03-31,P,スタンダード,1,1,1,0,0,0,0,0,0,0
E02643,2026-03-31,P,プライム,1,1,1,0,0,0,1,1,0,0
E02644,2025-12-31,P,プライム,0,1,0,0,0,0,1,0,0,0
E02645,2026-03-31,P,スタンダード,0,1,1,0,0,0,1,0,0,0
E02647,2026-03-31,P,スタンダード,1,1,1,0,0,0,0,0,0,0
E02652,2026-03-31,P,プライム,1,1,1,1,0,0,1,1,0,1
E02655,2026-03-31,P,プライム,1,1,0,1,0,0,0,1,0,1
E02656,2026-03-31,P,プライム,1,1,1,0,0,0,0,0,1,1
E02664,2026-03-31,P,プライム,1,1,1,0,0,0,1,0,1,0
E02665,2026-01-31,P,プライム,1,1,1,0,0,0,1,1,1,0
E02666,2026-03-31,P,スタンダード,1,1,1,0,0,0,0,0,0,0
E02671,2026-03-31,P,プライム,1,1,1,1,0,0,1,0,0,0
E02672,2025-09-30,P,プライム,1,1,1,0,0,0,1,1,0,0
E02675,2026-03-31,P,プライム,1,1,1,1,0,0,1,1,0,0
E02676,2026-03-31,P,プライム,1,1,1,0,0,0,1,0,0,0
E02679,2025-12-31,P,スタンダード,1,1,1,0,0,0,1,0,1,0
E02683,2026-03-31,P,スタンダード,1,1,1,0,0,0,1,1,0,0
E02686,2026-03-31,P,プライム,1,1,1,0,1,0,0,0,0,0
E02688,2026-03-31,P,プライム,1,0,1,1,1,0,1,0,1,0
E02691,2026-03-31,P,プライム,0,1,0,0,0,0,1,0,0,0
E02692,2026-03-31,P,スタンダード,1,1,0,0,0,0,0,1,0,0
E02693,2026-03-31,P,スタンダード,0,1,1,0,0,0,1,0,0,0
E02701,2025-12-31,P,プライム,1,1,0,0,0,0,1,0,1,0
E02703,2025-11-30,P,プライム,0,1,0,0,0,1,1,0,0,0
E02713,2026-03-31,P,スタンダード,1,1,1,1,0,0,0,0,0,0
E02714,2026-03-31,P,スタンダード,0,1,1,0,0,0,0,0,0,0
E02718,2026-03-31,P,スタンダード,1,1,1,0,0,0,1,0,0,0
E02719,2025-09-30,P,プライム,0,1,0,0,0,0,1,0,0,0
E02724,2026-03-31,P,プライム,0,1,1,1,0,0,1,1,0,1
E02727,2026-03-31,P,スタンダード,1,1,1,1,0,0,1,0,0,0
E02728,2026-03-31,P,スタンダード,1,1,1,0,0,0,0,0,0,0
E02732,2026-03-31,P,スタンダード,1,1,1,0,0,0,0,0,0,0
E02735,2026-03-31,P,プライム,1,0,1,1,0,0,0,0,0,0
E02739,2026-03-31,P,スタンダード,1,1,1,0,0,0,1,0,0,0
E02742,2025-10-31,P,プライム,1,1,1,1,0,0,1,0,1,0
E02745,2026-03-31,P,プライム,1,1,1,0,0,0,1,0,0,0
E02752,2026-03-31,P,スタンダード,1,1,1,1,0,0,1,0,0,0
E02753,2026-03-20,P,スタンダード,1,1,1,0,0,0,1,0,1,0
E02761,2026-03-31,P,プライム,1,1,0,0,0,0,1,0,0,0
E02767,2026-02-28,P,プライム,1,1,1,1,1,1,1,1,0,1
E02769,2026-03-31,P,プライム,1,1,1,0,0,0,0,0,0,0
E02770,2026-03-31,P,プライム,1,1,0,0,0,0,1,0,0,0
E02773,2026-03-31,P,スタンダード,1,1,0,1,0,0,1,0,0,0
E02774,2025-11-30,P,スタンダード,1,1,1,0,0,0,1,0,0,0
E02778,2026-03-31,P,プライム,0,1,1,0,0,0,1,0,1,1
E02779,2026-03-31,P,スタンダード,0,1,1,0,0,0,0,0,0,0
E02780,2026-03-31,P,プライム,1,1,1,1,0,0,1,0,1,1
E02782,2026-03-31,P,プライム,1,1,1,1,0,0,1,0,0,0
E02786,2026-03-31,P,スタンダード,1,1,1,0,0,0,1,0,0,0
E02791,2026-03-31,P,スタンダード,1,1,1,0,0,0,1,0,0,0
E02792,2026-03-31,P,スタンダード,0,1,1,0,0,0,1,0,0,0
E02794,2025-12-20,P,スタンダード,1,1,1,0,0,0,1,0,0,0
E02797,2025-12-31,P,スタンダード,1,1,1,0,0,0,1,0,1,0
E02801,2026-02-28,P,スタンダード,0,1,1,0,0,0,0,0,0,0
E02802,2026-03-31,P,プライム,1,1,1,1,1,0,1,0,0,0
E02803,2025-05-31,P,スタンダード,0,1,1,0,0,0,0,0,0,0
E02804,2026-03-31,P,プライム,0,1,1,0,0,0,1,0,0,0
E02805,2026-03-31,P,スタンダード,1,1,0,0,0,0,1,0,0,0
E02806,2026-03-31,P,スタンダード,1,1,1,0,0,0,0,0,0,0
E02812,2026-03-31,P,プライム,1,1,1,0,0,0,1,0,0,0
E02818,2026-03-31,P,スタンダード,1,1,0,0,0,0,1,0,0,0
E02824,2026-03-31,P,プライム,0,1,1,1,0,0,0,0,1,1
E02825,2026-03-31,P,スタンダード,1,1,1,0,0,0,0,0,1,0
E02832,2026-03-31,P,プライム,1,1,1,1,0,0,1,1,1,0
E02833,2026-03-31,P,スタンダード,0,1,1,0,0,0,1,0,1,0
E02835,2026-03-31,P,プライム,1,1,1,0,0,0,1,0,0,0
E02837,2026-03-31,P,スタンダード,0,0,0,1,0,0,1,1,0,0
E02838,2026-03-31,P,スタンダード,0,1,1,0,0,0,1,0,0,0
E02839,2026-03-31,P,プライム,1,1,1,0,0,0,1,0,1,1
E02840,2026-03-31,P,プライム,1,1,0,0,0,0,1,0,0,0
E02845,2026-03-31,P,スタンダード,0,1,0,0,0,0,1,0,0,0
E02847,2025-06-30,P,スタンダード,0,1,1,0,0,0,1,0,0,0
E02850,2026-03-31,P,プライム,1,1,0,0,0,0,1,0,0,0
E02856,2026-03-31,P,プライム,1,1,1,0,0,0,0,0,0,0
E02864,2026-03-31,P,プライム,1,1,1,0,0,0,1,0,0,0
E02869,2026-03-31,P,プライム,1,1,1,1,0,0,0,0,0,0
E02875,2026-03-31,P,スタンダード,1,1,1,0,0,0,0,0,0,0
E02876,2026-03-31,P,スタンダード,1,1,1,0,0,0,1,0,0,0
E02881,2026-03-31,P,プライム,1,1,1,0,0,0,1,0,1,1
E02882,2026-01-20,P,スタンダード,0,0,1,1,0,0,0,0,0,0
E02889,2026-03-31,P,プライム,1,0,1,1,0,0,1,0,0,1
E02894,2026-03-31,P,プライム,1,1,1,1,0,0,1,1,1,0
E02895,2026-03-31,P,スタンダード,1,1,1,0,0,0,0,0,0,0
E02896,2025-08-31,P,プライム,1,1,1,0,0,0,1,0,1,0
E02898,2025-12-31,P,プライム,1,1,0,1,0,0,1,1,0,0
E02900,2025-12-31,P,プライム,0,1,1,1,0,0,1,1,0,0
E02902,2026-03-31,P,スタンダード,0,1,1,0,0,0,0,0,0,0
E02903,2026-02-28,P,スタンダード,1,1,0,0,0,0,0,0,0,0
E02905,2026-03-31,P,プライム,1,1,1,0,0,0,1,1,0,0
E02909,2026-03-31,P,プライム,1,1,1,0,0,0,1,0,0,0
E02927,2026-03-31,P,プライム,1,1,1,1,0,0,0,1,0,0
E02928,2025-06-30,P,スタンダード,1,1,1,0,0,0,1,1,0,0
E02932,2025-12-31,P,スタンダード,1,1,1,0,0,0,1,0,1,0
E02934,2025-12-31,P,スタンダード,0,1,1,0,0,0,1,0,0,0
E02938,2026-03-31,P,スタンダード,0,1,1,0,0,0,1,0,0,0
E02946,2026-03-31,P,プライム,1,1,1,0,0,0,1,0,0,0
E02947,2026-03-31,P,プライム,1,1,1,0,1,0,1,0,0,0
E02952,2026-03-31,P,スタンダード,1,1,1,0,0,0,1,0,1,0
E02955,2026-03-31,P,プライム,1,1,1,1,0,0,1,1,0,1
E02958,2026-03-31,P,プライム,1,1,1,1,0,0,1,1,1,1
E02962,2026-03-31,P,プライム,1,1,1,0,0,0,1,0,0,0
E02967,2026-01-31,P,スタンダード,1,1,1,0,0,0,0,0,0,0
E02968,2025-05-31,P,スタンダード,1,1,1,0,0,0,0,1,0,0
E02979,2025-12-31,P,スタンダード,1,1,0,0,0,0,1,1,0,0
E02980,2026-03-31,P,スタンダード,1,1,1,1,0,0,0,0,0,0
E02986,2026-03-31,P,スタンダード,1,1,1,0,0,0,1,0,0,0
E02988,2025-11-30,P,スタンダード,1,1,1,0,0,0,1,1,0,0
E02991,2025-12-31,P,スタンダード,0,1,1,1,0,0,1,0,1,0
E02992,2026-03-31,P,プライム,1,1,1,0,0,0,1,0,0,0
E02994,2026-03-31,P,スタンダード,0,1,0,1,0,0,1,0,0,0
E02997,2026-03-31,P,スタンダード,1,1,1,1,0,0,1,0,0,1
E02998,2026-03-31,P,プライム,1,1,1,1,1,0,1,0,0,1
E03005,2026-03-31,P,スタンダード,0,1,1,1,0,0,1,0,1,0
E03006,2025-06-30,P,プライム,1,1,1,0,0,0,0,0,1,0
E03007,2025-11-30,P,スタンダード,1,1,1,0,0,0,1,0,0,0
E03013,2026-02-28,P,プライム,1,1,1,0,1,0,1,0,1,0
E03017,2026-02-28,P,プライム,1,1,0,0,0,0,1,1,0,1
E03020,2026-03-31,P,プライム,1,1,1,1,0,0,1,0,1,0
E03021,2026-02-28,P,スタンダード,1,1,1,0,0,0,1,0,1,0
E03032,2026-02-28,P,スタンダード,1,1,1,0,0,0,1,0,0,0
E03036,2026-03-31,P,プライム,1,1,1,1,0,0,1,0,0,0
E03040,2026-03-31,P,プライム,1,0,1,1,0,0,0,1,1,1
E03041,2026-03-31,P,プライム,1,1,1,0,0,0,1,0,0,0
E03051,2026-03-31,P,プライム,1,1,1,0,0,0,0,1,0,0
E03052,2026-03-31,P,プライム,1,1,1,1,0,0,0,1,1,0
E03054,2026-03-31,P,プライム,1,1,1,0,0,0,1,0,0,0
E03068,2026-02-28,P,プライム,1,1,1,0,0,0,1,0,0,0
E03071,2026-03-31,P,プライム,1,1,1,1,0,0,1,0,0,0
E03076,2026-03-31,P,スタンダード,0,1,1,0,0,0,1,0,0,0
E03081,2026-02-20,P,プライム,0,1,0,0,0,0,1,1,0,0
E03083,2026-02-28,P,プライム,1,1,0,1,0,0,1,1,0,0
E03087,2026-02-28,P,スタンダード,0,1,1,0,0,0,0,1,0,0
E03092,2025-12-31,P,スタンダード,1,1,0,1,0,0,0,1,0,0
E03094,2026-02-28,P,プライム,1,1,1,0,0,0,1,0,1,0
E03099,2026-02-28,P,プライム,1,0,1,1,0,0,0,0,0,0
E03103,2026-02-28,P,プライム,1,1,1,1,0,0,1,0,0,0
E03116,2026-03-31,P,プライム,1,1,1,0,0,0,0,0,1,0
E03119,2026-02-20,P,プライム,0,1,0,1,0,0,0,0,1,0
E03120,2026-03-31,P,プライム,1,1,1,1,0,0,1,0,0,0
E03121,2026-03-31,P,プライム,1,1,1,0,0,0,1,1,0,0
E03124,2026-03-31,P,プライム,1,1,1,0,0,0,1,0,0,0
E03128,2026-03-31,P,プライム,1,1,1,0,0,0,1,1,1,0
E03133,2026-03-31,P,プライム,1,1,1,0,0,0,0,0,0,0
E03134,2026-03-31,P,スタンダード,1,1,1,0,0,0,0,0,0,0
E03138,2026-03-31,P,プライム,1,1,1,1,0,0,0,1,0,0
E03139,2026-03-31,P,プライム,1,1,1,0,0,0,1,1,1,0
E03144,2026-03-31,P,プライム,1,1,0,0,0,0,1,0,0,0
E03145,2026-03-31,P,プライム,0,1,1,0,0,0,0,0,0,0
E03153,2026-02-28,P,プライム,1,1,1,0,0,1,1,0,0,0
E03163,2026-02-28,P,スタンダード,0,1,1,0,0,0,1,1,0,0
E03164,2026-03-31,P,プライム,0,1,1,0,0,0,1,0,0,0
E03166,2026-03-31,P,スタンダード,1,1,1,0,0,0,1,1,0,0
E03173,2025-09-30,P,スタンダード,1,1,0,0,0,0,1,0,0,0
E03178,2026-03-31,P,プライム,1,1,0,0,0,0,1,0,0,0
E03188,2026-02-28,P,プライム,1,1,1,0,0,0,1,1,0,0
E03193,2026-03-31,P,プライム,0,1,1,0,0,0,1,1,0,0
E03199,2026-02-28,P,プライム,1,1,1,0,0,0,1,0,1,0
E03208,2026-03-31,P,スタンダード,0,1,1,0,0,0,1,0,0,0
E03213,2026-03-31,P,スタンダード,1,1,1,0,0,0,0,0,0,0
E03216,2026-02-28,P,プライム,0,0,1,1,0,0,0,0,0,0
E03221,2025-08-31,P,スタンダード,1,1,1,0,0,0,0,0,0,0
E03225,2026-03-31,P,プライム,1,1,1,0,0,0,0,0,0,0
E03228,2026-02-28,P,スタンダード,0,0,1,1,0,0,1,0,0,0
E03233,2026-03-31,P,スタンダード,1,1,1,0,0,0,0,0,0,0
E03251,2026-03-31,P,スタンダード,0,0,1,1,0,0,0,0,0,0
E03266,2026-03-31,P,スタンダード,1,1,1,1,0,0,0,0,0,0
E03267,2026-03-31,P,プライム,1,1,1,0,0,0,0,0,0,0
E03268,2026-02-28,P,スタンダード,1,1,1,0,0,0,0,0,0,0
E03270,2025-08-31,P,プライム,1,1,0,0,0,0,1,0,0,0
E03271,2025-08-31,P,スタンダード,0,1,0,0,0,0,1,0,0,0
E03273,2026-02-28,P,プライム,1,1,1,0,1,0,1,0,0,0
E03274,2026-02-28,P,プライム,0,0,1,1,0,0,1,0,0,0
E03275,2026-03-31,P,プライム,1,1,1,0,0,0,0,1,0,0
E03276,2026-03-31,P,スタンダード,1,1,1,0,0,0,0,0,0,0
E03280,2025-06-30,P,プライム,1,1,0,0,0,0,0,0,0,0
E03283,2025-04-30,P,プライム,0,1,1,0,0,0,0,0,0,0
E03286,2026-02-28,P,スタンダード,1,1,0,0,0,0,0,0,0,0
E03289,2026-03-31,P,スタンダード,1,1,1,0,0,0,1,0,1,0
E03291,2026-03-31,P,プライム,1,1,1,1,0,0,0,0,0,0
E03295,2026-03-31,P,スタンダード,0,1,1,0,0,0,0,0,0,0
E03296,2026-03-31,P,スタンダード,1,1,0,1,0,0,0,0,0,0
E03299,2026-03-31,P,スタンダード,1,1,0,1,0,0,1,0,0,0
E03305,2025-08-31,P,プライム,0,1,1,0,0,0,1,0,0,0
E03310,2026-03-31,P,プライム,1,1,1,0,0,0,1,0,0,0
E03312,2026-02-28,P,スタンダード,1,1,1,0,0,0,0,0,0,0
E03316,2026-03-31,P,プライム,1,1,1,1,0,0,1,0,0,0
E03318,2026-02-28,P,プライム,1,1,1,0,0,0,1,0,0,0
E03319,2026-02-28,P,スタンダード,1,1,0,0,0,0,1,0,0,0
E03329,2026-02-28,P,プライム,1,1,0,0,0,0,0,0,0,0
E03331,2025-06-30,P,スタンダード,0,1,1,0,0,0,1,0,1,0
E03332,2026-03-31,P,プライム,1,1,1,0,0,0,1,0,0,1
E03340,2025-09-30,P,スタンダード,1,1,1,0,0,1,0,1,1,1
E03343,2025-09-20,P,スタンダード,1,0,1,1,0,0,0,0,1,0
E03344,2026-02-28,P,プライム,1,1,1,0,1,0,0,0,0,0
E03349,2026-02-28,P,スタンダード,1,1,1,0,0,0,0,0,0,0
E03352,2026-02-28,P,プライム,0,1,1,0,0,0,0,0,0,0
E03358,2026-02-28,P,スタンダード,1,1,0,0,0,0,0,0,0,0
E03361,2026-03-31,P,プライム,1,1,1,0,0,0,1,0,0,0
E03363,2025-05-20,P,プライム,1,0,1,0,1,1,0,1,0,0
E03366,2025-12-31,P,スタンダード,1,1,1,0,0,0,1,0,0,0
E03367,2026-03-31,P,プライム,0,1,1,0,0,0,0,0,0,0
E03368,2026-02-28,P,プライム,0,1,0,1,0,0,1,1,0,1
E03370,2026-02-28,P,スタンダード,1,1,1,0,0,0,0,0,1,0
E03372,2026-02-28,P,スタンダード,1,1,0,0,0,0,1,0,0,0
E03374,2026-03-31,P,スタンダード,1,1,0,0,1,0,0,0,0,0
E03379,2026-03-31,P,プライム,1,1,1,0,0,0,0,0,0,0
E03380,2026-03-31,P,スタンダード,1,1,0,0,0,0,1,0,0,0
E03386,2025-05-31,P,スタンダード,1,1,1,0,0,0,0,0,0,0
E03387,2026-02-28,P,プライム,1,1,1,1,0,0,1,1,0,0
E03391,2025-08-31,P,スタンダード,1,1,1,0,0,0,1,0,0,0
E03395,2026-02-28,P,プライム,1,1,1,1,0,0,0,0,0,0
E03398,2026-03-31,P,プライム,1,1,1,0,0,0,1,0,0,1
E03399,2026-03-31,P,プライム,1,1,1,0,0,0,1,0,0,0
E03404,2025-06-30,P,スタンダード,0,1,1,0,0,0,1,0,0,0
E03407,2026-03-31,P,プライム,1,1,0,0,0,0,1,0,0,0
E03408,2025-11-30,P,プライム,1,1,1,1,0,0,0,1,0,0
E03415,2026-02-20,P,スタンダード,1,1,0,0,0,0,0,0,0,0
E03416,2026-03-31,P,スタンダード,0,1,1,0,0,0,1,0,0,0
E03424,2025-05-31,P,プライム,1,0,1,1,0,0,1,0,0,0
E03436,2025-04-30,P,スタンダード,1,1,1,0,0,0,1,0,0,0
E03439,2026-02-20,P,プライム,1,1,1,0,0,0,0,0,1,1
E03462,2026-02-28,P,プライム,0,1,0,1,0,1,1,1,0,1
E03467,2026-02-28,P,スタンダード,1,1,0,0,0,0,1,0,0,0
E03468,2026-03-31,P,プライム,1,1,1,0,0,0,1,1,0,0
E03470,2026-01-31,P,スタンダード,1,1,1,0,0,0,0,0,0,0
E03471,2025-08-31,P,プライム,1,1,1,0,0,0,1,0,0,0
E03473,2026-02-28,P,スタンダード,1,1,0,0,0,0,0,0,0,0
E03476,2026-03-31,P,プライム,1,1,1,0,0,0,1,0,0,0
E03481,2025-08-31,P,プライム,1,1,1,0,0,0,0,1,0,0
E03487,2026-03-31,P,スタンダード,1,0,1,0,1,1,0,0,0,0
E03489,2026-02-28,P,プライム,1,1,1,0,0,0,1,0,1,0
E03492,2025-12-31,P,プライム,1,1,1,0,1,0,0,0,0,0
E03494,2026-03-31,P,スタンダード,1,1,1,0,0,0,0,0,0,0
E03497,2025-12-31,P,プライム,1,1,1,0,0,0,1,0,0,0
E03506,2026-01-31,P,スタンダード,1,1,1,0,0,0,1,0,0,0
E03515,2025-12-31,P,プライム,1,1,0,0,1,0,1,1,0,0
E03516,2026-02-28,P,プライム,1,1,1,1,0,0,1,1,0,1
E03518,2026-02-28,P,プライム,0,1,1,0,0,0,0,0,0,0
E03519,2026-03-31,P,プライム,1,1,1,1,0,0,1,1,0,0
E03520,2026-02-28,P,プライム,1,1,1,0,0,0,0,0,0,1
E03521,2026-03-31,P,プライム,1,1,1,1,1,0,0,1,0,0
E03524,2026-03-31,P,スタンダード,1,1,1,0,0,0,0,0,1,0
E03528,2025-06-30,P,プライム,1,1,1,0,0,0,1,1,0,0
E03530,2026-03-31,P,プライム,1,1,1,0,0,0,1,0,0,0
E03543,2026-03-31,P,プライム,1,1,1,0,0,0,1,0,0,0
E03544,2026-03-31,P,スタンダード,1,1,1,0,0,0,0,0,0,0
E03545,2026-03-31,P,プライム,1,1,1,1,0,0,1,1,0,0
E03546,2026-03-31,P,プライム,1,1,1,1,0,0,1,1,0,0
E03549,2026-03-31,P,プライム,1,1,1,1,0,0,1,1,0,0
E03550,2026-03-31,P,プライム,1,1,1,1,1,0,0,0,0,0
E03552,2026-03-31,P,プライム,1,1,1,0,0,0,1,0,0,0
E03554,2026-03-31,P,プライム,1,1,1,0,1,0,1,1,0,1
E03555,2026-03-31,P,プライム,1,1,1,1,1,1,1,1,0,0
E03556,2026-03-31,P,プライム,1,1,1,1,0,0,1,1,0,0
E03557,2026-03-31,P,プライム,1,1,1,0,0,0,1,1,1,0
E03562,2026-03-31,P,プライム,1,0,1,1,0,0,1,1,1,0
E03563,2026-03-31,P,プライム,1,1,1,0,0,0,1,0,0,0
E03565,2026-03-31,P,スタンダード,1,1,0,0,1,0,0,0,0,0
E03567,2026-03-31,P,プライム,1,1,1,0,0,0,0,0,0,0
E03568,2026-03-31,P,プライム,1,1,1,0,0,0,1,0,1,0
E03572,2026-03-31,P,プライム,1,1,1,0,1,0,0,0,0,0
E03574,2026-03-31,P,プライム,1,1,1,0,0,0,1,0,0,0
E03575,2026-03-31,P,プライム,0,1,1,0,0,0,1,0,0,0
E03580,2026-03-31,P,プライム,1,1,1,1,0,0,1,1,0,0
E03581,2026-03-31,P,プライム,1,1,1,0,0,0,1,0,0,0
E03582,2026-03-31,P,スタンダード,1,1,1,0,0,0,0,0,0,0
E03583,2026-03-31,P,プライム,1,1,1,0,0,0,1,0,1,0
E03587,2026-03-31,P,プライム,1,1,1,0,1,1,1,0,0,0
E03588,2026-03-31,P,プライム,1,1,1,1,0,0,1,1,0,0
E03590,2026-03-31,P,プライム,0,1,1,0,0,0,0,1,0,0
E03597,2026-03-31,P,プライム,1,1,1,0,0,0,0,0,0,0
E03602,2026-03-31,P,プライム,1,0,1,1,1,0,1,1,0,1
E03606,2026-03-31,P,プライム,1,1,1,1,0,0,0,1,0,1
E03610,2026-03-31,P,プライム,0,1,1,1,0,1,0,1,0,1
E03611,2026-03-31,P,プライム,1,1,1,1,1,0,1,1,1,1
E03614,2026-03-31,P,プライム,1,1,1,0,0,0,1,1,0,1
E03615,2026-03-31,P,プライム,0,1,1,1,0,0,1,1,0,1
E03618,2026-03-31,P,プライム,1,1,1,1,0,1,1,1,0,1
E03622,2026-03-31,P,プライム,1,1,1,1,0,0,0,1,0,0
E03623,2026-03-31,P,プライム,1,1,1,1,0,0,1,1,0,0
E03624,2026-03-31,P,プライム,1,1,1,1,0,0,0,0,0,0
E03632,2026-03-31,P,プライム,1,1,1,1,0,0,0,1,0,0
E03639,2026-03-31,P,プライム,0,1,1,1,0,1,0,1,1,0
E03641,2026-03-31,P,プライム,1,1,0,1,0,1,1,0,0,0
E03645,2026-03-31,P,スタンダード,1,1,1,0,0,0,1,0,0,0
E03652,2026-03-31,P,プライム,1,0,1,1,0,1,1,1,0,0
E03664,2026-03-31,P,スタンダード,1,1,0,0,0,0,0,0,0,0
E03674,2026-03-31,P,スタンダード,1,1,1,0,1,0,1,0,0,0
E03679,2026-03-31,P,スタンダード,1,1,1,0,1,0,1,0,0,0
E03688,2026-03-31,P,プライム,1,1,1,1,0,0,1,0,1,0
E03693,2026-03-31,P,スタンダード,1,1,1,0,0,0,1,0,0,0
E03716,2026-03-31,P,スタンダード,1,1,1,0,0,0,0,0,0,0
E03739,2026-03-31,P,スタンダード,0,1,1,1,0,0,1,0,0,0
E03752,2026-03-31,P,プライム,1,1,1,1,0,0,1,1,1,1
E03753,2026-03-31,P,プライム,1,1,1,1,0,0,0,0,0,1
E03756,2026-03-31,P,プライム,0,1,1,0,0,1,0,1,1,1
E03760,2026-03-31,P,プライム,0,1,1,0,0,0,0,0,0,0
E03762,2026-03-31,P,プライム,0,1,1,1,0,0,1,0,0,0
E03763,2026-03-31,P,プライム,0,1,1,0,0,0,1,0,0,0
E03764,2026-03-31,P,プライム,1,0,1,1,0,0,1,0,0,0
E03768,2026-03-31,P,プライム,0,1,1,0,0,0,0,0,1,1
E03784,2026-03-31,P,プライム,1,1,1,0,0,0,1,0,0,0
E03788,2026-03-31,P,プライム,1,1,1,1,0,0,1,0,1,0
E03792,2026-03-31,P,スタンダード,0,1,1,0,0,0,0,0,0,0
E03801,2026-03-31,P,スタンダード,1,1,0,0,0,0,1,0,1,0
E03814,2026-03-31,P,プライム,0,1,1,1,0,0,0,1,0,1
E03815,2026-03-31,P,プライム,1,1,1,0,0,0,0,0,0,0
E03847,2026-03-31,P,プライム,1,0,1,1,1,1,1,1,0,0
E03851,2026-03-31,P,プライム,1,0,1,1,0,0,1,1,0,1
E03854,2026-03-31,P,プライム,0,1,1,1,0,0,1,1,1,1
E03855,2026-03-31,P,プライム,1,1,1,1,0,0,0,1,0,1
E03856,2026-03-31,P,プライム,1,1,1,1,0,0,1,1,1,1
E03858,2026-03-31,P,プライム,1,1,1,0,0,0,1,1,1,1
E03859,2025-12-31,P,プライム,1,1,1,1,1,0,1,1,0,0
E03863,2026-03-31,P,プライム,1,1,1,1,0,1,1,1,0,0
E03867,2026-03-31,P,プライム,1,1,1,1,1,0,1,1,0,0
E03907,2026-03-31,P,プライム,1,1,1,0,0,0,1,0,1,0
E03938,2026-03-31,P,スタンダード,1,1,1,0,0,0,1,0,0,0
E03943,2026-03-31,P,プライム,1,1,1,1,1,1,1,1,1,1
E03953,2026-03-31,P,プライム,1,1,1,0,0,0,1,0,0,0
E03958,2026-03-31,P,スタンダード,1,1,1,1,0,0,0,1,0,0
E03967,2026-03-31,P,スタンダード,1,1,1,0,0,0,0,0,0,0
E03969,2026-03-31,P,プライム,1,1,1,0,0,0,1,1,0,0
E03992,2026-03-31,P,プライム,1,1,0,0,0,0,1,0,0,1
E03997,2026-03-31,P,プライム,0,0,1,0,1,0,1,1,0,0
E04011,2025-12-31,P,スタンダード,0,1,1,0,0,0,1,0,0,0
E04013,2025-10-31,P,スタンダード,0,1,1,1,0,0,0,0,0,0
E04018,2026-03-31,P,スタンダード,0,1,1,1,0,0,0,0,0,0
E04021,2025-11-30,P,プライム,1,1,1,1,0,0,1,1,0,0
E04025,2025-06-30,P,スタンダード,1,0,1,0,0,0,0,1,0,0
E04029,2026-02-28,P,スタンダード,0,1,1,0,0,0,0,0,0,0
E04031,2026-03-31,P,プライム,1,1,1,0,0,0,0,0,0,0
E04044,2026-03-31,P,プライム,1,1,1,0,0,0,1,0,1,0
E04048,2025-12-31,P,スタンダード,0,1,1,0,0,0,0,0,0,0
E04060,2026-03-31,P,プライム,1,1,1,1,0,0,1,1,0,0
E04065,2026-03-31,P,スタンダード,0,1,0,0,0,0,1,0,0,0
E04069,2025-06-30,P,スタンダード,1,1,1,0,0,0,1,1,0,0
E04072,2025-09-30,P,プライム,1,1,1,1,0,0,1,0,0,0
E04075,2026-01-31,P,スタンダード,1,1,0,0,0,0,1,0,0,0
E04077,2025-10-31,P,スタンダード,0,1,1,0,0,0,0,0,0,0
E04088,2026-03-31,P,プライム,1,1,1,1,1,1,1,1,0,0
E04089,2026-03-31,P,プライム,0,1,1,1,1,1,1,1,0,0
E04092,2026-03-31,P,プライム,1,1,1,0,1,0,1,0,0,0
E04093,2026-03-31,P,プライム,1,1,1,0,1,0,1,0,0,0
E04094,2026-03-31,P,プライム,1,1,0,1,0,0,0,0,0,0
E04097,2026-03-31,P,プライム,1,1,1,0,1,0,1,0,0,0
E04101,2026-03-31,P,プライム,1,1,1,1,1,1,0,0,0,0
E04102,2026-03-31,P,プライム,1,1,1,0,1,0,1,0,0,0
E04103,2026-03-31,P,プライム,1,1,1,1,1,0,1,1,0,0
E04105,2026-03-31,P,プライム,1,1,1,1,1,0,0,0,0,0
E04106,2026-03-31,P,プライム,1,1,1,1,1,0,1,1,1,1
E04108,2026-03-31,P,スタンダード,1,1,0,0,0,0,1,0,0,0
E04109,2026-03-31,P,スタンダード,1,1,1,0,0,0,0,0,0,0
E04110,2026-03-31,P,プライム,1,1,1,1,1,1,1,1,0,0
E04125,2026-03-31,P,プライム,1,1,1,0,1,0,0,0,0,0
E04147,2026-03-31,P,プライム,1,0,1,0,1,0,1,1,0,0
E04148,2026-03-31,P,プライム,0,1,0,0,0,0,1,1,0,0
E04149,2026-03-31,P,プライム,0,1,0,0,0,0,1,0,0,0
E04153,2026-03-31,P,プライム,1,1,1,1,1,0,1,1,0,0
E04154,2026-03-31,P,プライム,1,1,1,1,0,0,0,1,1,1
E04158,2026-03-31,P,プライム,1,1,1,1,1,1,1,0,0,0
E04160,2026-03-31,P,スタンダード,1,1,1,0,0,0,0,0,0,0
E04179,2026-03-31,P,プライム,1,1,1,1,0,0,1,1,0,0
E04187,2026-03-31,P,プライム,1,1,1,1,0,0,1,1,1,1
E04191,2026-03-31,P,プライム,1,1,1,0,0,0,1,0,0,0
E04194,2026-03-31,P,スタンダード,1,1,1,1,0,0,1,0,0,0
E04195,2026-03-31,P,スタンダード,0,1,1,0,0,0,0,0,0,0
E04209,2026-03-31,P,スタンダード,1,1,1,0,0,0,1,0,0,0
E04213,2025-11-30,P,スタンダード,1,1,1,0,0,0,1,0,0,0
E04218,2026-03-31,P,プライム,1,1,1,0,0,0,1,0,0,0
E04223,2026-03-31,P,スタンダード,0,1,0,0,0,0,1,0,0,0
E04224,2025-12-31,P,プライム,1,1,1,1,0,0,1,1,0,0
E04228,2026-03-31,P,スタンダード,1,1,1,0,0,0,1,0,0,0
E04230,2025-06-30,P,スタンダード,1,1,1,0,0,0,1,0,1,0
E04233,2026-03-31,P,プライム,1,1,1,0,1,0,1,0,0,0
E04235,2026-03-31,P,プライム,1,1,1,1,0,0,1,1,0,1
E04236,2026-03-31,P,プライム,0,1,0,1,0,0,1,1,0,1
E04237,2026-03-31,P,プライム,1,1,1,1,0,0,1,1,1,1
E04239,2026-03-31,P,プライム,1,1,1,1,0,0,1,1,0,1
E04243,2026-03-31,P,プライム,0,1,1,0,0,0,1,1,1,0
E04246,2026-03-31,P,スタンダード,1,1,1,0,1,0,1,0,0,0
E04254,2026-03-31,P,スタンダード,1,1,1,1,0,0,1,0,0,0
E04272,2026-03-31,P,プライム,0,0,0,1,1,1,1,1,0,1
E04273,2026-03-31,P,プライム,1,1,1,1,0,0,0,1,1,0
E04275,2025-09-30,P,スタンダード,1,1,1,0,0,0,1,0,0,0
E04283,2026-03-31,P,プライム,1,1,1,1,0,0,1,1,0,1
E04284,2026-03-31,P,プライム,1,1,1,1,0,0,1,1,0,0
E04285,2026-03-31,P,プライム,1,1,1,0,0,0,1,0,0,0
E04286,2026-03-31,P,プライム,0,1,0,0,0,0,1,0,0,0
E04287,2026-03-31,P,スタンダード,1,1,1,0,0,0,0,0,0,0
E04290,2026-03-31,P,プライム,1,1,1,0,0,0,1,0,1,0
E04291,2026-03-31,P,プライム,1,1,1,1,1,0,1,1,0,0
E04294,2026-03-31,P,スタンダード,1,1,0,1,0,0,1,0,0,0
E04304,2026-03-31,P,プライム,1,1,1,0,0,0,1,0,1,0
E04317,2026-03-31,P,スタンダード,1,1,1,1,0,0,1,0,1,0
E04322,2026-03-31,P,スタンダード,0,1,0,0,0,0,1,0,0,0
E04324,2026-03-31,P,プライム,1,1,1,1,0,0,1,0,0,1
E04331,2026-03-31,P,プライム,1,1,1,0,0,0,1,0,1,0
E04341,2026-03-31,P,プライム,1,1,1,1,1,0,1,0,0,1
E04342,2026-03-31,P,スタンダード,1,1,1,0,0,0,1,0,0,0
E04345,2026-03-31,P,プライム,1,1,1,0,1,0,1,0,0,0
E04348,2026-03-31,P,スタンダード,1,1,1,0,0,0,0,0,0,0
E04353,2026-03-31,P,スタンダード,0,1,1,0,0,0,1,0,0,0
E04357,2026-03-31,P,スタンダード,1,1,1,0,0,0,1,0,1,0
E04358,2025-10-31,P,プライム,1,1,1,1,0,0,1,1,0,0
E04375,2026-03-31,P,プライム,1,1,1,0,0,0,1,1,0,0
E04380,2026-03-31,P,プライム,1,1,0,0,0,0,0,0,0,0
E04410,2026-03-31,P,プライム,1,1,1,0,0,0,1,0,0,0
E04414,2026-03-31,P,プライム,1,1,1,0,0,0,1,0,1,0
E04425,2026-03-31,P,プライム,1,1,1,1,0,0,1,1,0,1
E04426,2026-03-31,P,プライム,1,1,0,0,0,0,1,1,0,1
E04427,2026-03-31,P,プライム,1,1,1,0,0,0,0,0,0,0
E04430,2026-03-31,P,プライム,0,1,1,1,1,1,1,1,0,1
E04460,2026-03-31,P,スタンダード,1,1,1,0,0,0,0,0,1,0
E04462,2026-03-31,P,プライム,1,1,1,0,0,0,1,1,0,0
E04473,2026-03-31,P,プライム,1,1,0,0,0,0,1,0,0,0
E04476,2026-03-31,P,スタンダード,0,1,0,0,0,0,1,0,0,0
E04478,2026-03-31,P,スタンダード,1,1,1,0,1,0,0,0,0,0
E04497,2026-03-31,P,プライム,1,1,1,0,1,0,1,1,0,0
E04498,2026-03-31,P,プライム,1,1,0,0,0,0,0,1,0,0
E04499,2026-03-31,P,プライム,1,1,1,1,1,1,1,1,0,0
E04500,2026-03-31,P,プライム,0,1,0,1,0,0,1,0,0,0
E04501,2026-03-31,P,プライム,1,1,1,0,0,0,1,1,0,0
E04502,2026-03-31,P,プライム,1,1,1,0,0,0,1,1,0,1
E04503,2026-03-31,P,プライム,1,1,1,0,0,0,0,0,0,0
E04504,2026-03-31,P,プライム,1,1,1,0,0,0,1,1,1,0
E04505,2026-03-31,P,プライム,1,1,1,1,0,0,1,1,0,0
E04506,2026-03-31,P,プライム,0,1,1,1,0,0,1,1,0,0
E04509,2026-03-31,P,プライム,1,1,1,0,0,0,1,0,0,0
E04510,2026-03-31,P,プライム,1,1,1,0,1,0,1,0,0,0
E04511,2026-03-31,P,プライム,1,0,1,1,0,0,1,0,0,0
E04514,2026-03-31,P,プライム,1,1,1,1,0,0,0,1,0,0
E04515,2025-12-31,P,スタンダード,0,1,1,0,0,0,1,0,0,0
E04516,2025-12-31,P,プライム,0,1,1,0,0,0,1,0,0,0
E04517,2026-03-31,P,プライム,1,1,1,1,0,0,1,1,0,0
E04519,2026-03-31,P,スタンダード,0,1,0,0,0,0,1,0,0,0
E04520,2026-03-31,P,プライム,0,0,1,1,0,1,1,1,0,0
E04523,2026-03-31,P,プライム,1,1,1,0,0,0,1,0,0,0
E04535,2026-03-31,P,スタンダード,0,1,1,0,0,0,1,0,0,0
E04539,2026-03-31,P,スタンダード,0,1,0,0,0,1,1,1,0,0
E04540,2026-03-31,P,スタンダード,1,1,1,0,0,0,0,0,0,0
E04560,2025-12-31,P,プライム,1,1,1,0,0,1,1,0,0,0
E04583,2026-02-28,P,プライム,1,1,1,1,0,0,1,1,0,0
E04585,2026-03-31,P,プライム,1,1,1,0,0,0,1,0,0,0
E04599,2026-01-31,P,スタンダード,1,1,0,0,0,0,0,0,0,0
E04691,2025-09-30,P,スタンダード,1,1,0,0,1,0,1,1,0,0
E04693,2025-12-31,P,スタンダード,0,1,1,0,0,0,1,0,0,0
E04707,2026-03-31,P,プライム,1,1,1,1,0,0,1,0,0,0
E04727,2026-03-31,P,スタンダード,1,1,0,0,0,0,0,0,0,0
E04754,2025-12-31,P,スタンダード,0,1,1,1,0,0,1,0,1,0
E04760,2025-12-31,P,プライム,1,1,0,1,1,1,0,1,1,1
E04762,2026-03-31,P,プライム,1,1,1,0,0,0,1,1,1,0
E04768,2026-03-31,P,プライム,1,1,1,1,0,0,1,0,0,0
E04773,2026-03-31,P,プライム,0,1,0,0,0,0,1,1,0,1
E04775,2026-03-31,P,プライム,1,1,1,0,0,0,1,0,0,0
E04777,2026-03-31,P,スタンダード,1,1,1,0,0,0,1,0,1,0
E04783,2025-12-31,P,プライム,1,1,1,0,0,0,1,1,1,1
E04788,2026-03-31,P,プライム,1,1,1,1,0,0,1,1,0,1
E04799,2026-02-28,P,プライム,1,1,1,0,0,0,0,1,1,0
E04800,2026-03-31,P,スタンダード,0,1,1,0,0,0,0,0,0,0
E04803,2026-03-31,P,プライム,0,1,1,0,0,0,0,0,0,0
E04804,2026-03-31,P,プライム,1,1,1,0,0,0,0,0,1,0
E04806,2026-03-31,P,プライム,0,1,1,0,0,0,1,0,0,1
E04807,2025-09-30,P,プライム,1,1,0,1,0,1,1,0,0,0
E04815,2026-03-31,P,スタンダード,1,1,0,0,0,0,1,0,0,0
E04816,2025-12-31,P,プライム,1,1,1,1,0,0,1,0,0,0
E04817,2025-12-31,P,プライム,0,1,1,0,0,0,1,1,0,0
E04821,2026-03-31,P,スタンダード,1,1,1,0,0,0,1,0,0,0
E04822,2026-03-31,P,プライム,1,1,1,0,1,0,1,1,0,0
E04824,2026-03-31,P,スタンダード,0,1,1,0,0,0,1,0,0,0
E04826,2026-03-31,P,プライム,1,1,1,0,0,0,0,0,0,0
E04835,2026-02-28,P,プライム,1,1,1,1,0,0,1,1,0,1
E04837,2026-03-31,P,プライム,1,1,1,0,0,0,1,0,1,0
E04841,2026-03-31,P,スタンダード,1,1,1,0,0,0,1,0,0,0
E04846,2025-12-31,P,プライム,1,1,1,0,0,0,1,0,0,0
E04848,2025-09-30,P,プライム,1,1,1,0,1,0,1,0,1,0
E04849,2026-03-31,P,スタンダード,1,1,1,0,0,0,0,0,0,0
E04853,2026-01-31,P,プライム,1,1,1,0,0,0,1,0,0,0
E04855,2026-03-31,P,スタンダード,1,1,0,0,0,0,1,0,0,0
E04856,2026-03-31,P,スタンダード,0,1,1,0,0,0,1,1,0,0
E04857,2026-03-31,P,スタンダード,0,1,1,0,0,0,1,0,0,0
E04859,2026-03-31,P,プライム,1,1,1,0,0,0,1,0,0,0
E04861,2026-03-31,P,プライム,1,1,1,1,1,1,1,1,0,1
E04869,2026-03-31,P,プライム,1,1,1,1,0,0,1,1,1,0
E04873,2025-05-31,P,スタンダード,1,1,1,0,0,0,0,0,0,0
E04877,2026-03-31,P,プライム,1,1,1,0,0,0,1,0,0,0
E04878,2026-03-31,P,プライム,1,1,1,0,1,0,1,1,0,0
E04887,2026-03-31,P,プライム,1,1,1,0,0,0,1,0,1,0
E04889,2026-03-31,P,スタンダード,0,1,1,1,0,0,1,0,1,1
E04890,2026-03-31,P,スタンダード,1,1,1,0,0,0,0,0,0,0
E04894,2026-03-31,P,プライム,1,1,1,0,0,0,1,1,0,0
E04896,2025-04-30,P,プライム,1,1,1,1,0,0,1,1,0,0
E04902,2025-12-31,P,プライム,1,1,1,0,0,0,0,0,0,0
E04903,2025-12-31,P,プライム,1,1,1,1,0,0,1,1,0,0
E04904,2026-03-31,P,プライム,1,0,1,0,0,0,1,0,0,1
E04908,2026-03-31,P,プライム,1,1,1,0,0,0,0,0,1,0
E04912,2026-02-28,P,プライム,0,1,1,0,0,0,0,0,0,0
E04920,2026-03-31,P,スタンダード,1,1,1,0,0,0,1,0,0,0
E04925,2025-09-30,P,プライム,1,1,1,0,0,0,0,0,0,0
E04926,2026-03-31,P,プライム,1,1,1,0,0,0,0,0,0,0
E04933,2026-03-31,P,プライム,0,1,1,1,0,0,1,1,0,0
E04934,2026-03-31,P,プライム,1,1,1,0,0,0,0,0,0,0
E04946,2026-03-31,P,プライム,1,1,1,1,0,0,1,1,0,1
E04948,2026-03-31,P,プライム,1,1,0,0,0,0,0,0,0,0
E04954,2025-12-31,P,プライム,1,1,1,0,0,0,1,0,0,0
E04972,2025-06-30,P,スタンダード,1,1,1,0,0,0,0,0,1,0
E04973,2026-03-31,P,プライム,1,1,1,0,0,0,1,1,1,1
E04976,2026-03-31,P,プライム,1,1,1,0,0,0,1,0,0,0
E04979,2025-10-31,P,プライム,1,1,0,1,0,0,1,1,0,0
E04980,2026-03-31,P,スタンダード,1,1,1,0,0,0,1,0,1,0
E04981,2025-08-31,P,プライム,1,0,1,0,1,0,1,1,0,0
E04987,2025-11-30,P,スタンダード,1,1,1,0,0,0,0,1,0,0
E04995,2026-03-31,P,スタンダード,1,1,1,1,0,0,0,0,1,0
E04996,2026-03-31,P,プライム,1,1,0,0,0,0,0,0,0,0
E04997,2026-03-31,P,プライム,1,1,1,0,0,0,1,0,0,0
E04999,2025-12-31,P,プライム,1,1,1,0,0,1,0,0,0,0
E05000,2026-03-31,P,プライム,1,1,0,0,1,1,1,1,1,1
E05017,2026-03-31,P,プライム,1,1,1,0,0,0,1,1,0,0
E05018,2026-03-31,P,プライム,0,1,0,0,0,0,1,0,0,0
E05024,2026-02-28,P,プライム,1,1,0,0,0,0,0,0,0,0
E05025,2026-03-31,P,プライム,0,1,1,0,0,0,0,0,0,0
E05027,2025-05-31,P,スタンダード,1,1,0,0,0,0,0,0,1,0
E05028,2026-03-31,P,プライム,1,1,1,1,0,0,1,0,0,0
E05029,2026-03-31,P,プライム,1,1,0,0,0,0,1,0,0,0
E05036,2025-12-31,P,プライム,1,1,1,0,1,1,0,0,1,0
E05041,2025-12-31,P,プライム,0,1,0,0,0,0,1,0,0,0
E05042,2025-08-31,P,スタンダード,1,1,1,0,0,0,1,0,0,0
E05045,2026-03-31,P,プライム,1,1,1,1,0,0,0,1,0,1
E05048,2026-03-31,P,プライム,1,1,1,0,0,0,1,0,0,0
E05049,2025-09-30,P,プライム,1,1,1,0,0,0,1,0,0,0
E05054,2026-03-31,P,スタンダード,1,1,1,0,0,0,1,0,0,0
E05056,2026-03-31,P,プライム,0,1,1,0,0,0,1,1,0,0
E05062,2026-03-31,P,プライム,1,1,1,1,0,0,1,1,0,0
E05066,2025-12-31,P,スタンダード,1,1,0,0,0,0,0,0,0,0
E05070,2025-04-20,P,スタンダード,1,1,1,0,0,0,1,0,0,0
E05072,2025-09-30,P,プライム,1,1,1,0,0,0,0,0,0,0
E05080,2025-12-31,P,プライム,1,1,0,0,1,0,1,1,0,0
E05090,2026-03-31,P,スタンダード,1,1,1,0,0,0,1,0,1,0
E05091,2026-03-31,P,スタンダード,1,1,1,1,0,0,0,0,0,0
E05099,2025-12-31,P,プライム,1,1,1,0,0,0,1,1,0,0
E05100,2025-06-30,P,スタンダード,1,1,0,0,0,0,1,0,0,0
E05101,2025-09-30,P,スタンダード,0,1,1,0,0,0,0,0,0,0
E05112,2026-03-31,P,スタンダード,1,1,0,0,0,0,0,0,0,0
E05116,2025-12-31,P,プライム,1,1,0,0,0,0,0,0,0,0
E05120,2026-03-31,P,スタンダード,1,1,1,1,0,0,1,1,0,0
E05123,2025-12-31,P,プライム,0,1,0,0,0,0,1,1,0,0
E05147,2025-12-31,P,プライム,1,1,1,1,0,0,1,1,0,0
E05149,2025-12-31,P,プライム,1,1,0,0,0,1,0,0,0,0
E05153,2026-03-31,P,プライム,1,1,1,0,0,0,1,1,0,0
E05155,2025-12-31,P,プライム,0,0,1,1,0,0,0,0,0,0
E05162,2025-05-31,P,プライム,1,1,1,1,0,0,0,1,0,0
E05163,2025-06-30,P,プライム,1,1,1,0,0,0,1,0,0,0
E05168,2026-01-31,P,プライム,1,1,0,0,0,0,1,1,0,1
E05169,2025-05-31,P,スタンダード,0,1,1,0,0,0,1,0,0,0
E05173,2026-03-31,P,スタンダード,1,1,1,0,0,0,1,0,0,0
E05182,2025-12-31,P,プライム,1,1,1,0,0,0,1,0,0,0
E05183,2025-12-31,P,スタンダード,1,1,1,0,0,0,0,0,0,0
E05187,2025-06-30,P,スタンダード,1,1,1,0,0,0,1,0,0,0
E05191,2025-06-30,P,プライム,1,1,1,0,0,0,0,1,0,0
E05199,2025-12-31,P,スタンダード,1,1,0,0,0,1,1,0,0,0
E05205,2026-03-31,P,プライム,1,1,1,0,0,0,1,0,0,0
E05206,2025-12-31,P,スタンダード,1,1,0,0,1,1,0,0,0,0
E05215,2026-03-31,P,スタンダード,1,1,1,0,1,0,1,0,0,0
E05219,2026-03-31,P,プライム,1,1,1,0,0,0,0,0,0,0
E05232,2026-03-31,P,プライム,0,1,1,1,0,0,1,1,0,0
E05236,2026-03-31,P,プライム,1,1,1,0,0,0,0,0,0,0
E05238,2026-03-31,P,スタンダード,0,1,1,0,0,0,0,0,0,0
E05239,2025-06-30,P,プライム,1,1,1,0,0,0,1,0,0,0
E05242,2026-03-31,P,プライム,1,1,1,1,0,0,1,0,1,0
E05264,2026-02-28,P,プライム,1,1,1,0,0,0,1,0,0,0
E05268,2025-09-30,P,スタンダード,1,1,0,0,0,0,0,0,0,0
E05274,2026-03-31,P,スタンダード,1,1,1,0,0,0,0,0,0,0
E05278,2026-02-28,P,スタンダード,1,0,1,1,0,0,0,0,0,0
E05282,2025-12-31,P,スタンダード,1,1,1,0,0,0,0,0,1,1
E05299,2025-12-31,P,プライム,1,1,0,0,0,0,1,0,0,0
E05304,2026-03-31,P,プライム,1,1,1,1,0,0,1,1,0,0
E05306,2026-03-31,P,プライム,1,1,1,0,0,0,1,1,0,0
E05307,2026-03-31,P,スタンダード,0,1,1,0,0,0,0,1,0,0
E05309,2026-03-31,P,プライム,0,1,1,0,0,0,1,0,0,0
E05310,2026-03-31,P,スタンダード,1,1,1,1,0,0,0,1,0,1
E05312,2026-03-31,P,プライム,1,1,1,1,0,0,1,1,0,0
E05313,2025-05-31,P,スタンダード,1,1,0,0,0,0,1,0,0,0
E05314,2026-02-28,P,プライム,1,1,1,1,0,0,1,0,0,0
E05316,2026-02-28,P,スタンダード,0,1,0,0,0,0,1,0,0,0
E05317,2026-03-31,P,スタンダード,1,1,0,0,0,0,1,0,0,0
E05320,2025-10-31,P,スタンダード,1,1,0,0,0,0,0,0,0,0
E05326,2025-12-31,P,スタンダード,1,1,1,0,0,0,0,0,0,0
E05332,2026-03-31,P,プライム,0,1,1,1,0,0,0,0,0,0
E05346,2026-03-31,P,プライム,1,1,1,1,0,0,1,1,0,1
E05350,2026-03-31,P,プライム,1,1,1,0,0,0,0,0,0,0
E05356,2025-10-31,P,スタンダード,1,1,1,0,0,0,1,0,0,0
E05361,2026-03-31,P,プライム,1,1,1,0,0,0,1,1,0,0
E05368,2026-02-28,P,プライム,1,1,1,0,0,0,1,0,1,0
E05381,2026-03-31,P,スタンダード,0,1,1,1,1,1,0,0,0,0
E05400,2026-03-31,P,プライム,1,1,1,1,0,0,1,0,0,0
E05407,2025-12-31,P,スタンダード,0,1,1,0,0,0,1,0,0,0
E05410,2026-03-31,P,プライム,1,1,1,0,0,0,1,0,0,0
E05411,2025-12-31,P,スタンダード,0,1,1,0,0,0,0,0,0,0
E05413,2025-12-31,P,スタンダード,1,1,1,1,1,1,1,1,0,1
E05425,2026-03-31,P,プライム,1,1,1,0,0,0,0,0,0,0
E05426,2026-03-31,P,プライム,0,1,1,1,0,0,0,1,0,1
E05438,2026-03-31,P,プライム,0,1,0,1,0,0,1,1,0,0
E05450,2025-05-31,P,スタンダード,0,1,1,0,0,0,0,0,0,0
E05456,2026-03-31,P,スタンダード,1,1,1,0,0,0,0,0,0,0
E05458,2025-06-30,P,スタンダード,1,1,1,0,0,0,0,0,0,1
E05460,2026-03-31,P,プライム,1,1,1,0,0,0,0,1,1,0
E05462,2026-03-31,P,プライム,0,1,0,1,0,0,1,1,0,0
E05463,2026-03-31,P,プライム,1,1,1,1,0,0,0,0,0,0
E05466,2026-03-31,P,プライム,1,1,1,0,0,0,0,1,0,0
E05471,2026-03-31,P,スタンダード,1,1,1,1,1,0,0,0,0,0
E05476,2025-09-30,P,プライム,1,1,0,0,0,0,1,0,0,0
E05480,2026-03-31,P,プライム,1,1,1,1,0,0,0,1,0,1
E05492,2025-09-30,P,スタンダード,0,1,1,0,0,0,0,0,0,0
E05493,2026-03-31,P,スタンダード,1,1,1,0,0,0,0,1,0,0
E05498,2025-08-31,P,スタンダード,1,1,1,0,1,0,1,0,0,0
E05504,2026-03-31,P,スタンダード,0,1,1,0,0,0,1,0,0,0
E05505,2025-06-30,P,スタンダード,1,1,1,0,0,0,0,0,1,0
E05514,2026-03-31,P,スタンダード,1,1,1,1,0,0,1,0,0,0
E05516,2025-10-31,P,スタンダード,0,1,1,0,0,0,0,0,0,0
E05517,2026-02-28,P,プライム,1,0,1,0,1,1,1,0,0,0
E05521,2026-03-31,P,スタンダード,1,1,0,0,0,0,0,0,0,0
E05528,2026-03-31,P,スタンダード,0,1,0,0,0,0,1,0,0,0
E05533,2025-12-31,P,プライム,1,1,1,0,0,0,1,0,0,0
E05539,2026-03-31,P,プライム,0,1,0,0,0,0,1,0,0,0
E05545,2025-12-31,P,プライム,1,1,1,0,0,0,0,1,0,0
E05550,2026-03-31,P,スタンダード,1,1,1,0,0,0,1,0,0,0
E05553,2026-03-31,P,スタンダード,1,1,1,0,0,0,1,0,0,0
E05555,2025-11-30,P,プライム,1,1,1,0,0,0,1,0,0,0
E05561,2026-03-31,P,スタンダード,0,1,0,0,0,0,1,1,0,0
E05563,2025-04-30,P,プライム,0,1,1,0,1,1,1,0,0,0
E05576,2025-06-30,P,スタンダード,0,1,1,0,0,0,0,0,0,0
E05578,2026-03-31,P,スタンダード,0,0,1,1,0,0,0,0,0,0
E05579,2026-03-31,P,スタンダード,1,1,1,0,0,0,0,0,0,0
E05584,2025-08-31,P,スタンダード,1,1,1,0,0,0,0,0,0,0
E05592,2025-12-31,P,プライム,0,1,0,0,0,0,0,0,1,0
E05617,2026-03-31,P,プライム,1,1,0,1,1,0,1,0,0,0
E05623,2025-09-30,P,スタンダード,1,1,1,0,0,0,0,0,0,0
E05625,2025-12-31,P,プライム,1,1,1,0,0,0,1,1,1,1
E05627,2025-12-31,P,スタンダード,1,1,0,0,0,0,0,0,0,0
E05629,2026-03-31,P,プライム,1,1,0,0,0,0,1,0,0,0
E05640,2026-03-31,P,プライム,1,1,1,0,0,0,1,0,1,0
E05643,2026-02-28,P,スタンダード,1,1,1,0,0,0,1,0,1,0
E05647,2025-12-31,P,プライム,1,1,1,0,0,0,0,0,0,0
E05648,2026-03-31,P,スタンダード,1,1,1,0,0,0,1,0,0,1
E05659,2026-03-31,P,プライム,1,1,0,0,0,0,1,0,0,0
E05663,2025-06-30,P,プライム,1,1,1,0,0,1,1,0,0,1
E05665,2026-03-31,P,プライム,1,1,1,0,0,0,1,0,0,0
E05677,2026-03-31,P,スタンダード,1,1,0,0,1,0,0,0,0,0
E05678,2026-03-31,P,プライム,1,1,0,0,0,0,1,0,0,0
E05679,2026-03-31,P,スタンダード,1,1,1,0,0,0,1,0,1,1
E05686,2026-03-31,P,プライム,1,1,0,0,1,0,1,0,1,0
E05688,2026-03-31,P,スタンダード,1,1,1,0,1,0,0,1,0,0
E05695,2025-06-30,P,プライム,1,1,1,0,0,0,1,1,0,0
E05698,2026-03-31,P,プライム,1,1,1,0,0,0,1,0,1,0
E05699,2026-03-31,P,プライム,1,1,1,0,1,0,0,0,0,0
E05701,2026-03-31,P,スタンダード,1,1,1,0,0,0,1,0,0,0
E05706,2025-05-31,P,プライム,1,1,1,1,0,0,1,0,0,0
E05714,2026-03-31,P,プライム,1,1,1,1,1,1,0,1,0,1
E05716,2025-08-31,P,スタンダード,1,1,1,0,1,0,0,0,1,1
E05717,2026-01-31,P,プライム,0,1,1,0,0,0,0,0,0,0
E05725,2026-03-31,P,プライム,1,1,1,0,1,0,1,1,1,1
E05727,2025-12-31,P,プライム,1,1,1,0,0,0,1,0,0,0
E05729,2025-05-31,P,プライム,1,1,1,0,0,0,1,0,1,0
E05736,2026-03-31,P,スタンダード,1,1,1,0,0,0,1,0,0,0
E05739,2026-03-31,P,プライム,1,1,1,0,0,0,1,1,1,1
E06141,2026-03-31,P,プライム,0,1,0,1,0,0,1,1,0,1
E07801,2026-03-31,P,プライム,1,0,1,0,1,1,1,0,0,0
E09753,2026-03-31,P,プライム,1,1,1,1,0,0,1,1,1,1
E10737,2025-05-20,P,スタンダード,1,1,0,0,0,0,0,0,0,0
E11661,2026-03-31,P,プライム,0,1,1,0,0,0,0,0,0,0
E11873,2026-03-31,P,プライム,1,1,1,0,1,0,1,1,0,0
E15690,2026-03-31,P,スタンダード,0,1,0,0,0,0,1,1,0,0
E20385,2026-02-28,P,スタンダード,1,1,1,0,1,0,1,0,0,1
E20870,2026-02-28,P,スタンダード,1,1,1,0,0,0,1,0,0,0
E21122,2025-12-31,P,プライム,0,1,1,0,1,1,1,0,0,0
E21183,2025-12-31,P,プライム,1,1,1,1,0,0,0,1,0,1
E21187,2026-03-31,P,プライム,1,1,1,0,0,0,0,1,0,1
E21258,2025-12-31,P,プライム,1,1,1,1,0,0,0,0,0,0
E21261,2026-03-31,P,プライム,1,1,1,1,1,1,1,1,1,1
E21320,2026-03-31,P,プライム,0,1,1,1,0,0,1,1,0,0
E21342,2026-03-31,P,スタンダード,1,1,1,0,0,0,0,0,0,0
E21381,2025-06-30,P,スタンダード,1,1,1,0,0,0,1,0,0,0
E21606,2025-05-31,P,プライム,1,1,1,0,0,0,1,0,0,0
E21649,2025-09-30,P,スタンダード,0,1,1,0,0,0,0,0,0,0
E21706,2026-03-31,P,スタンダード,1,1,1,0,0,0,0,0,1,0
E21815,2026-03-31,P,スタンダード,0,1,1,0,0,0,1,0,0,0
E21902,2026-03-31,P,プライム,1,1,1,1,0,0,1,1,0,0
E21955,2026-03-31,P,プライム,1,1,1,1,0,0,1,0,0,0
E22012,2025-06-30,P,プライム,1,1,0,0,0,0,0,0,0,1
E22042,2025-09-30,P,スタンダード,1,1,0,0,0,0,0,0,0,0
E22101,2025-12-31,P,スタンダード,0,1,0,0,0,0,1,0,0,0
E22440,2026-03-31,P,プライム,1,1,1,1,1,0,1,0,0,0
E22460,2026-03-31,P,プライム,1,1,1,0,0,0,1,0,0,0
E22547,2026-03-31,P,プライム,1,1,0,0,0,0,0,0,0,0
E22560,2025-12-31,P,プライム,1,1,1,1,0,0,1,0,0,0
E22995,2025-06-30,P,プライム,0,1,1,0,0,0,1,0,0,1
E23202,2026-03-31,P,プライム,1,1,1,1,0,1,1,1,0,0
E23250,2026-03-31,P,プライム,1,0,1,1,0,1,1,1,0,1
E23288,2026-03-31,P,スタンダード,1,1,1,0,0,0,1,0,0,0
E23479,2026-03-31,P,スタンダード,0,1,1,0,0,0,0,0,1,0
E23492,2025-09-30,P,プライム,1,1,1,1,0,0,1,1,0,0
E23820,2026-03-31,P,プライム,1,1,1,0,0,1,1,0,0,0
E23924,2026-03-31,P,プライム,1,1,1,1,0,0,0,1,1,1
E24050,2026-03-31,P,プライム,1,1,1,1,0,0,0,0,1,1
E24073,2026-03-31,P,プライム,1,1,1,1,0,0,0,1,0,0
E24187,2025-05-31,P,プライム,1,1,1,1,1,0,1,0,1,0
E24392,2025-06-30,P,スタンダード,1,1,1,0,0,0,0,0,0,0
E24457,2026-03-31,P,スタンダード,1,1,1,0,0,0,0,0,0,0
E24512,2026-02-28,P,スタンダード,1,1,1,1,0,0,1,0,1,0
E24536,2026-03-31,P,スタンダード,0,1,0,0,0,0,1,0,0,0
E24545,2026-03-31,P,プライム,0,1,1,0,0,0,1,0,0,0
E24558,2026-03-31,P,プライム,1,1,1,1,1,1,1,1,1,0
E24753,2025-08-31,P,プライム,1,1,1,1,0,0,1,0,0,0
E24951,2025-12-31,P,プライム,1,1,1,1,0,0,1,0,0,0
E24994,2025-12-31,P,スタンダード,0,1,1,0,0,0,1,0,0,0
E25148,2025-10-31,P,プライム,1,1,1,0,0,0,1,0,0,0
E25165,2026-03-31,P,プライム,1,1,1,0,0,0,1,1,0,0
E25234,2026-02-28,P,プライム,1,1,1,0,0,0,1,0,0,0
E25263,2026-03-31,P,スタンダード,1,1,1,0,0,0,0,0,0,0
E25303,2026-03-31,P,プライム,1,1,1,0,1,0,1,1,0,0
E25386,2026-03-31,P,スタンダード,1,1,0,0,0,0,0,0,0,0
E25551,2026-02-28,P,プライム,1,1,1,0,0,0,1,0,1,0
E25648,2026-03-31,P,プライム,1,1,1,1,0,0,1,1,0,0
E25850,2025-12-31,P,プライム,1,1,0,0,0,0,1,0,0,1
E26061,2026-03-31,P,スタンダード,1,1,1,0,0,0,1,0,0,0
E26082,2026-01-31,P,プライム,1,1,1,0,0,0,1,0,1,0
E26084,2026-03-31,P,スタンダード,1,1,0,0,0,0,1,0,0,0
E26086,2025-12-31,P,スタンダード,1,1,1,0,0,0,1,0,0,0
E26124,2026-03-31,P,プライム,1,1,1,0,0,0,1,0,0,0
E26290,2026-03-31,P,スタンダード,1,1,1,0,0,0,1,0,0,0
E26322,2025-07-31,P,スタンダード,1,1,1,1,0,0,1,0,0,0
E26327,2026-03-31,P,プライム,0,0,0,0,0,0,1,1,0,0
E26369,2025-07-31,P,プライム,0,1,0,0,0,0,1,0,0,0
E26428,2026-02-28,P,プライム,1,1,0,0,0,0,0,0,0,0
E26675,2025-12-31,P,スタンダード,1,1,1,0,0,0,1,0,0,0
E26703,2026-01-31,P,プライム,1,1,0,0,0,0,0,0,1,0
E26707,2026-03-31,P,プライム,1,1,1,0,0,0,1,1,0,1
E26713,2026-03-31,P,プライム,1,1,1,0,0,0,0,0,1,0
E26815,2025-12-31,P,スタンダード,0,1,0,0,0,0,1,0,0,0
E26831,2025-05-31,P,プライム,1,1,1,0,0,0,1,0,0,0
E26839,2026-03-31,P,プライム,1,1,1,0,0,0,0,0,0,0
E27043,2025-09-30,P,スタンダード,1,1,1,0,0,0,1,0,0,1
E27051,2026-03-31,P,プライム,0,1,1,0,0,0,0,0,0,1
E27062,2025-09-30,P,プライム,0,1,1,0,0,0,1,0,0,0
E27063,2026-03-31,P,スタンダード,1,1,1,1,0,0,0,0,0,0
E27066,2025-12-31,P,プライム,1,1,1,0,0,0,0,0,0,0
E27210,2026-03-31,P,プライム,0,1,1,0,0,0,0,0,0,0
E27215,2025-04-30,P,プライム,1,1,1,0,0,0,1,0,0,0
E27235,2026-03-31,P,スタンダード,1,1,1,0,0,0,0,0,0,0
E27273,2026-03-31,P,スタンダード,1,1,1,0,0,0,1,0,0,0
E27281,2026-03-31,P,プライム,1,1,1,1,0,0,0,1,1,0
E27294,2026-03-31,P,スタンダード,0,1,0,0,0,0,1,0,0,0
E27303,2026-03-31,P,プライム,1,1,1,0,0,0,1,0,0,0
E27361,2025-12-31,P,プライム,1,1,1,0,0,0,1,1,0,0
E27421,2025-06-30,P,スタンダード,1,1,1,0,0,0,0,0,0,0
E27486,2025-12-31,P,プライム,1,1,0,1,1,1,0,1,0,0
E27530,2026-03-31,P,スタンダード,1,1,1,0,0,0,0,0,0,0
E27622,2025-12-31,P,プライム,1,1,1,0,0,0,1,0,0,0
E27624,2026-03-31,P,プライム,1,1,0,0,0,0,0,0,1,0
E27633,2026-03-31,P,プライム,1,1,1,1,1,1,1,1,1,0
E27655,2026-03-31,P,プライム,1,1,0,1,0,0,1,1,0,0
E27759,2026-03-31,P,プライム,1,0,1,1,1,0,1,0,0,0
E27842,2025-09-30,P,プライム,1,1,1,0,0,0,1,1,0,0
E27868,2025-06-30,P,スタンダード,0,1,1,0,0,0,1,0,0,0
E30002,2026-02-28,P,プライム,1,1,1,0,1,0,1,1,0,0
E30010,2025-12-31,P,プライム,1,1,1,0,0,0,1,0,0,0
E30022,2025-09-30,P,プライム,1,1,1,0,0,0,0,0,0,0
E30048,2025-12-31,P,プライム,1,1,0,0,0,0,1,0,0,0
E30071,2025-06-30,P,スタンダード,1,1,0,0,0,0,0,1,0,0
E30103,2026-03-31,P,プライム,1,1,1,1,0,0,1,0,0,0
E30114,2025-12-31,P,プライム,1,1,1,0,0,0,0,0,0,0
E30126,2025-12-31,P,プライム,1,1,1,0,0,0,0,0,0,0
E30130,2026-03-31,P,プライム,0,1,1,0,0,0,1,0,0,0
E30133,2025-12-31,P,スタンダード,1,1,1,0,0,0,0,1,0,0
E30140,2026-03-31,P,プライム,1,1,1,0,0,0,1,1,0,0
E30443,2026-03-31,P,プライム,1,1,1,0,0,0,1,0,1,0
E30454,2025-08-31,P,スタンダード,1,1,0,0,0,0,0,0,0,0
E30479,2026-03-31,P,プライム,1,1,1,0,0,0,1,0,0,0
E30501,2025-06-20,P,プライム,1,0,0,1,0,1,1,1,0,1
E30537,2025-09-30,P,プライム,1,1,1,0,0,0,1,0,0,0
E30649,2025-12-31,P,スタンダード,1,1,1,0,0,0,1,0,1,0
E30699,2025-07-31,P,プライム,1,1,1,0,0,0,0,0,0,0
E30728,2026-03-31,P,プライム,0,0,1,1,1,1,1,1,0,1
E30731,2026-03-31,P,プライム,1,1,1,0,0,0,0,1,1,0
E30746,2026-03-31,P,プライム,1,1,1,1,0,1,1,0,0,0
E30881,2025-10-31,P,スタンダード,1,1,1,0,0,0,0,0,0,0
E30898,2025-12-31,P,プライム,0,1,0,0,0,0,1,0,0,0
E30917,2026-03-31,P,プライム,0,1,1,0,0,0,1,0,1,0
E30918,2026-03-31,P,プライム,1,1,1,0,0,0,0,0,1,0
E30919,2025-12-31,P,プライム,1,1,1,0,1,0,1,1,0,0
E30929,2025-12-31,P,プライム,1,1,1,0,0,0,1,0,0,0
E30982,2026-03-31,P,スタンダード,0,1,0,0,0,0,1,0,0,0
E30996,2025-09-30,P,スタンダード,1,1,1,0,0,0,0,1,0,0
E31012,2026-03-31,P,スタンダード,1,1,1,0,0,0,0,0,0,0
E31023,2025-12-31,P,プライム,1,1,1,0,0,0,0,0,0,0
E31029,2026-02-28,P,プライム,1,1,0,0,0,0,0,0,0,0
E31054,2026-03-31,P,スタンダード,1,1,0,0,0,0,0,0,1,0
E31056,2025-12-31,P,プライム,1,1,1,0,0,0,1,0,0,0
E31064,2026-03-31,P,プライム,1,1,0,1,0,0,1,0,0,0
E31123,2026-02-28,P,スタンダード,0,1,1,0,1,0,0,0,0,0
E31167,2026-03-31,P,プライム,1,1,1,1,0,0,1,0,0,0
E31220,2026-03-31,P,スタンダード,1,1,1,0,0,0,0,0,0,0
E31306,2025-05-31,P,スタンダード,1,1,1,0,0,0,1,0,0,0
E31344,2025-06-30,P,スタンダード,0,1,1,0,0,0,0,0,0,0
E31354,2025-12-31,P,スタンダード,1,1,0,0,0,0,0,0,0,0
E31379,2025-05-31,P,スタンダード,1,1,1,0,0,0,1,0,0,0
E31454,2025-05-31,P,スタンダード,1,1,1,0,1,0,1,0,1,0
E31524,2025-06-30,P,スタンダード,1,1,0,0,0,0,1,0,0,0
E31560,2026-03-31,P,プライム,1,1,1,1,0,0,0,0,0,0
E31573,2025-06-30,P,プライム,1,1,1,0,0,0,1,1,1,0
E31575,2025-06-30,P,スタンダード,1,1,0,0,0,0,0,0,0,0
E31580,2026-02-28,P,スタンダード,1,1,1,0,0,0,1,0,0,0
E31594,2026-03-31,P,プライム,0,1,1,0,0,0,0,0,0,0
E31612,2026-03-31,P,プライム,1,1,1,0,1,0,1,0,1,0
E31622,2025-06-30,P,スタンダード,1,1,1,0,0,0,0,0,0,0
E31632,2026-03-31,P,プライム,1,1,1,1,0,0,1,1,0,1
E31633,2026-03-31,P,プライム,1,1,1,1,1,1,0,1,1,1
E31640,2026-03-31,P,スタンダード,1,1,1,0,1,1,1,0,1,0
E31729,2025-11-30,P,プライム,1,1,1,1,0,0,0,1,0,0
E31742,2026-01-31,P,プライム,1,1,1,0,0,0,1,0,0,0
E31743,2025-08-31,P,スタンダード,1,1,1,0,1,0,0,0,0,0
E31748,2026-03-31,P,プライム,1,1,1,1,0,0,1,1,0,0
E31755,2026-03-31,P,プライム,1,0,1,1,0,0,0,1,0,0
E31775,2026-03-31,P,プライム,1,1,1,1,0,0,0,0,0,0
E31776,2025-09-30,P,スタンダード,1,1,0,0,0,0,0,0,0,0
E31896,2026-02-28,P,プライム,1,1,0,0,0,0,0,1,0,0
E31924,2026-02-28,P,スタンダード,0,1,1,1,0,0,1,0,0,0
E31954,2025-12-31,P,プライム,1,1,0,1,1,0,1,0,0,0
E31977,2026-03-31,P,スタンダード,1,1,1,0,0,0,0,0,0,0
E31979,2026-03-31,P,プライム,1,1,0,0,0,0,0,0,0,0
E31991,2025-12-31,P,スタンダード,0,1,0,0,0,0,1,0,0,0
E31997,2026-03-31,P,スタンダード,0,1,1,0,0,0,0,0,0,0
E32022,2026-03-31,P,プライム,0,1,1,1,0,0,1,1,0,1
E32069,2026-03-31,P,プライム,1,1,1,0,0,0,1,1,0,0
E32109,2026-03-31,P,スタンダード,1,1,1,0,0,0,0,0,0,0
E32156,2025-09-30,P,スタンダード,0,1,1,0,1,1,1,0,0,0
E32159,2026-03-31,P,スタンダード,0,1,0,0,0,0,1,0,0,0
E32161,2026-03-31,P,スタンダード,0,1,1,0,0,0,0,0,0,0
E32169,2026-03-31,P,プライム,0,1,1,0,0,0,0,0,0,0
E32181,2025-06-30,P,スタンダード,1,1,1,1,0,0,1,1,0,0
E32189,2026-03-31,P,プライム,1,1,1,0,0,1,1,0,0,1
E32238,2026-02-28,P,スタンダード,1,1,1,0,0,0,0,0,0,1
E32292,2026-03-31,P,プライム,1,1,1,1,0,0,1,0,0,1
E32380,2025-09-30,P,プライム,1,1,0,0,0,0,1,0,0,0
E32381,2025-05-15,P,スタンダード,1,1,1,1,0,0,0,0,0,0
E32382,2026-02-28,P,プライム,1,1,1,0,0,0,1,0,0,0
E32400,2025-09-30,P,プライム,1,1,0,0,0,0,0,1,0,1
E32412,2026-03-31,P,プライム,1,1,1,0,0,0,0,0,0,0
E32427,2026-02-28,P,プライム,1,1,1,1,0,0,1,1,1,1
E32495,2025-09-30,P,プライム,1,1,0,0,0,0,0,0,0,0
E32571,2025-11-30,P,スタンダード,1,1,1,0,0,0,1,0,0,1
E32642,2025-12-31,P,プライム,1,1,1,0,1,1,1,1,0,0
E32664,2025-12-31,P,スタンダード,1,1,0,0,0,0,1,0,0,0
E32679,2026-03-31,P,プライム,0,1,0,0,0,0,1,0,0,1
E32682,2025-09-30,P,スタンダード,1,1,1,0,0,0,1,0,0,0
E32697,2026-02-28,P,プライム,1,1,0,0,0,0,1,0,0,0
E32779,2025-12-31,P,プライム,1,1,1,0,0,0,1,0,0,0
E32796,2025-12-31,P,スタンダード,0,1,0,0,0,0,1,0,0,0
E32803,2026-03-31,P,スタンダード,1,1,1,0,0,0,0,0,0,0
E32815,2025-12-31,P,プライム,1,1,1,0,0,0,0,0,1,0
E32951,2026-02-28,P,スタンダード,1,1,1,0,0,0,1,0,0,0
E32967,2026-03-31,P,プライム,1,0,0,0,1,0,1,1,0,1
E32990,2026-03-31,P,スタンダード,0,1,0,0,0,0,1,0,0,0
E32992,2025-12-31,P,スタンダード,1,1,1,0,0,0,0,0,0,0
E33000,2025-09-30,P,プライム,1,1,1,0,0,0,1,0,0,1
E33009,2025-12-31,P,スタンダード,1,1,1,0,0,0,0,0,0,0
E33011,2026-03-31,P,プライム,1,1,1,0,0,0,1,0,0,0
E33025,2025-12-31,P,スタンダード,1,1,1,0,0,0,0,0,1,0
E33039,2025-12-31,P,プライム,1,1,1,0,0,0,1,0,0,0
E33040,2025-09-30,P,スタンダード,1,1,1,0,0,0,0,0,0,0
E33050,2026-03-31,P,スタンダード,1,1,1,0,0,0,1,0,0,0
E33109,2026-01-31,P,スタンダード,1,1,0,0,0,0,1,0,0,0
E33235,2025-07-31,P,スタンダード,1,1,1,0,0,0,0,0,0,0
E33247,2026-03-31,P,スタンダード,1,1,0,0,0,0,0,0,0,0
E33367,2025-09-30,P,プライム,1,1,1,0,0,0,1,0,1,0
E33393,2025-05-31,P,スタンダード,1,1,1,1,0,0,1,0,1,0
E33435,2026-03-31,P,スタンダード,1,1,1,0,0,0,0,0,0,0
E33491,2026-02-28,P,スタンダード,1,1,0,0,0,0,0,0,0,0
E33579,2025-12-31,P,プライム,1,1,1,0,0,0,1,0,0,0
E33586,2025-12-31,P,プライム,1,1,0,0,1,0,0,1,0,1
E33588,2025-12-31,P,プライム,1,1,0,0,0,0,1,0,0,0
E33594,2025-12-31,P,プライム,1,1,1,0,0,0,1,0,0,0
E33603,2026-03-31,P,プライム,1,1,1,0,0,0,1,0,0,0
E33616,2026-03-31,P,スタンダード,1,1,1,1,0,0,0,1,0,0
E33622,2026-03-31,P,プライム,1,1,1,0,0,0,1,1,0,0
E33624,2026-03-31,P,プライム,1,1,0,0,0,0,1,0,1,0
E33625,2026-03-31,P,プライム,1,1,1,0,0,0,0,0,0,0
E33638,2026-03-31,P,スタンダード,0,1,1,1,0,0,1,0,0,0
E33693,2026-03-31,P,プライム,1,1,1,0,0,0,1,0,0,0
E33702,2025-12-31,P,プライム,1,1,1,0,0,0,1,0,0,0
E33834,2026-03-31,P,スタンダード,1,1,0,0,1,0,0,0,0,1
E33839,2025-06-30,P,スタンダード,1,1,1,0,0,0,0,0,0,1
E33880,2025-04-30,P,スタンダード,0,0,0,0,0,0,1,1,0,0
E33881,2026-02-28,P,プライム,1,1,1,0,0,0,1,1,0,1
E33957,2026-02-28,P,プライム,1,1,0,0,1,1,0,1,0,0
E33966,2025-07-31,P,プライム,1,1,1,0,1,0,0,0,0,0
E34028,2025-09-30,P,スタンダード,1,1,1,0,0,0,1,0,0,0
E34064,2025-06-30,P,プライム,1,0,0,0,1,0,0,0,0,1
E34065,2026-03-31,P,スタンダード,1,1,1,1,0,0,1,0,0,1
E34095,2025-09-30,P,スタンダード,1,1,0,0,0,0,0,1,0,0
E34097,2026-03-31,P,スタンダード,1,1,0,0,0,0,1,0,0,0
E34102,2025-05-31,P,プライム,1,1,0,0,0,0,1,0,0,0
E34113,2026-03-31,P,プライム,1,1,1,1,0,1,1,1,0,0
E34137,2026-03-31,P,スタンダード,0,1,0,1,0,0,1,0,0,0
E34238,2025-08-31,P,スタンダード,1,1,0,0,0,0,0,0,0,0
E34290,2025-12-31,P,プライム,0,1,0,1,0,0,1,1,0,1
E34336,2025-10-31,P,プライム,1,1,1,0,0,0,1,0,0,0
E34454,2026-03-31,P,スタンダード,1,1,1,0,0,0,1,0,0,0
E34470,2026-03-31,P,スタンダード,1,1,1,0,0,0,1,0,1,0
E34663,2025-05-31,P,スタンダード,1,1,1,1,0,0,1,0,0,0
E34699,2026-03-31,P,プライム,1,1,1,0,1,0,1,0,0,0
E34739,2025-08-31,P,スタンダード,1,1,1,0,0,0,1,0,0,0
E34800,2025-10-31,P,スタンダード,1,1,1,0,0,0,1,0,0,0
E34814,2025-10-31,P,スタンダード,1,1,1,0,0,0,1,0,0,0
E34960,2025-05-31,P,プライム,1,1,1,0,0,0,0,0,0,0
E34965,2025-09-30,P,プライム,1,1,1,0,0,0,0,0,0,0
E35096,2025-12-31,P,プライム,0,0,0,0,0,1,1,0,0,0
E35136,2026-03-31,P,スタンダード,0,1,1,0,0,0,0,0,0,0
E35139,2025-12-31,P,スタンダード,1,1,1,0,0,0,1,0,0,0
E35140,2025-09-30,P,プライム,1,0,1,0,1,1,1,1,0,0
E35153,2026-03-31,P,プライム,1,1,1,0,0,0,1,0,0,0
E35164,2025-12-31,P,プライム,1,1,0,0,0,0,1,0,0,0
E35169,2025-10-31,P,スタンダード,0,1,1,0,0,0,0,0,0,0
E35220,2025-12-31,P,プライム,1,1,1,0,0,0,0,0,0,0
E35294,2025-12-31,P,スタンダード,0,1,1,0,0,0,1,0,1,0
E35340,2025-12-31,P,プライム,1,1,1,0,0,0,0,0,1,0
E35449,2026-03-31,P,スタンダード,0,1,1,0,0,0,1,0,0,0
E35470,2026-03-31,P,スタンダード,1,1,1,1,0,1,1,1,0,1
E35497,2026-03-31,P,スタンダード,1,1,1,0,0,0,1,0,1,0
E35544,2026-02-28,P,スタンダード,1,1,0,0,0,0,0,0,0,0
E35555,2026-03-31,P,スタンダード,1,1,0,0,0,0,1,0,0,0
E35597,2026-03-31,P,スタンダード,1,1,1,1,1,0,1,0,0,0
E35610,2026-03-31,P,スタンダード,0,0,0,0,1,1,0,0,0,0
E35642,2025-09-30,P,プライム,1,1,1,0,0,0,1,0,0,0
E35791,2026-03-31,P,プライム,1,1,1,1,0,0,1,1,1,1
E35810,2026-03-31,P,プライム,0,1,1,1,0,0,1,1,1,0
E35908,2025-12-31,P,スタンダード,1,1,1,0,0,0,1,0,0,0
E35931,2025-12-31,P,スタンダード,1,1,0,0,1,0,1,1,0,0
E35948,2026-03-31,P,プライム,1,1,0,0,1,1,1,0,0,0
E35959,2025-12-31,P,スタンダード,1,1,1,0,0,0,1,0,0,0
E36002,2025-09-30,P,スタンダード,1,1,1,0,0,0,0,0,0,0
E36098,2026-03-31,P,スタンダード,1,1,1,0,0,0,0,0,0,0
E36102,2026-03-31,P,プライム,1,1,0,1,0,0,0,1,0,1
E36133,2025-12-31,P,スタンダード,1,1,1,0,0,0,0,0,0,0
E36190,2026-03-31,P,プライム,1,1,1,1,0,1,1,1,0,1
E36223,2025-09-30,P,スタンダード,1,1,0,0,0,0,1,0,0,0
E36321,2025-07-31,P,スタンダード,1,1,1,0,0,0,1,0,0,0
E36350,2025-05-31,P,スタンダード,1,1,1,1,1,0,1,0,0,0
E36460,2025-12-31,P,プライム,1,1,1,0,0,0,1,0,0,0
E36464,2026-03-31,P,スタンダード,1,1,1,0,0,0,1,0,0,0
E36466,2026-03-31,P,プライム,1,1,1,0,0,0,1,0,0,0
E36539,2025-06-30,P,スタンダード,0,1,1,0,0,0,1,0,0,0
E36658,2025-07-31,P,スタンダード,0,1,0,0,0,0,1,0,0,0
E36700,2026-03-31,P,プライム,1,0,1,1,0,0,0,0,0,0
E36703,2026-03-31,P,プライム,1,1,1,0,0,0,1,1,0,0
E36706,2025-12-31,P,プライム,1,1,1,1,0,0,1,1,0,0
E36707,2025-12-31,P,プライム,0,1,0,1,0,0,1,0,0,0
E36714,2026-03-31,P,スタンダード,1,1,0,0,0,0,0,0,0,0
E36723,2026-03-31,P,プライム,1,1,1,0,1,0,1,1,0,0
E36730,2026-03-31,P,プライム,1,1,1,1,0,0,0,1,0,0
E36750,2025-06-30,P,スタンダード,1,1,1,0,0,0,0,0,0,1
E36751,2026-03-31,P,プライム,1,1,1,0,1,0,1,0,0,0
E36969,2025-06-30,P,スタンダード,1,1,0,0,0,0,0,0,0,0
E36976,2026-03-31,P,プライム,1,1,1,1,0,0,0,1,0,1
E36991,2025-09-30,P,スタンダード,1,1,0,0,0,0,1,0,0,0
E37082,2025-10-31,P,スタンダード,0,1,1,0,0,0,1,0,0,0
E37156,2025-12-31,P,スタンダード,0,1,1,0,0,0,1,0,0,0
E37157,2026-03-31,P,スタンダード,1,0,1,1,0,0,1,0,0,0
E37165,2026-03-31,P,プライム,1,1,0,0,1,1,1,0,0,0
E37194,2026-03-31,P,プライム,1,1,0,0,0,0,0,0,0,1
E37412,2026-03-31,P,プライム,1,1,1,1,0,0,1,1,0,0
E37456,2026-02-28,P,スタンダード,1,1,1,1,0,0,1,0,1,0
E37468,2025-04-30,P,スタンダード,1,1,1,1,0,0,1,0,0,0
E37488,2026-03-31,P,プライム,1,1,1,1,0,0,1,0,0,1
E37499,2026-03-31,P,スタンダード,1,1,1,0,0,0,0,0,0,0
E37523,2026-03-31,P,スタンダード,1,1,0,0,0,0,0,0,0,0
E37560,2026-03-31,P,スタンダード,1,1,1,0,0,0,1,0,0,0
E37573,2025-04-30,P,プライム,1,1,1,0,0,0,1,0,0,0
E37719,2026-03-31,P,プライム,1,1,1,0,0,0,0,1,0,0
E37725,2026-03-31,P,プライム,1,1,1,0,0,1,1,1,0,0
E37741,2026-02-28,P,プライム,1,1,0,0,0,0,1,0,0,0
E37777,2026-03-31,P,プライム,0,1,0,1,0,0,1,1,0,1
E37781,2026-03-31,P,プライム,1,1,1,0,0,1,1,1,0,0
E37785,2026-03-31,P,プライム,1,1,1,0,0,0,1,0,0,0
E37814,2026-03-31,P,スタンダード,1,1,1,0,0,0,1,0,0,0
E37978,2026-03-31,P,プライム,1,1,1,1,0,0,1,1,0,0
E38148,2026-03-31,P,プライム,1,1,1,0,1,0,1,0,1,0
E38178,2025-12-31,P,スタンダード,1,1,0,0,0,0,1,1,0,0
E38443,2026-03-31,P,スタンダード,1,1,1,1,0,0,1,1,0,0
E38504,2026-03-31,P,スタンダード,1,1,1,1,0,0,1,0,0,0
E38523,2025-06-30,P,スタンダード,1,0,1,1,0,0,0,0,0,0
E38645,2026-03-31,P,スタンダード,1,1,1,0,0,0,1,0,0,0
E38714,2026-03-31,P,プライム,0,1,1,1,0,0,0,0,0,0
E38723,2026-03-31,P,プライム,1,1,1,0,0,0,1,1,0,0
E38760,2026-03-31,P,プライム,1,1,0,0,0,0,1,0,1,1
E38761,2026-03-31,P,プライム,1,1,1,0,0,0,1,0,1,0
E38926,2025-12-31,P,スタンダード,1,1,1,0,1,0,1,0,0,0
E38979,2025-06-30,P,スタンダード,0,0,1,0,0,1,0,0,0,0
E39133,2025-12-31,P,スタンダード,1,0,1,0,0,0,0,1,0,0
E39259,2025-09-30,P,プライム,1,1,1,0,1,0,1,0,1,0
E39407,2025-12-31,P,スタンダード,1,1,1,0,0,0,0,0,0,0
E39505,2025-06-30,P,スタンダード,1,1,1,0,0,0,0,1,0,0
E39645,2025-06-30,P,スタンダード,1,1,1,0,1,0,0,0,0,0
E39785,2026-03-31,P,プライム,0,1,0,1,0,0,1,0,0,0
E39892,2025-12-31,P,プライム,1,1,1,0,1,1,1,0,0,0
E40019,2025-12-31,P,スタンダード,1,1,1,0,0,0,1,0,0,0
E40154,2026-03-31,P,スタンダード,1,1,1,0,0,0,0,1,0,0
E40213,2026-03-31,P,スタンダード,1,1,1,1,0,0,1,1,0,0
E40648,2025-08-31,P,スタンダード,1,1,0,0,0,0,0,0,0,0
E40662,2025-05-31,P,スタンダード,1,1,1,0,1,0,1,0,0,0
E40668,2026-03-31,P,プライム,1,1,1,0,0,0,1,0,0,0
E40727,2026-03-31,P,スタンダード,1,1,1,0,0,0,1,0,0,0
E40736,2026-03-31,P,プライム,1,1,1,1,0,0,0,0,0,0
E40985,2026-03-31,P,プライム,1,1,1,1,0,1,1,0,0,1
E41037,2026-03-31,P,スタンダード,0,1,0,0,0,0,1,1,0,0
E41115,2026-03-31,P,スタンダード,1,1,0,0,0,0,0,0,0,0
E41130,2026-03-31,P,プライム,1,1,1,1,0,0,1,0,0,0
E41331,2026-03-31,P,スタンダード,1,1,1,0,0,0,1,0,0,0
E41452,2026-03-31,P,スタンダード,1,0,1,0,0,1,1,0,0,0
E00006,2021-05-31,P-4,プライム,0,1,0,0,0,0,1,0,0,0
E00007,2022-03-31,P-4,プライム,1,0,1,0,1,1,1,0,0,0
E00008,2022-03-31,P-4,プライム,1,1,0,1,0,0,1,0,0,0
E00011,2021-12-31,P-4,プライム,1,1,1,0,0,0,1,1,0,1
E00012,2022-03-31,P-4,プライム,0,1,1,0,0,0,1,0,0,0
E00014,2022-03-31,P-4,プライム,1,1,1,1,0,0,1,1,0,0
E00015,2022-03-31,P-4,プライム,1,1,1,0,1,0,1,0,0,0
E00021,2022-03-31,P-4,プライム,1,1,1,0,1,0,1,1,0,1
E00023,2022-03-31,P-4,プライム,1,1,1,1,0,0,1,1,0,0
E00024,2022-03-31,P-4,プライム,1,1,1,0,0,0,1,0,0,0
E00028,2022-03-31,P-4,プライム,1,1,1,0,0,0,1,0,0,0
E00030,2022-03-31,P-4,プライム,1,1,0,0,0,0,1,0,0,0
E00032,2022-03-31,P-4,プライム,1,1,1,0,0,0,1,0,0,0
E00035,2022-03-31,P-4,スタンダード,1,1,1,0,0,0,0,0,0,0
E00036,2022-03-31,P-4,プライム,1,0,1,1,0,0,1,0,0,0
E00037,2022-03-31,P-4,プライム,1,1,1,0,0,0,0,0,0,0
E00041,2022-03-31,P-4,プライム,1,1,1,0,0,0,1,1,0,0
E00043,2021-12-31,P-4,プライム,0,1,0,1,0,0,1,1,0,0
E00048,2022-03-31,P-4,プライム,1,1,1,1,0,0,1,1,0,0
E00052,2022-03-31,P-4,プライム,1,1,1,0,0,0,1,0,0,0
E00053,2022-03-31,P-4,プライム,1,1,1,0,0,0,1,0,0,0
E00055,2022-03-31,P-4,プライム,1,1,1,0,0,0,1,1,0,1
E00058,2022-03-31,P-4,プライム,1,1,1,0,0,0,1,1,0,0
E00059,2021-05-31,P-4,プライム,1,1,1,0,0,0,1,0,0,0
E00060,2022-03-31,P-4,プライム,1,1,1,0,0,0,0,0,0,0
E00063,2022-03-31,P-4,プライム,1,1,1,0,0,0,0,0,0,0
E00065,2022-03-31,P-4,プライム,1,1,0,0,0,0,0,0,0,0
E00067,2022-03-31,P-4,プライム,1,1,1,0,0,0,1,0,0,0
E00073,2022-03-31,P-4,プライム,1,1,1,0,0,0,1,0,0,0
E00075,2022-03-31,P-4,プライム,0,1,0,0,0,0,1,0,0,0
E00076,2022-03-31,P-4,プライム,1,1,1,0,0,0,0,0,0,0
E00078,2021-06-30,P-4,プライム,1,1,1,0,0,0,1,0,0,0
E00080,2022-03-31,P-4,プライム,0,1,0,0,0,0,1,1,0,0
E00082,2022-03-31,P-4,プライム,1,1,1,0,0,0,1,1,0,0
E00083,2022-03-31,P-4,プライム,0,1,0,0,0,0,1,1,0,0
E00085,2022-03-31,P-4,プライム,1,1,1,0,0,0,1,1,0,0
E00086,2022-03-31,P-4,プライム,1,1,1,1,0,0,1,1,1,0
E00090,2022-03-31,P-4,プライム,1,1,1,0,0,0,1,0,0,0
E00091,2022-03-31,P-4,スタンダード,0,1,1,0,0,0,0,0,1,0
E00092,2022-03-31,P-4,プライム,1,1,0,0,0,0,1,1,0,0
E00093,2022-03-31,P-4,プライム,1,1,0,0,0,0,0,0,0,1
E00094,2022-03-31,P-4,プライム,1,1,1,0,0,0,1,0,1,0
E00097,2022-03-31,P-4,プライム,1,1,1,1,0,0,1,0,0,1
E00098,2022-03-31,P-4,プライム,1,1,1,0,0,0,0,0,0,0
E00107,2022-03-31,P-4,プライム,1,1,1,0,0,0,1,0,0,0
E00109,2022-03-31,P-4,スタンダード,1,1,1,0,0,0,1,0,0,0
E00112,2022-03-31,P-4,プライム,1,1,1,1,0,0,1,0,0,0
E00113,2022-03-31,P-4,プライム,0,1,0,1,0,0,1,0,0,0
E00114,2022-03-31,P-4,プライム,1,1,1,1,0,0,1,1,0,0
E00115,2022-03-31,P-4,プライム,1,1,1,0,0,0,0,0,0,0
E00117,2022-03-31,P-4,スタンダード,1,1,1,0,0,0,1,0,0,0
E00119,2022-03-31,P-4,プライム,1,1,1,1,0,0,1,1,0,0
E00120,2022-03-31,P-4,プライム,1,1,1,0,0,0,1,0,0,0
E00121,2022-03-31,P-4,スタンダード,1,1,0,0,0,0,1,0,0,0
E00137,2022-03-31,P-4,プライム,1,1,0,0,0,0,1,0,0,0
E00142,2022-03-31,P-4,プライム,1,1,1,0,0,0,1,0,0,0
E00143,2022-01-31,P-4,プライム,0,1,1,1,0,0,0,1,0,0
E00146,2022-03-31,P-4,プライム,1,1,1,0,0,0,1,0,0,0
E00147,2022-03-31,P-4,プライム,1,1,1,1,0,0,1,1,0,0
E00148,2022-03-31,P-4,プライム,1,1,1,0,0,0,1,0,0,0
E00149,2022-03-31,P-4,プライム,1,1,1,1,0,0,1,1,0,0
E00153,2022-03-31,P-4,プライム,1,1,1,0,0,0,1,1,0,0
E00157,2022-03-31,P-4,プライム,1,1,1,0,0,0,1,0,0,0
E00161,2022-03-31,P-4,プライム,1,1,0,0,0,0,1,0,0,0
E00167,2022-03-31,P-4,スタンダード,1,1,1,0,0,0,1,0,0,0
E00168,2022-03-31,P-4,プライム,1,1,1,0,0,0,0,0,0,0
E00175,2022-03-31,P-4,スタンダード,1,1,0,0,0,0,1,0,0,0
E00183,2022-03-31,P-4,プライム,1,1,1,0,0,0,1,0,0,0
E00185,2022-03-31,P-4,プライム,1,1,1,0,0,0,1,0,0,0
E00194,2022-03-31,P-4,プライム,1,1,1,0,0,0,1,0,0,0
E00196,2021-12-31,P-4,プライム,1,1,1,0,0,0,0,1,0,0
E00197,2021-10-31,P-4,プライム,0,1,1,0,0,0,1,0,0,0
E00207,2022-03-31,P-4,プライム,1,1,1,0,0,0,1,0,0,0
E00208,2022-01-31,P-4,プライム,1,1,1,1,0,0,0,1,0,0
E00209,2022-03-31,P-4,スタンダード,0,1,0,0,0,0,1,0,0,0
E00210,2022-03-31,P-4,プライム,1,1,1,0,0,0,1,0,0,0
E00218,2022-03-31,P-4,プライム,1,1,1,1,0,0,1,0,0,0
E00225,2022-03-31,P-4,スタンダード,1,1,0,0,0,0,1,0,0,0
E00232,2022-03-31,P-4,スタンダード,1,1,1,0,0,0,1,0,0,0
E00233,2022-03-31,P-4,スタンダード,0,1,1,0,0,0,0,0,0,1
E00238,2022-03-31,P-4,スタンダード,1,1,1,0,0,0,1,1,0,0
E00239,2021-07-31,P-4,スタンダード,1,1,1,0,0,0,0,0,0,0
E00246,2021-08-31,P-4,スタンダード,1,1,1,0,0,0,0,0,0,0
E00251,2022-03-31,P-4,スタンダード,1,1,1,0,0,0,1,0,0,0
E00254,2021-09-30,P-4,スタンダード,0,1,1,0,0,0,1,0,1,0
E00255,2022-03-31,P-4,スタンダード,1,1,1,0,0,0,1,1,1,0
E00259,2021-06-30,P-4,スタンダード,1,1,1,0,0,0,0,0,0,0
E00260,2022-03-31,P-4,スタンダード,0,1,1,0,0,0,0,0,0,0
E00268,2022-03-31,P-4,プライム,1,1,0,0,0,0,0,0,0,0
E00273,2022-03-31,P-4,スタンダード,1,1,1,0,0,0,1,0,0,0
E00282,2021-06-30,P-4,スタンダード,1,1,1,0,0,0,0,0,0,0
E00285,2022-03-31,P-4,プライム,1,1,0,0,0,0,0,0,0,0
E00299,2021-09-30,P-4,スタンダード,0,1,1,0,0,0,0,0,0,0
E00304,2022-03-31,P-4,スタンダード,1,1,1,1,0,0,1,0,0,0
E00312,2022-03-31,P-4,プライム,1,1,1,0,0,0,1,0,0,0
E00313,2022-03-31,P-4,スタンダード,0,1,1,0,0,0,1,0,0,0
E00315,2021-12-31,P-4,スタンダード,0,1,1,0,0,0,0,0,0,0
E00316,2022-03-31,P-4,プライム,1,1,1,0,0,0,1,1,0,0
E00317,2022-03-31,P-4,プライム,1,1,1,1,0,0,0,1,0,1
E00322,2022-03-31,P-4,プライム,1,1,1,0,0,0,1,1,0,0
E00325,2021-12-31,P-4,プライム,0,1,1,0,0,0,0,0,0,0
E00327,2021-08-31,P-4,スタンダード,1,1,1,0,0,0,1,0,0,0
E00331,2022-03-31,P-4,プライム,1,1,1,1,0,0,1,1,0,0
E00334,2022-03-31,P-4,プライム,1,1,1,1,0,0,1,0,0,0
E00335,2022-03-31,P-4,プライム,1,1,1,0,0,0,1,1,0,0
E00337,2021-12-31,P-4,プライム,0,1,0,0,0,0,1,0,0,0
E00341,2022-03-31,P-4,スタンダード,1,1,0,0,0,0,1,0,0,0
E00342,2022-02-28,P-4,プライム,1,0,0,1,0,0,0,0,0,0
E00345,2022-03-31,P-4,プライム,1,1,1,0,0,0,1,0,0,0
E00346,2022-03-31,P-4,プライム,1,1,1,0,0,0,1,0,1,0
E00347,2022-03-31,P-4,スタンダード,1,1,1,1,0,0,1,0,0,1
E00348,2022-03-31,P-4,プライム,1,1,1,0,0,1,1,0,0,0
E00351,2021-12-31,P-4,スタンダード,1,1,0,0,0,0,0,0,0,0
E00355,2022-03-31,P-4,プライム,1,1,1,1,0,0,1,0,0,0
E00356,2022-03-31,P-4,プライム,1,1,1,0,1,1,1,0,0,0
E00360,2022-03-31,P-4,スタンダード,1,1,1,0,0,0,1,0,0,0
E00369,2022-03-31,P-4,プライム,1,1,1,0,0,0,1,0,0,0
E00371,2022-03-31,P-4,プライム,1,1,1,0,0,0,1,0,0,0
E00372,2022-03-31,P-4,スタンダード,1,1,1,0,0,0,0,0,0,0
E00373,2021-12-31,P-4,プライム,1,1,0,0,0,0,1,0,0,0
E00378,2021-12-31,P-4,スタンダード,1,1,1,0,0,0,1,0,0,0
E00381,2022-01-31,P-4,プライム,1,0,1,1,0,0,0,0,0,0
E00385,2022-03-31,P-4,プライム,1,1,0,1,0,0,1,0,0,0
E00386,2022-03-31,P-4,スタンダード,0,1,1,0,0,0,1,0,0,0
E00389,2022-03-31,P-4,スタンダード,1,1,0,0,0,0,1,0,0,0
E00393,2021-12-31,P-4,プライム,0,1,0,0,0,0,1,1,0,0
E00394,2021-12-31,P-4,プライム,1,0,1,0,1,0,1,1,1,0
E00395,2021-12-31,P-4,プライム,1,1,1,1,0,0,1,1,1,1
E00396,2022-03-31,P-4,プライム,1,1,1,0,0,0,1,0,0,0
E00397,2021-12-31,P-4,プライム,1,1,0,1,0,0,1,0,0,0
E00400,2022-03-31,P-4,プライム,1,1,1,0,0,0,1,0,0,0
E00406,2022-03-31,P-4,プライム,1,1,1,0,0,0,0,0,0,0
E00408,2021-12-31,P-4,スタンダード,1,1,1,0,0,0,1,0,0,0
E00414,2021-04-30,P-4,プライム,0,1,1,1,0,0,1,1,0,1
E00417,2021-12-31,P-4,プライム,0,1,1,1,0,0,1,1,0,0
E00421,2022-03-31,P-4,スタンダード,1,0,1,0,0,1,1,1,0,0
E00424,2022-01-20,P-4,プライム,1,1,1,0,0,0,1,0,0,0
E00428,2022-03-31,P-4,プライム,1,1,1,1,0,0,1,1,0,0
E00431,2022-03-31,P-4,プライム,1,1,1,1,0,0,1,1,0,1
E00433,2022-03-31,P-4,スタンダード,0,1,1,0,0,0,1,0,0,0
E00434,2022-03-31,P-4,プライム,0,1,0,1,0,0,1,0,0,1
E00435,2022-03-31,P-4,プライム,1,1,1,1,0,0,0,1,0,0
E00436,2022-03-31,P-4,プライム,1,1,1,1,1,1,1,1,0,1
E00439,2022-03-31,P-4,プライム,0,1,0,0,0,0,1,0,0,0
E00443,2022-03-31,P-4,スタンダード,1,1,1,0,0,0,1,0,0,0
E00444,2021-12-31,P-4,プライム,1,1,1,1,0,0,1,0,0,0
E00446,2022-03-31,P-4,プライム,1,1,1,1,1,1,1,1,0,0
E00448,2022-03-31,P-4,プライム,1,1,1,0,0,0,1,0,0,0
E00452,2022-03-31,P-4,スタンダード,1,1,1,0,0,0,1,0,0,0
E00457,2022-03-31,P-4,プライム,1,1,1,0,1,1,1,0,1,1
E00458,2022-03-31,P-4,プライム,1,1,1,0,0,0,1,0,0,0
E00461,2022-03-31,P-4,プライム,1,1,1,0,0,0,1,0,0,0
E00462,2022-03-31,P-4,プライム,1,0,1,0,1,1,1,0,0,0
E00464,2021-11-30,P-4,プライム,1,1,1,0,0,0,1,0,0,0
E00465,2022-03-31,P-4,スタンダード,1,1,1,0,0,0,0,0,1,0
E00466,2022-03-31,P-4,プライム,1,1,1,0,1,0,0,0,0,0
E00469,2022-03-31,P-4,プライム,0,1,0,1,0,0,1,0,0,0
E00473,2022-03-31,P-4,スタンダード,1,1,1,0,0,0,1,0,0,0
E00474,2021-12-31,P-4,スタンダード,0,1,1,1,0,0,1,0,0,0
E00475,2022-03-31,P-4,スタンダード,0,1,1,0,0,0,0,0,0,0
E00476,2021-06-30,P-4,スタンダード,1,1,1,1,0,0,1,1,0,0
E00486,2022-03-31,P-4,プライム,1,1,1,0,0,0,0,0,0,0
E00491,2022-03-31,P-4,プライム,1,1,1,1,0,0,1,0,0,0
E00492,2021-12-31,P-4,プライム,1,1,1,0,0,0,1,1,0,0
E00493,2022-03-31,P-4,プライム,1,1,1,1,0,0,1,0,0,0
E00494,2022-03-31,P-4,スタンダード,1,1,1,0,0,0,0,0,0,0
E00495,2021-09-30,P-4,スタンダード,1,1,1,0,0,0,1,0,0,0
E00496,2022-02-28,P-4,プライム,0,1,1,0,0,0,1,0,0,0
E00501,2022-03-31,P-4,スタンダード,1,1,1,0,0,0,1,0,0,0
E00506,2022-03-31,P-4,プライム,1,1,1,0,0,0,1,0,0,0
E00511,2022-03-31,P-4,スタンダード,0,1,1,0,0,0,1,0,0,1
E00512,2022-02-28,P-4,プライム,1,1,0,0,0,0,1,0,0,0
E00513,2022-03-31,P-4,スタンダード,1,1,0,0,0,0,0,0,0,0
E00514,2022-03-31,P-4,スタンダード,1,1,1,0,0,0,1,0,0,0
E00520,2022-03-31,P-4,プライム,1,1,1,0,0,0,1,1,0,1
E00521,2022-03-31,P-4,スタンダード,1,1,1,0,0,0,0,1,0,0
E00523,2021-12-31,P-4,プライム,0,1,0,0,0,0,1,0,0,0
E00525,2022-03-31,P-4,プライム,1,1,1,1,1,1,1,0,0,0
E00527,2022-03-31,P-4,スタンダード,1,1,1,0,0,0,1,0,0,0
E00528,2022-03-31,P-4,プライム,1,1,0,1,0,0,1,0,0,0
E00529,2022-03-31,P-4,プライム,1,1,1,0,0,0,1,0,0,0
E00530,2022-03-31,P-4,プライム,1,1,1,0,0,0,1,0,0,0
E00531,2022-03-31,P-4,スタンダード,1,1,0,0,0,0,0,0,0,0
E00540,2022-03-31,P-4,プライム,1,1,0,0,0,0,1,0,0,0
E00542,2022-03-31,P-4,プライム,1,1,1,1,0,0,1,0,0,0
E00544,2021-12-31,P-4,プライム,0,1,1,0,0,0,1,0,0,0
E00550,2022-03-31,P-4,スタンダード,0,1,1,0,0,0,1,0,0,0
E00552,2021-11-30,P-4,プライム,1,1,0,0,0,0,1,0,0,1
E00558,2022-03-31,P-4,スタンダード,1,1,1,0,0,0,1,0,0,0
E00559,2021-12-31,P-4,プライム,1,1,0,0,0,0,0,0,0,0
E00562,2022-03-31,P-4,プライム,1,1,1,0,0,0,1,0,0,0
E00567,2022-03-31,P-4,スタンダード,1,1,0,0,0,0,0,0,0,0
E00569,2022-03-31,P-4,スタンダード,0,1,1,0,0,0,1,0,0,0
E00571,2022-01-31,P-4,スタンダード,1,0,1,1,0,0,1,0,1,1
E00572,2022-03-31,P-4,スタンダード,1,1,1,0,0,0,1,0,1,0
E00576,2022-03-31,P-4,スタンダード,1,1,0,0,0,0,0,0,0,0
E00577,2022-03-31,P-4,スタンダード,0,1,1,0,0,0,1,0,0,0
E00584,2022-03-31,P-4,スタンダード,1,1,1,1,0,0,1,0,0,0
E00590,2022-03-31,P-4,プライム,1,1,1,0,0,0,1,0,1,0
E00593,2022-02-28,P-4,プライム,1,1,1,0,0,0,1,0,0,0
E00600,2021-08-31,P-4,スタンダード,1,1,1,0,0,0,0,0,0,0
E00601,2022-03-31,P-4,プライム,1,1,1,1,0,0,1,0,0,0
E00603,2022-03-31,P-4,プライム,1,1,1,0,0,0,1,0,0,0
E00604,2021-12-31,P-4,スタンダード,1,1,0,0,0,0,0,0,0,0
E00605,2022-02-28,P-4,スタンダード,1,1,0,0,0,0,0,0,0,0
E00609,2022-03-31,P-4,スタンダード,1,1,1,0,0,0,1,0,0,0
E00617,2021-08-31,P-4,スタンダード,1,1,1,0,0,0,0,0,0,0
E00619,2022-03-31,P-4,プライム,0,1,0,0,0,0,1,0,0,0
E00621,2022-03-31,P-4,スタンダード,1,1,1,0,0,0,1,0,0,0
E00630,2022-03-31,P-4,スタンダード,1,1,1,0,0,0,1,0,0,0
E00631,2022-03-31,P-4,スタンダード,1,1,1,0,1,0,1,0,0,0
E00632,2022-03-31,P-4,スタンダード,1,1,1,0,1,0,1,0,0,0
E00635,2022-03-31,P-4,スタンダード,1,1,1,0,0,0,0,0,0,0
E00636,2021-11-30,P-4,スタンダード,1,1,1,0,0,0,1,0,0,0
E00642,2022-03-31,P-4,プライム,1,1,1,1,0,0,1,0,0,0
E00644,2022-03-31,P-4,プライム,1,1,0,0,0,0,1,0,0,0
E00645,2022-03-31,P-4,プライム,1,1,0,0,0,0,1,1,0,0
E00650,2022-03-31,P-4,スタンダード,1,1,1,0,0,0,1,0,0,0
E00652,2022-03-31,P-4,スタンダード,1,1,1,1,0,0,0,0,0,0
E00659,2022-03-31,P-4,プライム,0,1,1,0,0,0,0,0,0,0
E00660,2022-03-31,P-4,プライム,1,1,1,0,0,0,1,0,0,0
E00664,2021-12-31,P-4,スタンダード,1,0,0,0,0,1,1,0,0,0
E00667,2022-02-28,P-4,スタンダード,1,1,0,0,0,0,1,0,0,0
E00668,2021-12-31,P-4,スタンダード,1,1,1,0,0,0,0,0,0,0
E00669,2022-03-31,P-4,プライム,1,0,1,0,0,0,1,1,0,0
E00670,2021-12-31,P-4,プライム,1,1,1,0,0,0,1,0,0,0
E00674,2021-12-31,P-4,プライム,0,1,1,0,0,0,1,0,0,0
E00678,2021-12-31,P-4,プライム,1,1,1,0,0,1,0,1,0,0
E00679,2022-03-31,P-4,スタンダード,1,1,1,0,0,0,1,0,0,0
E00685,2022-03-31,P-4,スタンダード,1,1,1,0,0,0,1,0,0,0
E00691,2022-03-31,P-4,プライム,1,1,1,0,0,0,1,0,0,0
E00692,2022-03-31,P-4,プライム,0,1,0,0,0,0,1,1,0,0
E00693,2022-03-31,P-4,プライム,1,1,1,1,0,0,1,1,0,0
E00695,2022-03-31,P-4,プライム,1,1,1,0,0,0,0,0,0,0
E00703,2021-12-31,P-4,プライム,1,1,1,1,0,0,1,0,0,0
E00705,2022-03-31,P-4,スタンダード,1,1,1,0,0,0,1,0,0,0
E00707,2021-09-30,P-4,プライム,1,1,1,1,0,0,1,0,0,0
E00708,2021-12-31,P-4,スタンダード,0,1,1,0,0,0,1,0,0,0
E00711,2022-03-31,P-4,スタンダード,1,1,1,0,0,0,1,0,0,0
E00713,2022-03-31,P-4,スタンダード,0,1,1,0,0,0,1,0,0,0
E00714,2022-03-31,P-4,スタンダード,1,1,1,0,0,0,0,1,0,0
E00716,2022-03-31,P-4,プライム,1,1,0,1,0,0,1,1,0,0
E00717,2022-03-31,P-4,プライム,1,1,1,1,0,0,1,0,0,0
E00720,2022-03-31,P-4,スタンダード,0,1,1,0,0,0,1,0,0,0
E00725,2022-03-31,P-4,プライム,1,1,1,1,0,0,1,1,0,0
E00733,2022-03-31,P-4,スタンダード,1,1,0,0,0,0,0,0,0,0
E00734,2022-03-31,P-4,スタンダード,1,1,1,0,0,0,0,0,1,0
E00746,2022-03-31,P-4,スタンダード,0,1,1,0,0,0,1,0,0,0
E00751,2021-12-31,P-4,プライム,0,1,1,1,1,1,1,1,1,1
E00752,2022-03-31,P-4,プライム,1,1,1,1,1,1,1,1,0,1
E00755,2022-03-31,P-4,プライム,1,1,1,1,0,0,1,0,0,1
E00759,2022-03-31,P-4,プライム,1,1,1,1,0,1,1,1,0,0
E00760,2022-03-31,P-4,プライム,1,1,1,0,0,0,1,0,0,0
E00761,2022-03-31,P-4,プライム,1,1,1,0,0,0,1,0,0,0
E00762,2021-12-31,P-4,プライム,1,1,1,0,0,0,1,0,0,0
E00763,2021-04-30,P-4,スタンダード,1,1,1,0,0,0,0,0,0,0
E00764,2022-03-31,P-4,プライム,1,1,1,1,1,0,1,0,0,0
E00765,2022-03-31,P-4,プライム,1,1,1,0,0,0,1,0,0,0
E00766,2022-03-31,P-4,プライム,1,1,1,1,0,0,0,0,0,0
E00768,2022-03-31,P-4,プライム,1,1,1,0,0,0,1,0,0,0
E00769,2022-03-31,P-4,プライム,1,1,1,0,0,0,1,0,0,0
E00770,2021-12-31,P-4,プライム,0,1,0,0,0,0,1,0,0,0
E00771,2022-03-31,P-4,プライム,0,1,0,0,0,0,1,0,0,0
E00772,2022-03-31,P-4,プライム,1,1,1,0,0,0,1,0,0,0
E00774,2022-03-31,P-4,プライム,1,1,1,0,0,0,1,0,0,0
E00775,2022-03-31,P-4,プライム,1,1,0,0,0,0,1,0,0,0
E00776,2022-03-31,P-4,プライム,0,1,0,0,0,0,1,0,0,0
E00777,2022-03-31,P-4,プライム,0,1,0,1,0,0,1,0,1,0
E00780,2022-03-31,P-4,プライム,1,1,1,1,0,0,1,0,0,0
E00783,2022-03-31,P-4,プライム,1,1,1,0,1,1,1,1,0,0
E00784,2022-03-31,P-4,プライム,1,1,1,0,1,0,1,0,0,0
E00786,2022-03-31,P-4,スタンダード,0,1,0,0,0,0,1,0,0,0
E00791,2022-03-31,P-4,スタンダード,0,1,1,0,0,0,1,0,0,0
E00792,2022-03-31,P-4,プライム,0,1,0,0,0,0,1,0,0,0
E00804,2022-03-31,P-4,プライム,1,1,1,0,0,0,0,0,0,0
E00805,2022-03-31,P-4,プライム,1,1,0,0,0,0,1,0,0,0
E00806,2022-03-31,P-4,プライム,1,1,1,1,1,0,1,0,0,0
E00808,2022-03-31,P-4,プライム,1,1,1,1,1,1,1,1,0,1
E00809,2022-03-31,P-4,プライム,1,1,1,0,0,0,1,0,0,0
E00810,2022-03-31,P-4,スタンダード,1,1,1,0,0,0,1,0,0,0
E00811,2022-03-31,P-4,プライム,1,1,1,1,0,0,1,1,0,0
E00815,2022-03-31,P-4,プライム,1,1,0,1,0,0,1,0,0,0
E00816,2021-12-31,P-4,プライム,0,1,0,1,0,1,1,1,0,1
E00818,2022-03-31,P-4,プライム,1,1,1,0,1,0,1,0,0,0
E00819,2022-03-31,P-4,プライム,1,1,1,0,0,0,1,0,0,0
E00820,2022-03-31,P-4,プライム,1,1,1,1,1,0,1,0,0,0
E00821,2022-03-31,P-4,プライム,1,1,1,0,0,0,1,1,0,0
E00823,2022-03-31,P-4,プライム,1,1,1,0,0,0,1,0,0,0
E00829,2022-03-31,P-4,スタンダード,1,1,1,0,0,0,1,0,0,0
E00830,2022-03-31,P-4,プライム,1,1,1,0,0,0,1,0,0,0
E00832,2022-03-31,P-4,スタンダード,1,1,1,0,0,0,1,0,0,0
E00834,2021-12-31,P-4,プライム,1,1,1,0,0,0,1,0,0,0
E00836,2022-03-31,P-4,プライム,1,1,1,1,0,0,0,0,0,0
E00837,2022-03-31,P-4,スタンダード,1,1,1,0,1,0,1,0,0,0
E00838,2022-03-31,P-4,プライム,0,1,0,1,0,0,1,0,0,0
E00839,2022-03-31,P-4,スタンダード,1,1,0,0,0,0,1,0,0,0
E00840,2022-03-31,P-4,プライム,1,0,1,0,1,1,1,0,0,0
E00841,2022-03-31,P-4,プライム,1,1,1,0,0,0,1,0,0,0
E00842,2022-03-31,P-4,スタンダード,1,1,0,0,0,0,1,0,0,0
E00845,2022-03-31,P-4,プライム,1,1,1,1,0,0,1,0,1,0
E00846,2021-12-31,P-4,スタンダード,1,1,1,1,0,0,0,0,0,0
E00848,2022-03-31,P-4,スタンダード,1,1,1,0,0,0,0,0,0,0
E00852,2022-03-31,P-4,プライム,1,1,1,1,0,1,1,1,0,0
E00854,2021-12-31,P-4,プライム,1,1,1,1,1,1,1,1,0,0
E00855,2021-11-30,P-4,プライム,1,1,1,1,0,1,0,0,0,0
E00858,2022-03-31,P-4,プライム,1,1,1,1,0,0,1,1,0,0
E00861,2022-03-31,P-4,プライム,1,1,0,0,0,0,1,0,0,0
E00868,2022-03-31,P-4,スタンダード,1,1,1,0,0,0,1,0,0,0
E00872,2022-03-31,P-4,プライム,1,1,1,1,1,1,1,1,0,1
E00873,2022-03-31,P-4,プライム,1,1,0,0,0,0,1,0,0,0
E00876,2021-12-31,P-4,プライム,1,1,0,0,0,0,1,0,0,0
E00877,2022-03-31,P-4,プライム,1,1,1,1,1,0,1,1,0,0
E00878,2022-03-31,P-4,プライム,1,1,1,0,0,0,1,0,0,0
E00880,2022-03-31,P-4,プライム,1,1,1,0,0,0,1,0,0,0
E00881,2021-12-31,P-4,スタンダード,0,1,1,0,0,0,1,0,0,0
E00883,2021-12-31,P-4,プライム,1,1,0,0,1,1,1,1,0,0
E00884,2022-03-31,P-4,プライム,1,1,1,0,0,0,1,0,0,0
E00885,2022-03-31,P-4,プライム,1,1,1,0,0,0,0,1,0,0
E00886,2022-03-31,P-4,スタンダード,1,1,1,1,0,0,1,0,0,0
E00887,2021-12-31,P-4,スタンダード,1,1,1,0,1,0,1,0,0,0
E00890,2021-05-31,P-4,スタンダード,1,1,1,0,0,0,0,0,0,0
E00891,2022-03-31,P-4,プライム,0,1,1,0,0,0,1,0,0,0
E00892,2021-12-31,P-4,プライム,1,1,0,0,1,1,1,1,1,0
E00893,2022-03-31,P-4,プライム,1,1,1,1,1,1,1,0,0,0
E00895,2022-03-31,P-4,スタンダード,1,1,1,0,0,0,0,0,0,0
E00896,2021-11-30,P-4,スタンダード,1,1,1,1,0,0,1,0,0,0
E00897,2022-03-31,P-4,プライム,1,1,1,1,0,0,0,0,0,0
E00898,2022-03-31,P-4,プライム,1,1,1,0,0,0,1,0,0,0
E00899,2022-03-31,P-4,スタンダード,1,1,1,0,1,0,1,0,0,0
E00901,2021-12-31,P-4,プライム,1,1,1,0,1,0,1,0,0,0
E00903,2021-12-31,P-4,プライム,1,1,0,0,0,0,1,0,0,0
E00904,2022-03-31,P-4,スタンダード,1,1,0,0,0,0,1,0,0,0
E00905,2021-12-31,P-4,プライム,1,1,1,0,0,0,1,0,0,0
E00907,2022-03-31,P-4,スタンダード,0,1,0,1,0,0,1,0,0,0
E00912,2022-03-31,P-4,スタンダード,1,1,1,0,0,0,1,0,0,0
E00913,2022-03-31,P-4,プライム,0,1,1,1,0,0,1,0,0,0
E00915,2021-10-31,P-4,スタンダード,0,1,1,1,0,0,1,1,0,0
E00916,2022-03-31,P-4,スタンダード,1,1,1,1,0,0,0,0,0,0
E00917,2022-03-31,P-4,スタンダード,1,1,1,0,0,0,0,0,0,0
E00919,2022-03-31,P-4,プライム,1,1,0,1,0,1,1,0,0,1
E00920,2022-03-31,P-4,プライム,1,1,0,0,1,1,1,1,1,1
E00922,2022-03-31,P-4,プライム,1,1,1,0,1,1,1,1,0,0
E00923,2022-03-31,P-4,プライム,1,1,1,1,1,1,1,1,1,1
E00926,2022-03-31,P-4,スタンダード,1,1,0,0,0,0,0,0,0,0
E00928,2022-03-31,P-4,スタンダード,1,1,0,0,0,0,1,0,0,0
E00931,2022-03-31,P-4,プライム,1,1,1,0,0,0,1,0,1,0
E00932,2021-12-31,P-4,プライム,0,1,1,0,0,1,1,1,0,1
E00934,2021-12-31,P-4,プライム,1,1,0,0,0,0,0,0,0,0
E00935,2022-03-31,P-4,プライム,1,1,1,1,0,0,0,0,0,0
E00937,2022-03-31,P-4,プライム,1,1,1,0,0,0,1,0,0,0
E00939,2022-03-31,P-4,プライム,1,1,1,1,0,0,1,0,0,0
E00942,2022-03-31,P-4,プライム,0,1,1,0,0,0,1,0,0,0
E00947,2022-03-31,P-4,プライム,0,1,0,0,0,0,1,0,0,0
E00949,2022-03-31,P-4,プライム,1,1,1,1,0,0,1,1,1,1
E00952,2022-03-31,P-4,プライム,1,1,1,0,0,0,1,0,0,0
E00953,2022-03-31,P-4,プライム,0,1,0,0,0,0,1,0,0,0
E00961,2022-03-31,P-4,プライム,1,1,1,1,0,0,1,0,0,0
E00967,2022-03-31,P-4,プライム,1,1,1,0,1,0,1,0,0,0
E00970,2022-03-31,P-4,プライム,1,1,1,0,1,1,1,1,0,0
E00971,2022-03-31,P-4,プライム,0,1,1,0,0,0,1,0,0,0
E00975,2021-09-30,P-4,プライム,1,1,1,1,0,0,1,0,0,0
E00977,2022-03-31,P-4,スタンダード,1,1,1,1,0,0,0,0,0,0
E00984,2022-03-31,P-4,プライム,1,1,1,1,1,1,1,1,0,1
E00985,2022-03-31,P-4,プライム,1,1,1,0,0,0,1,1,0,0
E00988,2022-03-31,P-4,プライム,1,1,1,1,0,0,1,1,0,0
E00989,2022-03-31,P-4,プライム,1,1,0,1,0,0,1,1,0,0
E00990,2021-12-31,P-4,プライム,1,1,1,1,0,0,1,1,0,0
E00991,2021-12-31,P-4,プライム,1,1,1,0,1,0,1,0,0,0
E00993,2022-03-31,P-4,プライム,1,1,0,1,0,0,1,0,0,0
E00994,2022-03-31,P-4,スタンダード,0,1,0,0,0,0,1,0,0,0
E00995,2022-03-31,P-4,スタンダード,1,0,1,1,0,0,1,0,0,0
E01000,2022-03-31,P-4,プライム,0,1,1,1,0,0,1,1,0,1
E01002,2022-03-31,P-4,プライム,1,1,1,1,0,0,1,1,0,0
E01003,2022-03-31,P-4,プライム,1,1,1,1,0,1,1,1,0,0
E01006,2021-11-30,P-4,スタンダード,1,1,1,0,0,0,1,0,0,0
E01007,2022-03-31,P-4,スタンダード,1,1,1,0,0,0,1,0,0,0
E01008,2022-03-31,P-4,プライム,1,1,1,0,0,0,1,0,0,0
E01010,2022-03-31,P-4,スタンダード,0,1,1,0,0,0,1,0,0,0
E01011,2022-03-31,P-4,スタンダード,1,1,1,1,0,0,0,0,0,0
E01014,2022-03-31,P-4,スタンダード,1,1,1,0,0,0,0,0,0,0
E01015,2021-12-31,P-4,プライム,1,1,1,0,0,0,1,0,0,0
E01018,2022-03-31,P-4,プライム,1,1,1,1,0,0,1,1,0,1
E01019,2022-03-31,P-4,プライム,1,1,1,0,0,0,1,0,0,0
E01020,2022-03-31,P-4,プライム,1,1,1,0,0,0,1,0,0,0
E01027,2022-03-31,P-4,プライム,1,1,1,1,0,0,1,0,0,0
E01028,2021-12-31,P-4,スタンダード,0,1,1,1,0,0,1,0,0,0
E01034,2021-09-30,P-4,プライム,1,1,1,0,0,0,1,0,0,0
E01035,2022-03-31,P-4,スタンダード,1,1,1,0,0,0,0,0,0,0
E01039,2021-12-31,P-4,プライム,0,1,0,0,0,0,1,0,0,0
E01040,2022-02-28,P-4,スタンダード,0,1,1,0,0,0,1,0,0,0
E01041,2021-12-31,P-4,プライム,1,1,1,0,0,0,1,1,0,0
E01044,2022-03-31,P-4,プライム,1,1,1,1,0,0,1,0,0,0
E01046,2022-03-31,P-4,プライム,1,1,1,1,0,0,1,1,0,0
E01047,2021-12-31,P-4,プライム,1,1,1,1,0,0,1,1,0,1
E01048,2022-03-31,P-4,プライム,1,1,1,0,1,0,1,0,0,0
E01049,2021-12-31,P-4,プライム,1,1,1,0,0,0,1,0,0,0
E01051,2022-03-31,P-4,スタンダード,1,1,1,0,0,0,1,0,0,0
E01054,2021-12-31,P-4,プライム,1,1,1,1,0,0,1,0,0,0
E01055,2022-03-31,P-4,スタンダード,0,1,1,0,0,0,0,0,0,0
E01056,2022-03-31,P-4,プライム,1,1,1,0,0,0,1,0,0,0
E01058,2022-03-31,P-4,スタンダード,0,1,1,0,0,0,1,0,0,0
E01059,2022-03-31,P-4,プライム,0,1,1,0,0,0,0,0,0,0
E01061,2021-12-31,P-4,スタンダード,1,0,1,0,1,1,1,1,0,0
E01065,2022-03-31,P-4,プライム,0,1,1,0,0,0,1,0,0,0
E01068,2021-06-30,P-4,スタンダード,1,1,1,0,0,0,0,0,0,0
E01073,2022-03-31,P-4,スタンダード,0,1,0,0,0,0,1,0,0,0
E01074,2022-03-31,P-4,スタンダード,0,1,0,1,0,0,1,0,0,0
E01075,2022-03-31,P-4,プライム,1,1,1,0,0,0,1,0,0,0
E01077,2022-03-31,P-4,プライム,1,1,1,0,0,0,1,0,0,0
E01082,2022-03-31,P-4,プライム,1,1,1,1,0,0,1,0,0,0
E01084,2022-03-31,P-4,プライム,1,1,1,0,0,0,1,1,0,0
E01085,2021-12-31,P-4,プライム,1,1,1,0,0,0,1,0,0,0
E01086,2021-12-31,P-4,プライム,1,1,1,1,0,0,1,1,0,1
E01090,2021-12-31,P-4,プライム,1,1,1,0,0,0,1,0,0,0
E01092,2022-03-31,P-4,プライム,1,1,1,0,1,0,1,0,0,0
E01094,2022-03-31,P-4,プライム,1,1,1,0,0,0,1,0,1,0
E01096,2022-03-31,P-4,プライム,0,0,0,1,0,0,1,0,0,0
E01097,2022-03-31,P-4,プライム,1,1,1,0,0,0,1,0,0,0
E01103,2022-03-31,P-4,スタンダード,0,1,1,0,0,0,1,0,0,0
E01107,2022-03-31,P-4,スタンダード,1,1,1,0,0,0,0,0,0,0
E01108,2022-03-31,P-4,プライム,0,1,0,0,0,0,1,1,0,0
E01110,2021-12-31,P-4,プライム,1,1,1,1,0,0,1,0,0,0
E01111,2022-03-31,P-4,プライム,1,1,1,1,0,0,1,0,0,0
E01112,2022-03-31,P-4,スタンダード,1,1,1,0,0,0,1,0,0,0
E01113,2022-03-31,P-4,プライム,1,1,1,0,0,0,1,0,0,0
E01114,2021-12-31,P-4,スタンダード,1,1,1,0,0,0,1,0,0,0
E01115,2022-03-31,P-4,スタンダード,1,1,1,0,0,0,1,0,0,0
E01118,2022-03-31,P-4,スタンダード,1,1,1,0,0,0,1,0,0,0
E01120,2022-03-31,P-4,スタンダード,0,1,0,0,0,0,1,0,0,0
E01121,2022-03-31,P-4,プライム,1,1,1,1,0,0,1,0,0,1
E01122,2021-12-31,P-4,プライム,1,1,1,1,1,1,1,0,0,0
E01123,2022-03-20,P-4,スタンダード,1,0,1,1,0,0,1,0,0,0
E01124,2022-03-31,P-4,プライム,0,1,0,1,0,0,1,1,0,1
E01126,2022-03-31,P-4,スタンダード,0,1,1,0,0,0,1,0,0,0
E01130,2022-03-31,P-4,プライム,0,1,1,0,0,0,1,0,0,0
E01131,2022-03-31,P-4,スタンダード,1,1,1,0,0,0,1,0,0,0
E01136,2022-03-31,P-4,プライム,1,1,1,1,0,0,1,1,0,0
E01137,2022-03-31,P-4,プライム,1,1,1,1,0,0,1,1,0,0
E01138,2022-03-31,P-4,プライム,0,1,0,1,0,0,1,0,0,0
E01139,2022-03-31,P-4,プライム,1,1,1,0,0,0,1,0,0,0
E01140,2021-12-31,P-4,プライム,0,1,0,0,0,0,1,0,0,0
E01142,2022-03-31,P-4,プライム,0,1,0,0,0,0,1,0,0,1
E01146,2022-03-31,P-4,プライム,0,1,1,0,0,0,0,0,0,0
E01147,2022-03-31,P-4,プライム,0,1,1,0,0,0,1,0,0,0
E01149,2022-03-31,P-4,スタンダード,0,1,0,0,0,0,1,0,0,0
E01150,2022-03-31,P-4,プライム,1,1,1,0,0,0,1,0,0,0
E01152,2022-03-31,P-4,プライム,0,1,1,0,0,0,0,1,0,0
E01156,2022-03-31,P-4,プライム,1,1,1,0,0,0,1,0,1,0
E01161,2022-03-31,P-4,プライム,0,1,1,0,0,0,1,0,0,0
E01162,2021-12-31,P-4,プライム,1,1,0,1,0,0,1,0,0,0
E01163,2022-03-31,P-4,スタンダード,0,1,0,0,0,0,1,0,0,0
E01164,2022-03-31,P-4,プライム,1,1,1,1,0,0,1,0,0,0
E01165,2022-02-28,P-4,スタンダード,1,1,1,0,0,0,0,0,0,0
E01166,2022-03-31,P-4,スタンダード,0,1,1,0,0,0,0,0,0,0
E01170,2021-10-31,P-4,スタンダード,1,1,1,0,0,0,1,0,0,0
E01173,2022-03-31,P-4,スタンダード,1,1,0,0,0,0,0,0,0,0
E01182,2022-03-31,P-4,プライム,1,1,0,0,0,0,1,0,0,0
E01183,2022-03-31,P-4,プライム,1,1,1,0,0,0,0,0,0,0
E01188,2022-03-31,P-4,スタンダード,1,0,1,1,0,0,1,0,1,0
E01195,2022-03-31,P-4,スタンダード,0,1,0,0,0,0,1,0,0,0
E01197,2022-03-31,P-4,スタンダード,1,1,0,0,1,1,0,0,0,0
E01200,2022-03-31,P-4,スタンダード,1,1,1,0,0,0,1,1,0,0
E01202,2022-03-31,P-4,スタンダード,1,1,1,0,0,0,0,0,0,0
E01204,2022-03-31,P-4,スタンダード,1,1,0,1,0,0,1,0,0,0
E01206,2022-03-31,P-4,スタンダード,0,1,1,0,0,0,0,0,0,0
E01207,2022-03-31,P-4,プライム,1,1,1,1,0,0,1,0,0,0
E01210,2022-03-31,P-4,プライム,0,0,1,1,0,0,1,0,0,0
E01211,2022-03-31,P-4,スタンダード,1,1,0,0,0,0,0,0,0,0
E01212,2022-03-31,P-4,スタンダード,0,1,0,0,0,0,1,0,0,0
E01217,2022-03-31,P-4,スタンダード,1,1,1,1,0,0,1,0,0,0
E01223,2021-12-31,P-4,プライム,1,1,1,1,0,0,0,0,0,1
E01225,2022-03-31,P-4,プライム,1,1,0,0,0,1,1,0,0,0
E01229,2022-03-31,P-4,プライム,1,1,1,1,0,0,1,0,0,0
E01230,2022-03-31,P-4,プライム,0,1,1,1,1,1,1,1,0,0
E01231,2022-03-31,P-4,プライム,1,1,1,1,0,0,1,1,0,0
E01232,2022-03-31,P-4,プライム,0,1,0,0,0,0,1,1,0,0
E01233,2022-03-31,P-4,プライム,1,1,1,1,0,0,1,0,1,0
E01234,2022-03-31,P-4,プライム,1,1,0,0,0,0,1,0,0,0
E01235,2022-03-31,P-4,プライム,1,1,1,0,0,0,1,0,0,0
E01239,2022-03-31,P-4,プライム,1,1,1,0,0,0,1,0,0,0
E01242,2022-03-31,P-4,プライム,1,1,1,0,0,0,1,0,0,0
E01243,2022-03-31,P-4,プライム,1,1,1,1,1,0,1,0,0,0
E01244,2022-03-31,P-4,プライム,1,1,0,1,0,0,1,1,0,0
E01245,2022-03-31,P-4,スタンダード,1,1,0,0,0,0,0,0,0,0
E01247,2022-03-31,P-4,プライム,1,1,1,0,0,0,0,0,0,0
E01251,2022-03-31,P-4,プライム,0,1,0,0,0,0,1,0,0,0
E01253,2022-03-31,P-4,プライム,1,1,1,1,0,0,1,1,0,0
E01254,2022-03-31,P-4,プライム,0,1,0,1,0,0,1,0,0,0
E01256,2021-12-31,P-4,プライム,1,1,1,0,0,0,1,0,0,0
E01259,2022-03-31,P-4,プライム,1,1,0,0,0,0,1,0,0,0
E01260,2022-03-31,P-4,スタンダード,0,1,0,1,0,0,1,0,0,0
E01264,2022-03-31,P-4,プライム,1,1,1,1,1,0,1,1,0,0
E01266,2022-03-31,P-4,プライム,1,1,1,0,0,0,1,0,0,0
E01267,2021-12-31,P-4,プライム,1,1,1,1,0,0,1,1,0,0
E01268,2022-03-31,P-4,プライム,1,1,1,1,0,0,1,0,0,0
E01269,2022-03-31,P-4,スタンダード,0,1,1,0,0,0,1,0,0,0
E01275,2022-03-31,P-4,スタンダード,0,1,1,0,0,0,0,0,0,0
E01280,2022-03-31,P-4,プライム,1,1,1,0,0,0,1,0,0,0
E01287,2022-03-31,P-4,スタンダード,1,1,1,0,1,0,1,0,0,0
E01292,2022-03-31,P-4,プライム,1,0,1,1,0,0,1,0,0,0
E01294,2022-03-31,P-4,スタンダード,1,1,1,0,0,0,1,0,0,0
E01296,2022-03-31,P-4,スタンダード,0,1,1,0,0,0,1,0,0,0
E01298,2022-03-31,P-4,スタンダード,1,1,1,0,0,0,1,0,0,0
E01301,2022-03-31,P-4,プライム,1,1,1,0,0,0,1,0,0,0
E01303,2022-03-31,P-4,プライム,1,1,1,1,0,0,1,1,0,0
E01315,2022-03-31,P-4,スタンダード,0,1,1,0,0,0,0,0,0,0
E01317,2022-03-31,P-4,プライム,1,1,1,1,1,0,1,1,0,1
E01318,2022-03-31,P-4,プライム,1,1,0,0,0,0,1,0,0,0
E01320,2022-03-31,P-4,スタンダード,0,1,0,0,0,0,1,0,0,0
E01325,2022-02-28,P-4,スタンダード,0,1,1,0,0,0,0,0,0,0
E01330,2022-03-31,P-4,プライム,1,1,1,1,0,1,1,1,0,1
E01332,2022-03-31,P-4,プライム,1,1,1,0,0,0,1,0,0,0
E01333,2022-03-31,P-4,プライム,1,1,1,1,0,0,1,0,0,0
E01334,2022-03-31,P-4,プライム,1,0,0,1,0,0,1,0,0,0
E01336,2022-03-31,P-4,プライム,1,1,1,1,0,0,1,0,0,0
E01337,2022-03-31,P-4,スタンダード,1,1,1,0,0,0,1,0,0,0
E01338,2022-03-31,P-4,プライム,1,1,0,0,0,0,1,0,0,0
E01348,2022-02-28,P-4,スタンダード,1,1,0,0,0,0,0,0,0,0
E01350,2021-12-31,P-4,スタンダード,0,1,0,0,0,0,1,0,0,0
E01351,2022-03-31,P-4,スタンダード,1,1,1,1,0,1,1,0,0,0
E01353,2022-03-31,P-4,プライム,1,1,1,1,1,1,1,1,0,0
E01355,2022-03-31,P-4,プライム,1,1,0,0,0,0,1,0,1,0
E01364,2022-03-31,P-4,スタンダード,1,1,1,0,0,0,0,0,0,0
E01367,2022-03-31,P-4,プライム,1,1,1,0,0,0,1,0,0,0
E01368,2022-03-31,P-4,スタンダード,1,1,1,0,0,0,0,0,0,0
E01370,2021-11-30,P-4,スタンダード,1,1,1,0,0,0,1,0,0,0
E01372,2022-03-31,P-4,プライム,1,1,1,0,0,0,1,0,1,0
E01376,2022-03-31,P-4,スタンダード,1,1,1,0,0,0,1,0,0,0
E01377,2021-11-30,P-4,プライム,1,1,1,0,0,0,1,0,0,0
E01378,2022-03-31,P-4,プライム,1,1,1,0,1,0,1,0,1,0
E01379,2021-12-31,P-4,プライム,1,1,1,1,0,0,1,0,0,0
E01380,2021-05-31,P-4,スタンダード,1,1,1,0,0,0,0,0,0,0
E01382,2022-03-31,P-4,プライム,0,1,1,1,0,0,0,0,0,0
E01385,2022-03-31,P-4,プライム,1,1,1,0,0,0,1,0,0,0
E01391,2022-03-31,P-4,スタンダード,1,0,1,1,0,0,0,0,0,0
E01394,2022-03-31,P-4,スタンダード,0,1,1,0,0,0,0,0,0,0
E01396,2022-03-31,P-4,スタンダード,1,1,1,0,0,0,1,0,0,0
E01398,2022-03-31,P-4,スタンダード,1,1,1,0,0,0,0,0,0,0
E01400,2022-03-31,P-4,プライム,1,1,1,1,0,0,1,0,0,0
E01402,2022-03-31,P-4,スタンダード,1,1,1,1,0,0,1,0,0,0
E01403,2022-03-31,P-4,スタンダード,1,1,0,0,0,0,1,0,0,0
E01405,2022-03-31,P-4,スタンダード,1,1,1,0,0,0,1,0,0,0
E01411,2022-03-31,P-4,スタンダード,0,1,1,0,0,0,0,0,0,0
E01412,2021-12-31,P-4,プライム,1,1,1,0,0,0,1,0,0,0
E01414,2022-03-31,P-4,プライム,1,1,0,1,0,0,0,1,0,0
E01415,2022-03-31,P-4,スタンダード,1,1,1,0,0,0,1,0,0,0
E01417,2022-03-31,P-4,プライム,1,1,1,0,0,0,1,1,0,0
E01420,2022-03-31,P-4,スタンダード,0,1,1,0,0,0,0,0,0,0
E01421,2021-12-31,P-4,スタンダード,1,1,1,0,0,0,0,0,1,0
E01422,2022-03-31,P-4,スタンダード,1,1,1,0,0,0,0,0,0,0
E01426,2022-03-31,P-4,スタンダード,1,1,1,0,0,0,0,0,0,0
E01427,2022-03-31,P-4,スタンダード,1,1,1,0,0,0,0,0,0,0
E01428,2022-03-31,P-4,スタンダード,1,1,1,0,0,0,1,0,0,0
E01430,2022-03-20,P-4,プライム,1,1,1,0,0,1,1,0,0,0
E01431,2021-12-31,P-4,スタンダード,0,1,1,0,0,0,0,0,0,0
E01437,2022-03-31,P-4,スタンダード,0,1,1,0,0,0,1,0,0,0
E01438,2022-03-31,P-4,プライム,1,1,1,1,1,0,1,0,0,0
E01443,2022-03-31,P-4,プライム,1,1,1,1,0,0,1,0,1,0
E01444,2022-03-31,P-4,スタンダード,1,1,1,0,0,0,0,0,0,0
E01445,2022-03-31,P-4,スタンダード,1,1,0,0,0,0,1,0,0,0
E01452,2022-03-31,P-4,スタンダード,1,1,0,0,0,0,1,1,0,0
E01454,2022-02-28,P-4,スタンダード,0,0,0,0,0,0,1,1,0,0
E01456,2022-03-31,P-4,スタンダード,0,1,1,0,0,0,1,0,0,0
E01459,2021-12-31,P-4,スタンダード,0,1,1,0,0,0,0,0,0,0
E01462,2022-03-31,P-4,スタンダード,1,1,1,0,0,0,0,0,0,0
E01465,2021-08-31,P-4,プライム,0,0,1,1,0,0,0,1,0,0
E01469,2022-03-31,P-4,プライム,1,1,0,0,0,0,1,0,0,0
E01471,2022-03-31,P-4,スタンダード,1,1,0,1,0,0,1,0,0,0
E01474,2022-03-31,P-4,スタンダード,1,1,0,0,0,0,1,0,0,0
E01478,2022-03-31,P-4,プライム,1,1,1,1,0,0,1,0,0,0
E01480,2022-03-31,P-4,プライム,0,1,0,0,0,0,1,0,0,0
E01481,2022-03-31,P-4,プライム,0,1,1,1,0,0,1,0,0,0
E01482,2022-03-31,P-4,プライム,1,0,1,1,0,0,1,0,0,0
E01486,2022-03-31,P-4,プライム,1,1,1,1,0,0,1,0,0,0
E01488,2022-03-31,P-4,スタンダード,1,1,1,0,0,0,1,0,0,0
E01490,2022-03-31,P-4,スタンダード,1,1,1,0,0,0,1,0,0,0
E01495,2022-03-31,P-4,プライム,1,1,1,1,0,0,1,0,0,0
E01499,2022-03-31,P-4,プライム,1,1,1,0,0,0,0,0,0,0
E01502,2021-12-31,P-4,プライム,1,1,1,0,0,0,1,0,0,0
E01504,2021-12-31,P-4,プライム,1,1,1,0,0,1,1,0,0,0
E01505,2021-12-31,P-4,プライム,1,1,1,0,0,0,0,0,0,0
E01506,2022-03-31,P-4,プライム,1,1,1,1,0,0,1,1,0,0
E01509,2022-03-31,P-4,プライム,1,1,1,1,0,0,0,0,0,0
E01510,2022-03-31,P-4,スタンダード,1,1,1,0,0,0,1,0,0,0
E01511,2022-03-31,P-4,スタンダード,1,1,1,0,0,0,0,0,0,0
E01515,2022-03-31,P-4,スタンダード,1,1,1,0,0,0,1,0,1,0
E01521,2022-03-31,P-4,スタンダード,1,1,1,0,0,0,1,0,0,0
E01528,2022-03-31,P-4,スタンダード,1,1,1,1,0,0,1,0,0,0
E01529,2022-03-31,P-4,スタンダード,1,1,1,0,0,0,0,1,0,0
E01531,2022-03-31,P-4,プライム,1,1,0,0,0,0,1,0,0,0
E01532,2022-03-31,P-4,プライム,1,1,1,1,0,0,1,1,0,0
E01533,2022-03-31,P-4,プライム,1,1,1,1,0,0,1,1,0,0
E01536,2022-03-31,P-4,プライム,1,1,1,1,0,0,1,0,0,0
E01537,2022-03-31,P-4,プライム,1,1,0,0,0,0,0,0,0,0
E01539,2022-03-31,P-4,スタンダード,1,1,1,0,0,0,1,0,0,0
E01541,2022-03-31,P-4,プライム,0,1,1,1,0,0,1,0,0,0
E01542,2021-12-31,P-4,プライム,1,1,1,1,0,0,1,1,0,0
E01543,2022-03-31,P-4,スタンダード,1,1,1,1,0,0,1,1,0,0
E01544,2022-03-31,P-4,スタンダード,1,1,1,0,0,0,1,0,0,0
E01545,2022-03-31,P-4,プライム,1,1,0,0,0,0,1,0,0,0
E01546,2022-03-31,P-4,スタンダード,1,1,0,0,0,0,1,0,0,0
E01551,2022-03-31,P-4,プライム,1,1,1,1,0,0,1,1,0,0
E01554,2022-03-31,P-4,プライム,1,1,1,0,0,0,1,0,0,0
E01563,2021-12-31,P-4,プライム,1,0,1,1,0,0,1,0,0,0
E01568,2021-09-30,P-4,スタンダード,1,1,1,0,0,0,1,0,0,0
E01569,2022-03-31,P-4,スタンダード,1,1,1,0,0,0,0,0,0,0
E01570,2022-03-31,P-4,プライム,1,1,1,1,0,0,1,0,0,0
E01571,2022-03-31,P-4,プライム,1,1,1,1,0,0,1,0,0,0
E01572,2022-03-31,P-4,プライム,1,1,1,1,0,0,1,0,0,0
E01573,2022-03-31,P-4,プライム,1,1,1,1,0,0,1,1,0,0
E01575,2022-03-31,P-4,プライム,1,1,1,0,0,0,0,0,0,0
E01577,2022-03-31,P-4,プライム,1,1,1,0,0,0,0,0,0,0
E01578,2022-03-31,P-4,プライム,1,1,1,1,0,0,1,0,0,1
E01585,2022-03-31,P-4,プライム,1,1,0,1,0,0,1,0,0,0
E01589,2021-06-30,P-4,プライム,1,1,1,1,0,0,1,0,0,0
E01590,2022-03-31,P-4,プライム,1,1,1,1,0,0,1,0,0,0
E01593,2022-03-31,P-4,プライム,1,1,1,0,0,0,1,0,0,0
E01594,2022-03-31,P-4,プライム,1,1,1,0,0,0,1,1,0,1
E01595,2022-03-31,P-4,プライム,1,1,1,0,0,0,1,0,0,0
E01596,2021-12-31,P-4,プライム,1,1,1,0,0,0,1,0,0,0
E01597,2022-03-31,P-4,プライム,1,1,1,0,0,0,1,1,1,0
E01598,2022-03-31,P-4,プライム,0,1,1,1,0,0,1,1,0,0
E01599,2022-03-31,P-4,プライム,1,1,1,0,0,0,1,0,0,0
E01600,2022-03-31,P-4,プライム,1,1,1,1,0,0,1,1,0,1
E01601,2022-03-31,P-4,プライム,1,1,1,1,0,0,1,1,0,0
E01602,2022-03-31,P-4,プライム,1,1,1,0,0,0,0,0,0,0
E01603,2021-11-30,P-4,プライム,1,1,1,0,0,0,1,0,0,0
E01607,2022-03-31,P-4,プライム,1,1,0,1,0,0,1,1,0,1
E01609,2021-11-30,P-4,スタンダード,1,1,0,0,0,0,0,0,0,0
E01612,2022-03-31,P-4,スタンダード,1,1,1,0,0,0,1,0,0,0
E01613,2022-03-31,P-4,プライム,1,1,1,0,0,0,1,0,0,0
E01617,2022-03-31,P-4,スタンダード,0,1,1,1,0,0,0,0,0,0
E01619,2022-03-31,P-4,スタンダード,0,1,1,1,0,0,1,0,0,0
E01622,2022-03-31,P-4,プライム,1,1,1,0,0,0,1,0,0,0
E01627,2022-03-31,P-4,スタンダード,0,1,1,0,0,0,1,0,0,0
E01628,2022-03-31,P-4,スタンダード,0,1,1,0,0,0,1,0,0,0
E01629,2022-03-31,P-4,スタンダード,0,1,0,0,0,0,1,0,0,0
E01630,2022-03-31,P-4,プライム,1,1,1,0,0,0,1,1,1,1
E01631,2022-03-31,P-4,プライム,0,1,0,1,0,1,1,0,0,0
E01632,2022-03-31,P-4,スタンダード,0,1,0,1,0,0,1,1,0,0
E01636,2022-03-31,P-4,プライム,1,1,0,0,0,0,1,0,0,0
E01642,2022-03-31,P-4,プライム,0,1,1,0,0,0,1,0,0,0
E01643,2022-03-31,P-4,プライム,1,1,1,0,0,0,1,0,0,0
E01645,2022-03-31,P-4,プライム,1,1,1,1,0,0,1,1,0,0
E01650,2022-03-31,P-4,プライム,1,1,1,1,0,0,1,0,0,0
E01653,2022-03-31,P-4,プライム,1,1,1,1,0,0,1,0,0,0
E01654,2021-12-31,P-4,プライム,1,1,1,0,0,0,1,1,0,0
E01657,2022-03-31,P-4,プライム,0,1,0,0,0,0,1,0,0,0
E01660,2021-12-31,P-4,プライム,1,1,1,1,0,0,1,0,1,0
E01661,2022-03-31,P-4,プライム,1,1,0,0,0,0,1,0,0,0
E01662,2022-03-31,P-4,プライム,0,1,0,0,0,0,1,0,0,0
E01663,2022-03-31,P-4,プライム,1,1,1,0,0,0,1,0,0,0
E01667,2022-03-31,P-4,プライム,1,1,1,0,0,0,0,0,0,0
E01669,2022-03-31,P-4,プライム,1,1,0,0,0,0,1,0,0,0
E01670,2022-03-31,P-4,プライム,0,0,1,1,0,0,1,0,0,0
E01671,2021-12-31,P-4,スタンダード,1,1,1,0,1,0,1,0,0,0
E01672,2021-05-31,P-4,スタンダード,0,1,0,0,0,0,1,0,0,0
E01673,2022-03-31,P-4,プライム,0,1,0,1,0,0,1,0,0,0
E01676,2021-09-30,P-4,プライム,0,1,1,1,0,0,1,0,0,0
E01677,2022-02-20,P-4,プライム,1,1,1,1,0,0,1,0,0,0
E01678,2021-12-31,P-4,プライム,1,1,1,0,0,0,0,0,1,0
E01682,2021-09-30,P-4,プライム,1,1,1,0,0,0,0,0,0,0
E01685,2022-03-31,P-4,プライム,1,1,1,1,1,0,1,0,0,0
E01686,2022-03-31,P-4,スタンダード,0,1,1,0,0,0,1,0,0,0
E01690,2021-08-31,P-4,プライム,1,1,0,0,0,0,1,0,0,0
E01692,2021-12-31,P-4,スタンダード,1,1,0,0,0,0,1,0,0,0
E01693,2022-03-31,P-4,スタンダード,1,1,1,0,0,0,1,0,0,0
E01694,2022-03-31,P-4,スタンダード,1,1,1,1,0,0,1,1,0,1
E01695,2022-03-31,P-4,プライム,1,1,1,1,0,0,1,0,0,0
E01696,2022-03-31,P-4,プライム,1,1,1,0,0,0,1,0,1,0
E01698,2022-03-31,P-4,プライム,1,1,0,0,0,0,0,0,0,0
E01699,2022-03-31,P-4,スタンダード,1,1,1,0,0,0,1,0,0,0
E01703,2022-03-31,P-4,スタンダード,0,1,1,0,0,0,1,0,0,0
E01704,2022-03-31,P-4,スタンダード,0,1,1,0,0,0,0,0,0,0
E01705,2021-10-31,P-4,プライム,1,1,0,0,1,0,1,0,0,0
E01706,2022-02-28,P-4,スタンダード,1,1,1,0,0,0,1,0,0,0
E01708,2022-03-31,P-4,プライム,1,1,1,0,0,0,1,0,0,0
E01711,2022-03-31,P-4,スタンダード,0,1,1,0,0,0,0,0,0,0
E01712,2022-03-31,P-4,プライム,0,1,0,0,0,0,1,0,0,0
E01714,2021-12-31,P-4,プライム,1,1,1,1,0,0,0,0,0,0
E01715,2021-09-30,P-4,スタンダード,1,1,1,0,0,0,0,0,0,0
E01716,2021-09-30,P-4,スタンダード,1,1,1,0,1,0,1,0,0,0
E01717,2022-03-31,P-4,スタンダード,1,1,0,0,0,1,1,0,0,0
E01721,2022-03-31,P-4,スタンダード,0,1,1,0,0,0,1,0,0,0
E01723,2022-02-28,P-4,プライム,1,1,1,1,0,0,1,0,1,0
E01724,2022-03-31,P-4,スタンダード,0,1,1,1,0,0,0,0,0,0
E01725,2021-12-31,P-4,プライム,1,1,1,0,0,0,1,0,0,0
E01726,2021-12-31,P-4,プライム,0,1,1,1,0,0,1,1,0,0
E01727,2022-03-31,P-4,スタンダード,1,1,1,0,0,0,0,0,0,0
E01728,2021-12-31,P-4,スタンダード,1,1,1,0,0,0,0,0,0,0
E01729,2022-03-31,P-4,スタンダード,1,1,1,0,0,0,1,0,0,0
E01731,2022-03-31,P-4,スタンダード,1,1,1,0,0,0,0,0,0,0
E01733,2022-03-31,P-4,プライム,1,0,1,1,0,0,1,0,0,0
E01737,2022-03-31,P-4,プライム,1,1,1,0,1,1,1,0,1,1
E01738,2022-03-31,P-4,プライム,0,1,0,0,0,0,1,0,0,1
E01739,2022-03-31,P-4,プライム,1,1,1,1,0,0,1,1,0,1
E01740,2022-03-31,P-4,プライム,1,1,1,1,0,0,1,0,0,0
E01741,2022-02-28,P-4,プライム,1,1,1,1,0,0,1,1,0,1
E01742,2021-05-31,P-4,スタンダード,1,1,1,0,0,0,1,1,0,0
E01743,2022-03-31,P-4,プライム,1,1,1,1,0,0,1,0,0,0
E01744,2022-03-31,P-4,プライム,1,1,0,0,0,0,1,0,0,0
E01746,2022-03-31,P-4,プライム,1,1,1,1,0,0,1,0,0,0
E01750,2022-03-31,P-4,プライム,1,0,1,1,0,0,0,0,0,0
E01751,2022-03-31,P-4,スタンダード,1,1,1,0,0,0,1,0,0,0
E01752,2022-03-31,P-4,プライム,1,0,1,1,0,0,1,0,0,0
E01755,2022-03-31,P-4,プライム,1,1,1,1,0,0,1,1,1,1
E01757,2022-03-31,P-4,プライム,0,1,1,1,0,0,1,0,0,0
E01758,2022-03-31,P-4,プライム,1,1,1,1,0,0,1,0,0,0
E01759,2022-03-31,P-4,プライム,1,1,1,0,0,0,0,0,0,0
E01760,2021-12-31,P-4,プライム,1,1,1,0,0,0,0,0,0,0
E01761,2022-03-31,P-4,プライム,1,1,1,0,0,0,1,0,0,0
E01764,2022-03-31,P-4,スタンダード,0,1,1,0,0,0,0,0,0,0
E01765,2022-03-31,P-4,プライム,1,1,1,0,1,0,1,0,0,0
E01766,2022-03-31,P-4,プライム,1,1,1,0,0,0,1,1,0,1
E01767,2022-03-31,P-4,プライム,1,1,1,1,0,0,1,1,0,0
E01768,2022-03-31,P-4,スタンダード,1,1,1,0,0,0,1,0,0,0
E01769,2022-03-31,P-4,プライム,1,1,1,0,0,0,1,0,0,0
E01772,2022-03-31,P-4,プライム,1,1,1,0,0,0,1,1,0,0
E01774,2022-03-31,P-4,プライム,1,1,1,1,0,0,1,1,0,0
E01775,2022-03-31,P-4,プライム,1,1,0,0,0,0,1,0,0,0
E01777,2022-03-31,P-4,プライム,1,1,0,0,1,1,1,1,1,1
E01780,2022-03-31,P-4,プライム,0,1,0,1,0,0,1,0,0,0
E01782,2022-03-31,P-4,プライム,1,1,0,0,0,0,0,0,0,0
E01786,2022-03-31,P-4,プライム,1,1,1,1,0,0,1,0,0,0
E01790,2022-03-31,P-4,プライム,1,1,1,1,0,0,1,0,0,1
E01793,2022-03-31,P-4,プライム,1,1,1,1,0,0,1,0,0,0
E01797,2022-03-31,P-4,プライム,1,1,1,1,0,0,1,1,0,0
E01798,2022-03-31,P-4,スタンダード,1,1,1,1,0,0,1,0,0,0
E01802,2022-03-31,P-4,プライム,1,1,1,1,0,0,1,0,0,0
E01803,2022-03-31,P-4,プライム,1,1,1,0,0,0,1,1,0,0
E01805,2022-03-31,P-4,プライム,1,1,1,0,0,0,1,0,0,0
E01807,2022-03-31,P-4,プライム,1,1,1,0,0,0,0,0,0,0
E01808,2022-03-31,P-4,プライム,1,1,1,0,0,0,1,1,0,0
E01811,2022-03-31,P-4,スタンダード,1,1,1,0,0,0,0,0,0,0
E01816,2022-03-31,P-4,スタンダード,1,1,1,0,0,0,1,0,0,0
E01817,2022-03-31,P-4,スタンダード,1,1,1,0,0,0,1,1,0,0
E01819,2022-03-31,P-4,スタンダード,1,1,0,0,0,0,1,0,0,0
E01821,2022-03-31,P-4,スタンダード,0,0,0,1,0,0,1,0,0,0
E01824,2022-03-31,P-4,プライム,0,1,1,1,0,0,1,1,0,0
E01827,2022-03-31,P-4,スタンダード,1,1,0,1,0,0,0,0,0,0
E01828,2022-03-31,P-4,プライム,1,1,0,0,0,0,1,0,0,0
E01830,2022-03-31,P-4,プライム,1,1,0,0,0,0,0,0,0,0
E01831,2022-03-31,P-4,プライム,1,1,1,0,0,0,1,0,0,0
E01834,2021-12-31,P-4,プライム,1,1,1,1,0,0,1,0,0,0
E01839,2022-02-28,P-4,プライム,1,1,1,0,0,0,1,0,0,0
E01841,2022-03-31,P-4,プライム,0,1,0,1,0,0,1,0,0,0
E01842,2022-03-31,P-4,プライム,1,1,1,1,0,0,0,0,0,0
E01849,2022-03-31,P-4,プライム,0,1,1,1,0,0,1,0,0,0
E01856,2021-05-20,P-4,プライム,1,1,1,1,0,0,1,0,0,0
E01857,2022-03-31,P-4,スタンダード,1,1,1,1,0,0,1,0,0,0
E01859,2022-03-31,P-4,スタンダード,1,1,0,0,0,0,0,0,0,0
E01862,2022-03-31,P-4,プライム,1,1,1,1,0,0,1,1,0,0
E01865,2022-03-31,P-4,プライム,1,1,1,1,0,0,1,0,0,0
E01870,2022-03-31,P-4,スタンダード,1,1,1,1,0,0,0,0,0,0
E01873,2022-03-31,P-4,プライム,1,1,1,1,0,0,1,1,0,0
E01875,2022-03-31,P-4,スタンダード,1,1,1,0,0,0,0,0,0,0
E01876,2021-12-31,P-4,プライム,1,1,0,0,0,0,1,0,0,0
E01878,2022-03-31,P-4,プライム,1,1,1,1,0,0,1,0,1,0
E01879,2022-03-31,P-4,プライム,1,1,1,1,0,0,1,1,0,0
E01884,2022-03-31,P-4,プライム,1,1,1,1,0,0,1,1,0,0
E01885,2022-03-31,P-4,スタンダード,0,1,0,0,0,0,1,0,0,0
E01886,2022-03-31,P-4,プライム,0,1,0,0,0,0,1,0,0,0
E01888,2022-03-31,P-4,プライム,1,1,1,1,0,0,1,1,0,0
E01892,2022-03-31,P-4,プライム,1,1,0,1,0,0,0,1,0,0
E01897,2022-03-31,P-4,プライム,0,1,1,0,0,0,1,0,0,0
E01898,2022-03-31,P-4,プライム,1,1,0,0,0,0,0,0,0,0
E01899,2022-03-31,P-4,スタンダード,0,1,0,1,0,0,1,0,0,0
E01901,2021-12-31,P-4,プライム,1,1,1,0,0,0,0,0,0,0
E01903,2022-03-31,P-4,プライム,1,1,1,1,0,0,1,1,0,1
E01904,2022-03-31,P-4,プライム,1,1,1,0,0,0,1,0,0,0
E01905,2022-03-31,P-4,プライム,0,1,1,1,0,0,1,0,0,0
E01907,2022-03-31,P-4,スタンダード,1,1,1,0,0,0,1,0,0,0
E01909,2022-03-31,P-4,プライム,1,1,1,1,0,0,1,0,0,0
E01914,2022-03-31,P-4,プライム,1,1,1,1,0,0,1,1,0,0
E01916,2022-03-31,P-4,スタンダード,1,0,1,0,0,0,1,1,0,0
E01917,2022-03-31,P-4,プライム,1,1,1,0,0,0,1,1,0,0
E01921,2021-12-31,P-4,スタンダード,1,1,1,0,0,0,1,0,0,0
E01926,2022-03-31,P-4,プライム,0,1,1,0,0,0,1,0,0,0
E01928,2022-03-31,P-4,スタンダード,1,1,0,0,0,0,1,0,0,0
E01929,2022-03-31,P-4,プライム,1,1,1,1,0,0,1,0,0,0
E01930,2022-03-31,P-4,スタンダード,1,1,1,1,0,0,1,0,0,0
E01933,2022-03-31,P-4,スタンダード,1,1,0,0,0,0,1,0,0,0
E01935,2022-03-31,P-4,プライム,1,1,1,0,0,0,1,0,0,0
E01939,2022-03-31,P-4,プライム,0,0,1,1,0,0,0,0,0,0
E01944,2021-12-31,P-4,プライム,1,1,1,0,0,0,1,0,0,0
E01946,2022-03-31,P-4,プライム,0,1,1,0,0,0,1,0,0,0
E01947,2022-03-31,P-4,プライム,1,1,1,1,0,0,1,0,0,0
E01950,2022-03-31,P-4,プライム,1,1,1,0,0,0,1,1,1,1
E01951,2022-03-31,P-4,プライム,1,0,1,1,0,0,1,0,1,0
E01953,2022-03-31,P-4,プライム,1,1,1,1,1,0,1,1,0,0
E01954,2022-03-31,P-4,スタンダード,0,1,0,0,0,0,1,0,0,0
E01957,2022-03-31,P-4,プライム,1,1,0,1,0,0,1,0,0,0
E01959,2022-03-31,P-4,プライム,0,1,0,0,0,0,1,1,0,0
E01960,2022-03-31,P-4,スタンダード,1,1,1,1,0,0,1,0,0,0
E01966,2022-03-31,P-4,プライム,0,1,0,0,0,0,0,0,1,0
E01967,2022-03-20,P-4,プライム,1,1,0,0,0,0,0,0,0,0
E01968,2022-03-31,P-4,スタンダード,1,1,1,0,0,0,0,1,0,0
E01971,2021-12-31,P-4,プライム,1,1,1,1,0,0,1,0,0,0
E01974,2022-03-31,P-4,スタンダード,0,1,1,1,0,0,0,0,0,0
E01975,2022-03-31,P-4,プライム,1,1,1,0,0,0,1,0,0,0
E01979,2022-03-31,P-4,プライム,1,1,1,1,0,0,0,0,0,0
E01981,2022-03-31,P-4,スタンダード,1,1,1,1,0,0,0,0,0,0
E01983,2022-03-31,P-4,スタンダード,1,1,0,0,0,0,0,0,0,0
E01986,2022-03-31,P-4,スタンダード,0,1,0,1,0,0,1,0,0,0
E01988,2021-12-31,P-4,プライム,1,1,1,1,0,1,1,0,0,0
E01989,2022-03-31,P-4,スタンダード,1,1,1,0,0,0,1,0,0,0
E01991,2021-06-30,P-4,プライム,0,1,1,0,0,0,0,0,0,0
E01993,2022-03-31,P-4,スタンダード,0,1,1,0,0,0,1,0,0,0
E01994,2021-06-30,P-4,スタンダード,0,1,1,0,0,0,0,0,0,0
E01995,2021-12-31,P-4,スタンダード,1,1,1,1,0,0,0,1,0,0
E01997,2021-09-30,P-4,スタンダード,1,1,0,0,0,0,0,0,0,0
E01999,2021-12-31,P-4,プライム,1,1,1,1,0,0,1,0,0,0
E02004,2022-03-31,P-4,スタンダード,1,1,0,0,0,0,0,0,0,0
E02005,2022-03-31,P-4,スタンダード,1,1,1,0,0,0,1,0,0,0
E02006,2022-03-31,P-4,プライム,0,1,1,0,0,0,1,0,0,0
E02007,2022-01-31,P-4,スタンダード,1,1,1,0,0,0,0,0,1,0
E02008,2022-03-31,P-4,プライム,1,1,1,0,0,0,1,0,0,0
E02009,2022-03-31,P-4,プライム,1,1,1,1,0,0,1,0,1,1
E02011,2021-04-30,P-4,スタンダード,1,1,1,0,0,0,0,0,0,0
E02013,2022-03-31,P-4,スタンダード,1,1,0,0,0,0,0,0,0,0
E02015,2022-03-31,P-4,プライム,1,1,0,0,0,0,1,0,0,0
E02017,2022-02-28,P-4,スタンダード,1,1,1,0,0,0,1,0,0,0
E02020,2021-12-31,P-4,スタンダード,0,1,1,0,1,0,0,0,0,0
E02024,2022-03-31,P-4,スタンダード,1,1,1,0,0,0,0,0,0,1
E02025,2022-03-31,P-4,スタンダード,1,1,1,0,0,0,0,0,0,0
E02027,2022-03-31,P-4,スタンダード,0,1,0,0,0,0,1,0,0,0
E02030,2021-12-31,P-4,プライム,1,1,1,0,0,0,0,0,0,0
E02039,2021-06-30,P-4,スタンダード,0,1,1,0,0,0,0,0,0,0
E02040,2021-09-30,P-4,スタンダード,0,1,1,0,0,0,0,0,0,0
E02042,2022-03-31,P-4,プライム,0,1,1,0,0,0,1,0,0,0
E02043,2022-03-31,P-4,スタンダード,0,0,1,1,0,0,1,0,0,0
E02045,2022-03-31,P-4,スタンダード,1,1,0,0,0,0,1,0,0,0
E02054,2021-12-31,P-4,プライム,1,1,1,1,0,0,1,1,0,0
E02055,2022-03-31,P-4,スタンダード,1,0,1,1,0,0,0,0,0,0
E02056,2022-03-31,P-4,プライム,0,1,1,0,0,0,1,0,0,0
E02059,2022-03-31,P-4,プライム,1,1,1,0,0,0,0,0,0,0
E02060,2021-07-31,P-4,プライム,1,1,1,0,0,0,0,0,0,0
E02062,2021-12-31,P-4,スタンダード,1,1,0,0,0,0,0,0,0,0
E02069,2022-03-31,P-4,プライム,0,1,0,1,0,0,1,0,0,0
E02070,2022-03-31,P-4,スタンダード,1,1,0,1,0,0,0,0,0,0
E02073,2022-03-31,P-4,プライム,0,1,1,0,0,0,0,0,0,0
E02076,2022-03-31,P-4,スタンダード,1,1,0,0,0,0,0,0,0,0
E02077,2022-03-31,P-4,スタンダード,1,0,1,1,0,0,0,0,0,0
E02081,2021-12-31,P-4,プライム,1,1,0,1,0,0,1,0,0,1
E02086,2022-03-31,P-4,スタンダード,0,1,1,0,0,0,1,0,1,0
E02089,2022-03-31,P-4,プライム,1,1,1,1,0,0,1,0,0,0
E02090,2022-03-31,P-4,スタンダード,0,1,1,1,0,0,1,1,0,1
E02092,2021-08-31,P-4,スタンダード,1,1,1,0,0,0,0,0,1,0
E02093,2022-03-31,P-4,スタンダード,1,1,1,0,0,0,1,0,0,0
E02103,2021-12-31,P-4,プライム,0,1,0,0,0,0,1,0,0,0
E02105,2022-03-31,P-4,スタンダード,0,1,0,0,0,0,1,0,0,0
E02114,2022-03-31,P-4,プライム,1,1,1,0,0,0,1,0,0,1
E02121,2021-07-31,P-4,スタンダード,1,1,0,0,0,0,1,0,0,0
E02123,2022-03-31,P-4,プライム,1,1,1,1,1,0,1,0,0,0
E02124,2022-03-31,P-4,プライム,1,1,1,0,0,0,1,0,0,0
E02126,2022-03-31,P-4,プライム,1,1,1,0,0,0,1,0,1,0
E02127,2022-03-31,P-4,プライム,1,1,1,1,0,0,1,1,0,0
E02128,2022-03-31,P-4,プライム,1,1,1,1,0,0,1,0,0,0
E02136,2022-03-31,P-4,スタンダード,1,1,1,0,0,0,1,0,0,0
E02138,2022-03-31,P-4,スタンダード,0,1,0,0,0,0,1,0,0,0
E02140,2022-03-31,P-4,プライム,0,1,0,0,0,0,1,0,0,0
E02142,2022-03-31,P-4,プライム,1,1,1,1,1,1,1,1,0,0
E02143,2022-03-31,P-4,プライム,1,1,1,1,0,0,1,0,0,1
E02144,2022-03-31,P-4,プライム,0,1,0,0,0,0,1,1,0,1
E02147,2022-03-31,P-4,プライム,1,1,1,1,0,0,1,0,0,0
E02150,2022-03-31,P-4,スタンダード,0,1,0,0,0,0,1,0,0,0
E02152,2022-03-31,P-4,プライム,0,1,0,1,0,0,1,1,0,0
E02154,2022-03-31,P-4,プライム,0,1,1,0,0,0,1,0,0,0
E02155,2022-03-31,P-4,プライム,0,1,1,1,0,0,1,0,0,0
E02158,2022-03-31,P-4,スタンダード,1,1,1,0,0,0,0,0,0,0
E02161,2022-03-31,P-4,プライム,1,1,0,1,0,1,0,0,0,0
E02162,2022-03-31,P-4,プライム,1,1,1,0,0,0,1,0,0,0
E02163,2022-03-31,P-4,プライム,0,1,1,0,0,0,1,0,0,0
E02166,2022-03-31,P-4,プライム,0,1,0,1,0,0,1,1,0,0
E02167,2022-03-31,P-4,プライム,1,1,1,0,0,0,1,0,0,0
E02168,2021-12-31,P-4,プライム,1,1,1,1,0,0,1,1,0,1
E02170,2022-03-31,P-4,プライム,1,1,1,0,0,0,1,0,0,0
E02171,2022-03-31,P-4,スタンダード,0,1,1,0,0,0,0,0,0,0
E02172,2022-03-31,P-4,スタンダード,0,1,0,1,0,0,1,0,0,0
E02174,2022-03-31,P-4,スタンダード,1,1,0,0,0,0,1,0,0,0
E02175,2022-03-31,P-4,プライム,1,1,1,1,0,0,1,0,0,0
E02176,2022-03-31,P-4,プライム,0,1,1,0,0,0,0,0,0,0
E02177,2021-12-31,P-4,プライム,0,1,1,1,0,0,1,1,0,0
E02178,2022-03-31,P-4,プライム,1,0,1,1,0,0,1,0,0,0
E02183,2022-03-31,P-4,スタンダード,0,1,0,1,0,0,1,0,0,0
E02189,2022-03-31,P-4,スタンダード,1,1,1,0,0,0,1,0,0,0
E02194,2022-03-31,P-4,プライム,1,1,0,0,0,0,1,1,0,0
E02195,2022-03-31,P-4,プライム,1,1,1,0,0,0,1,0,0,0
E02199,2022-03-31,P-4,スタンダード,1,1,0,0,0,0,1,0,0,0
E02201,2022-03-31,P-4,スタンダード,1,1,1,1,0,0,1,0,0,0
E02204,2021-10-31,P-4,スタンダード,1,1,1,0,0,0,0,0,0,0
E02205,2022-03-31,P-4,プライム,1,1,0,0,0,0,0,0,0,0
E02210,2022-03-31,P-4,プライム,0,1,1,1,0,0,0,0,0,0
E02214,2022-03-31,P-4,スタンダード,0,1,0,0,0,0,1,0,0,0
E02216,2022-03-31,P-4,スタンダード,1,1,1,0,0,0,1,0,0,0
E02219,2022-03-31,P-4,プライム,0,1,1,1,0,0,1,0,0,0
E02221,2022-03-31,P-4,プライム,1,1,0,0,0,0,1,0,0,0
E02222,2022-03-31,P-4,プライム,1,1,1,1,0,0,1,1,0,0
E02224,2022-03-31,P-4,スタンダード,0,1,1,0,0,0,1,0,0,0
E02225,2022-03-31,P-4,スタンダード,1,1,1,0,0,0,1,0,0,0
E02226,2022-03-31,P-4,スタンダード,1,1,0,0,0,0,1,0,0,0
E02228,2022-03-31,P-4,プライム,1,1,1,1,0,0,1,1,0,1
E02230,2022-03-31,P-4,スタンダード,0,1,1,0,0,0,0,0,0,0
E02231,2022-03-31,P-4,スタンダード,0,1,0,0,0,0,1,0,0,0
E02234,2022-03-31,P-4,スタンダード,0,1,1,1,0,0,0,1,0,0
E02237,2022-03-31,P-4,プライム,1,1,1,1,1,1,1,1,0,0
E02246,2022-03-31,P-4,スタンダード,1,1,1,0,0,0,0,0,0,0
E02248,2022-03-31,P-4,スタンダード,1,1,1,0,0,0,0,0,0,0
E02252,2022-03-31,P-4,プライム,1,1,1,1,0,0,1,0,0,0
E02254,2022-03-31,P-4,プライム,0,1,1,0,0,0,1,1,0,0
E02255,2022-03-31,P-4,スタンダード,1,1,1,0,0,0,1,0,0,0
E02257,2021-12-31,P-4,プライム,1,1,0,0,0,0,0,1,0,0
E02265,2022-03-31,P-4,プライム,1,1,1,0,0,0,1,0,0,0
E02266,2022-03-31,P-4,プライム,1,1,1,1,0,0,1,0,0,0
E02267,2022-03-31,P-4,プライム,1,1,1,0,0,0,1,1,0,0
E02271,2022-03-31,P-4,プライム,0,1,1,1,0,0,1,1,0,0
E02272,2022-03-31,P-4,プライム,1,1,1,1,0,0,1,1,0,1
E02274,2021-12-31,P-4,プライム,1,1,1,0,0,0,1,0,0,0
E02275,2022-03-31,P-4,プライム,1,1,1,1,0,0,1,1,1,1
E02280,2022-03-31,P-4,プライム,1,1,1,1,0,0,1,1,0,0
E02285,2022-03-31,P-4,プライム,1,1,1,0,0,0,1,0,0,0
E02286,2022-03-31,P-4,プライム,1,1,1,0,0,0,1,0,0,0
E02288,2022-03-31,P-4,プライム,1,0,1,1,0,0,1,1,0,0
E02289,2022-03-31,P-4,プライム,1,1,1,0,0,0,0,0,0,0
E02293,2022-01-31,P-4,プライム,1,1,1,0,0,0,0,0,0,0
E02294,2022-03-31,P-4,プライム,1,1,1,0,0,0,1,0,0,0
E02296,2021-12-31,P-4,プライム,1,1,1,1,0,0,1,0,0,0
E02299,2022-03-31,P-4,プライム,0,1,1,1,0,0,1,0,0,0
E02301,2021-12-31,P-4,プライム,0,1,1,0,0,0,1,0,0,0
E02302,2021-12-31,P-4,プライム,0,1,0,0,0,0,1,0,0,0
E02304,2022-03-31,P-4,スタンダード,1,1,0,0,0,0,1,0,0,0
E02306,2021-12-31,P-4,スタンダード,1,1,1,0,0,0,1,1,0,0
E02307,2022-03-31,P-4,プライム,1,1,1,1,0,0,1,0,0,0
E02308,2021-12-31,P-4,プライム,1,1,1,1,0,0,1,1,0,1
E02315,2022-03-31,P-4,プライム,1,1,1,0,0,0,0,0,1,0
E02322,2021-12-31,P-4,プライム,1,1,1,0,1,1,1,0,0,0
E02323,2021-05-31,P-4,スタンダード,1,1,1,0,0,0,1,0,0,0
E02324,2021-06-30,P-4,スタンダード,1,1,1,1,0,0,0,0,0,0
E02325,2022-03-31,P-4,スタンダード,1,1,1,0,0,0,0,0,0,0
E02328,2022-02-28,P-4,プライム,1,1,0,0,0,0,1,0,0,0
E02336,2021-05-31,P-4,プライム,0,1,1,0,0,0,0,0,0,0
E02340,2021-08-31,P-4,プライム,1,1,1,0,0,0,0,0,0,0
E02343,2021-06-30,P-4,スタンダード,0,1,1,1,0,0,0,0,0,0
E02344,2022-03-31,P-4,プライム,0,1,1,0,0,0,0,1,0,0
E02345,2022-03-31,P-4,スタンダード,1,1,1,0,0,0,1,0,0,0
E02346,2021-09-30,P-4,スタンダード,0,1,1,0,0,0,0,0,0,0
E02348,2022-03-31,P-4,スタンダード,0,1,1,0,0,0,0,0,0,0
E02350,2021-12-31,P-4,プライム,1,1,1,0,0,0,0,0,0,0
E02352,2021-09-30,P-4,スタンダード,0,1,1,0,0,0,1,0,0,0
E02356,2021-04-30,P-4,スタンダード,1,1,1,0,0,0,1,0,0,0
E02360,2021-12-31,P-4,スタンダード,1,1,1,1,0,0,0,0,0,0
E02362,2022-03-31,P-4,プライム,1,1,1,1,0,0,1,1,0,1
E02369,2022-03-31,P-4,プライム,1,1,1,0,0,0,1,1,0,0
E02371,2021-12-31,P-4,プライム,1,1,1,0,0,0,1,0,0,0
E02373,2022-03-31,P-4,プライム,1,1,1,1,0,0,1,1,0,0
E02376,2021-10-31,P-4,スタンダード,1,1,0,0,0,0,1,0,0,0
E02378,2021-12-31,P-4,プライム,0,1,1,1,0,0,1,1,0,0
E02379,2021-12-31,P-4,プライム,1,1,1,0,1,0,1,0,0,0
E02380,2022-03-31,P-4,プライム,0,1,0,0,0,0,1,0,0,0
E02381,2022-03-31,P-4,プライム,1,1,1,0,0,0,1,0,0,0
E02382,2022-03-31,P-4,プライム,1,1,0,0,0,0,1,0,0,0
E02386,2022-03-31,P-4,プライム,1,1,1,1,0,0,0,1,0,1
E02387,2022-03-31,P-4,スタンダード,1,1,1,0,0,0,1,0,0,0
E02394,2022-03-31,P-4,プライム,1,1,1,0,0,0,1,0,0,0
E02395,2021-11-20,P-4,プライム,1,1,1,0,0,0,1,0,0,0
E02396,2021-12-31,P-4,スタンダード,1,1,1,0,0,0,1,0,0,0
E02398,2021-06-20,P-4,プライム,1,0,1,1,0,0,0,0,0,0
E02403,2022-03-31,P-4,プライム,0,1,1,0,0,0,1,0,0,0
E02404,2021-12-31,P-4,プライム,1,1,1,1,1,1,1,1,0,1
E02408,2022-03-31,P-4,プライム,0,1,1,0,0,0,0,0,0,0
E02410,2022-03-31,P-4,プライム,1,1,1,0,0,0,0,0,0,0
E02411,2022-03-31,P-4,スタンダード,0,1,1,0,0,0,0,0,0,0
E02412,2022-03-31,P-4,プライム,1,1,1,0,0,0,1,0,1,0
E02413,2022-03-31,P-4,スタンダード,1,1,0,1,0,0,1,1,0,0
E02414,2022-03-31,P-4,スタンダード,0,1,0,1,0,1,1,0,0,0
E02416,2021-12-31,P-4,スタンダード,1,1,1,0,0,0,0,0,0,0
E02417,2022-03-31,P-4,プライム,1,1,1,0,0,0,1,0,0,0
E02419,2022-03-31,P-4,プライム,0,1,1,0,0,0,0,0,0,0
E02421,2021-12-31,P-4,スタンダード,1,1,0,0,0,0,1,0,1,0
E02423,2022-03-31,P-4,プライム,1,1,1,0,0,0,1,0,0,0
E02425,2022-03-31,P-4,スタンダード,1,1,1,0,0,0,0,0,0,0
E02427,2022-03-31,P-4,スタンダード,0,1,0,0,0,0,1,1,0,0
E02428,2022-03-31,P-4,スタンダード,1,1,0,0,0,0,0,0,0,0
E02430,2021-04-30,P-4,スタンダード,1,1,1,0,0,0,0,0,0,0
E02431,2022-03-31,P-4,スタンダード,0,1,0,0,0,0,1,0,0,0
E02435,2022-03-31,P-4,スタンダード,1,1,1,0,0,0,1,0,0,0
E02438,2022-02-28,P-4,スタンダード,1,1,1,0,0,0,1,0,1,0
E02441,2022-03-31,P-4,スタンダード,0,1,0,0,0,0,1,0,0,0
E02442,2022-03-31,P-4,スタンダード,1,1,1,0,0,0,0,0,0,0
E02448,2021-06-30,P-4,スタンダード,0,1,1,0,0,0,0,0,0,0
E02450,2022-03-31,P-4,プライム,1,1,1,1,0,0,1,0,0,0
E02452,2021-12-31,P-4,スタンダード,0,1,0,0,1,0,0,0,0,0
E02453,2022-03-31,P-4,プライム,1,1,1,1,0,0,0,0,0,0
E02462,2021-12-31,P-4,スタンダード,0,0,1,1,0,0,1,0,0,0
E02463,2022-02-28,P-4,スタンダード,1,1,0,0,0,0,0,0,0,0
E02464,2022-02-28,P-4,スタンダード,1,1,1,0,0,0,0,0,0,0
E02466,2021-12-31,P-4,プライム,1,1,1,0,0,0,1,0,0,0
E02467,2022-03-31,P-4,プライム,1,1,1,0,0,0,1,0,0,0
E02469,2021-07-31,P-4,スタンダード,0,1,1,0,0,0,0,0,0,0
E02472,2022-03-31,P-4,プライム,1,1,1,1,0,0,1,0,0,0
E02474,2022-03-31,P-4,プライム,1,1,1,0,0,0,1,0,0,0
E02475,2022-03-31,P-4,プライム,1,1,1,1,0,0,1,0,0,0
E02480,2021-05-31,P-4,スタンダード,1,1,1,1,0,0,0,0,0,0
E02481,2022-03-31,P-4,プライム,1,1,1,0,0,0,1,1,0,0
E02488,2022-03-31,P-4,スタンダード,1,1,0,0,0,0,0,0,0,0
E02490,2022-01-31,P-4,プライム,1,1,1,0,0,0,1,0,0,0
E02491,2021-06-30,P-4,スタンダード,1,1,1,0,0,0,1,0,0,0
E02497,2022-03-31,P-4,プライム,0,1,0,0,0,0,1,1,0,1
E02498,2022-03-31,P-4,プライム,1,1,1,0,0,0,1,1,0,1
E02501,2022-03-31,P-4,プライム,1,1,1,0,0,0,0,0,1,0
E02503,2022-03-31,P-4,プライム,1,1,1,1,0,0,0,1,0,0
E02505,2022-03-31,P-4,プライム,0,1,0,0,0,0,1,0,0,0
E02506,2022-03-31,P-4,プライム,1,1,1,0,0,0,1,0,0,0
E02509,2022-03-31,P-4,プライム,1,1,1,0,0,0,0,0,0,0
E02510,2022-03-31,P-4,プライム,1,1,1,0,0,0,0,0,0,0
E02512,2022-03-31,P-4,プライム,1,1,1,0,0,0,1,0,0,0
E02513,2022-03-31,P-4,プライム,1,1,1,1,0,0,1,1,0,1
E02515,2021-07-20,P-4,プライム,0,1,1,0,0,0,0,0,0,0
E02516,2022-03-31,P-4,プライム,1,1,1,1,0,1,1,1,0,0
E02517,2022-03-31,P-4,プライム,1,1,1,1,0,0,0,1,0,0
E02518,2022-03-31,P-4,プライム,1,1,1,0,0,0,1,0,0,0
E02521,2022-02-28,P-4,プライム,0,1,0,0,0,0,1,0,0,0
E02522,2022-03-31,P-4,プライム,1,1,1,0,0,0,1,0,0,0
E02525,2022-03-31,P-4,プライム,1,1,1,0,0,0,1,0,0,0
E02527,2022-03-31,P-4,プライム,1,1,1,0,0,0,1,0,0,0
E02528,2022-03-31,P-4,プライム,1,1,1,0,0,0,1,1,0,1
E02529,2022-03-31,P-4,プライム,1,1,1,0,0,0,1,1,0,1
E02530,2022-03-31,P-4,スタンダード,1,1,1,0,0,0,0,0,0,0
E02534,2022-03-31,P-4,スタンダード,1,1,1,0,0,0,1,0,0,0
E02535,2022-03-31,P-4,プライム,0,1,0,0,0,0,1,0,0,0
E02541,2022-03-31,P-4,スタンダード,1,1,1,0,0,0,1,0,0,0
E02542,2022-03-31,P-4,スタンダード,1,1,0,0,0,0,1,0,0,0
E02547,2022-03-31,P-4,スタンダード,1,1,1,0,0,0,1,0,0,0
E02548,2021-09-30,P-4,プライム,1,1,1,0,0,0,1,1,0,0
E02549,2022-03-31,P-4,プライム,1,1,1,1,0,0,1,0,0,1
E02552,2022-03-31,P-4,プライム,1,1,1,1,0,0,1,0,0,0
E02554,2022-03-31,P-4,プライム,1,1,0,0,0,0,1,0,0,0
E02558,2022-03-31,P-4,スタンダード,1,1,1,1,0,0,1,1,0,1
E02560,2022-03-31,P-4,プライム,1,1,1,0,0,0,0,0,0,0
E02563,2022-03-31,P-4,プライム,1,1,1,0,0,0,0,1,0,0
E02566,2022-03-31,P-4,スタンダード,1,1,1,0,0,0,0,0,0,0
E02567,2022-03-31,P-4,プライム,1,1,1,1,0,0,1,0,0,0
E02569,2022-03-31,P-4,スタンダード,0,1,0,0,0,0,1,0,0,0
E02571,2022-03-31,P-4,スタンダード,1,1,1,0,0,0,1,0,0,0
E02572,2022-03-31,P-4,プライム,1,1,1,0,0,0,1,0,0,0
E02574,2022-03-31,P-4,プライム,0,1,0,1,0,0,1,0,0,0
E02576,2021-09-30,P-4,プライム,1,1,1,0,1,0,1,0,0,0
E02578,2022-03-31,P-4,プライム,1,1,1,0,0,0,1,0,0,0
E02579,2022-03-31,P-4,スタンダード,1,1,1,0,0,0,1,0,0,0
E02580,2022-03-31,P-4,プライム,1,1,1,0,0,0,1,0,0,1
E02585,2021-11-30,P-4,プライム,1,1,1,1,0,1,1,0,0,0
E02588,2022-03-31,P-4,スタンダード,1,1,1,0,0,0,1,0,0,0
E02610,2022-03-31,P-4,スタンダード,1,1,1,0,0,0,0,0,0,0
E02611,2022-03-31,P-4,プライム,1,1,1,0,0,0,1,1,0,1
E02616,2022-03-31,P-4,スタンダード,1,1,0,0,0,0,1,0,0,0
E02618,2022-02-28,P-4,プライム,1,1,1,1,1,1,1,0,0,1
E02632,2022-03-31,P-4,プライム,1,1,0,1,0,0,1,0,0,0
E02635,2022-03-31,P-4,プライム,1,1,1,0,0,0,1,0,0,0
E02639,2022-03-31,P-4,スタンダード,1,1,1,0,0,0,0,0,0,0
E02640,2022-03-31,P-4,プライム,1,1,1,0,0,0,1,0,0,0
E02643,2022-03-31,P-4,プライム,1,1,1,0,0,0,1,1,0,0
E02644,2021-12-31,P-4,プライム,0,1,0,0,0,0,1,0,0,0
E02645,2022-03-31,P-4,スタンダード,0,1,1,0,0,0,1,0,0,0
E02647,2022-03-31,P-4,スタンダード,1,1,1,0,0,0,1,0,0,0
E02652,2022-03-31,P-4,プライム,1,1,1,1,0,0,1,1,1,0
E02656,2022-03-31,P-4,プライム,1,1,0,0,0,0,1,0,0,1
E02663,2022-03-31,P-4,プライム,1,0,1,0,0,0,0,0,0,1
E02664,2022-03-31,P-4,プライム,1,1,1,0,0,0,0,0,0,0
E02665,2022-01-31,P-4,プライム,1,1,1,0,0,0,0,0,0,0
E02666,2022-03-31,P-4,スタンダード,0,1,1,0,0,0,1,0,0,0
E02671,2022-03-31,P-4,プライム,1,1,1,1,0,0,1,0,0,0
E02672,2021-09-30,P-4,プライム,1,1,1,0,0,0,1,0,0,0
E02673,2022-03-31,P-4,スタンダード,1,1,1,0,0,0,0,0,0,0
E02675,2022-03-31,P-4,プライム,1,1,1,0,0,0,1,0,0,0
E02676,2022-03-31,P-4,プライム,1,1,1,0,0,0,1,0,0,0
E02679,2021-12-31,P-4,スタンダード,1,1,1,0,0,0,1,0,0,0
E02683,2022-03-31,P-4,スタンダード,1,1,1,0,0,0,1,1,0,0
E02685,2022-01-31,P-4,プライム,1,1,1,0,0,0,0,0,0,0
E02686,2022-03-31,P-4,プライム,1,1,1,0,0,0,0,0,0,0
E02688,2022-03-31,P-4,プライム,1,0,1,1,1,0,1,0,0,0
E02691,2022-03-31,P-4,プライム,1,1,0,0,0,0,1,0,0,0
E02692,2022-03-31,P-4,スタンダード,1,1,0,0,0,0,0,1,0,0
E02693,2022-03-31,P-4,スタンダード,0,1,1,0,0,0,1,0,0,0
E02695,2022-03-20,P-4,スタンダード,1,1,1,0,0,0,0,0,0,0
E02696,2022-03-31,P-4,スタンダード,1,1,0,0,0,0,1,0,0,0
E02701,2021-12-31,P-4,プライム,1,1,0,0,0,0,1,0,1,0
E02703,2021-11-30,P-4,プライム,0,1,0,0,0,1,1,0,0,0
E02712,2022-03-31,P-4,スタンダード,1,1,1,0,0,0,0,0,0,0
E02713,2022-03-31,P-4,スタンダード,1,1,1,1,0,0,1,0,0,0
E02714,2022-03-31,P-4,スタンダード,0,1,1,0,0,0,0,0,0,0
E02718,2022-03-31,P-4,スタンダード,1,1,1,0,0,0,0,0,0,0
E02724,2022-03-31,P-4,プライム,1,1,1,1,0,0,1,0,0,1
E02727,2022-03-31,P-4,スタンダード,1,1,1,0,0,0,1,0,0,0
E02728,2022-03-31,P-4,スタンダード,1,1,1,0,0,0,0,0,0,0
E02729,2022-03-31,P-4,プライム,1,1,1,0,0,0,1,1,0,1
E02732,2022-03-31,P-4,スタンダード,1,1,1,0,0,0,0,0,0,0
E02739,2022-03-31,P-4,スタンダード,1,1,1,0,0,0,1,0,0,0
E02742,2021-10-31,P-4,プライム,1,1,1,0,0,0,1,0,0,0
E02745,2022-03-31,P-4,プライム,1,1,1,0,0,0,1,0,0,0
E02747,2022-03-31,P-4,スタンダード,1,1,1,0,0,0,1,0,0,0
E02752,2022-03-31,P-4,スタンダード,1,1,1,0,0,0,0,0,0,0
E02753,2022-03-20,P-4,スタンダード,1,1,1,0,0,0,1,0,1,0
E02761,2022-03-31,P-4,プライム,1,1,0,0,0,0,1,0,0,0
E02767,2022-03-31,P-4,プライム,1,1,1,0,1,1,1,0,0,0
E02769,2022-03-31,P-4,プライム,1,1,1,0,0,0,0,0,0,0
E02770,2022-03-31,P-4,プライム,1,1,0,0,0,0,1,0,0,0
E02772,2022-03-31,P-4,スタンダード,1,1,1,0,0,0,0,0,0,0
E02773,2022-03-31,P-4,スタンダード,1,1,0,1,0,0,1,0,0,0
E02774,2021-11-30,P-4,スタンダード,1,1,1,0,0,0,1,0,0,0
E02778,2022-03-31,P-4,プライム,1,1,0,0,0,0,1,0,1,1
E02779,2022-03-31,P-4,スタンダード,0,1,1,0,0,0,0,0,0,0
E02780,2022-03-31,P-4,プライム,1,1,1,1,0,0,0,0,0,1
E02782,2022-03-31,P-4,プライム,1,1,1,0,0,0,1,0,0,0
E02785,2022-03-31,P-4,プライム,1,0,1,1,0,0,0,0,0,0
E02786,2022-03-31,P-4,スタンダード,1,1,1,0,0,0,1,0,0,0
E02791,2022-03-31,P-4,スタンダード,1,1,1,0,0,0,1,0,0,0
E02792,2022-03-31,P-4,スタンダード,0,1,1,0,0,0,1,0,0,0
E02793,2021-05-31,P-4,プライム,1,1,1,0,0,0,1,0,0,0
E02794,2021-12-20,P-4,スタンダード,1,1,1,0,0,0,0,0,0,0
E02797,2021-12-31,P-4,スタンダード,0,1,1,0,0,0,1,0,0,0
E02800,2021-12-31,P-4,スタンダード,1,1,0,0,0,0,1,0,0,0
E02802,2022-03-31,P-4,プライム,1,1,1,1,0,0,1,0,0,0
E02803,2021-05-31,P-4,スタンダード,0,1,1,0,0,0,0,0,0,0
E02804,2022-03-31,P-4,プライム,0,1,1,0,0,0,1,0,0,0
E02806,2022-03-31,P-4,スタンダード,1,1,1,0,0,0,0,0,0,0
E02812,2022-03-31,P-4,プライム,1,1,0,0,0,0,0,0,0,0
E02818,2022-03-31,P-4,スタンダード,1,1,0,0,0,0,1,0,0,0
E02824,2022-03-31,P-4,プライム,0,1,1,1,0,0,0,0,1,1
E02825,2022-03-31,P-4,スタンダード,1,1,0,0,0,0,1,0,0,0
E02828,2022-03-31,P-4,プライム,1,1,1,0,0,0,1,0,0,0
E02833,2022-03-31,P-4,スタンダード,0,1,1,0,0,0,0,0,0,0
E02835,2022-03-31,P-4,プライム,1,1,1,0,0,0,1,0,0,0
E02837,2022-03-31,P-4,スタンダード,0,1,0,1,0,0,1,0,0,0
E02838,2022-03-31,P-4,スタンダード,1,1,1,0,0,0,1,0,0,0
E02839,2022-03-31,P-4,プライム,0,1,0,0,0,0,1,0,0,1
E02840,2022-03-31,P-4,プライム,1,1,0,0,0,0,1,0,0,0
E02845,2022-03-31,P-4,スタンダード,0,1,0,0,0,0,1,0,0,0
E02847,2021-06-30,P-4,スタンダード,0,1,1,0,0,0,0,0,0,0
E02850,2022-03-31,P-4,プライム,1,1,0,0,0,0,1,0,0,0
E02851,2022-03-31,P-4,プライム,0,1,0,0,0,0,1,0,0,0
E02856,2022-03-31,P-4,プライム,1,1,0,0,0,0,0,0,0,0
E02864,2022-03-31,P-4,プライム,1,1,1,0,0,0,1,0,0,0
E02869,2022-03-31,P-4,プライム,1,1,1,1,0,0,0,0,0,0
E02875,2022-03-31,P-4,スタンダード,0,1,1,0,0,0,0,0,0,0
E02876,2022-03-31,P-4,スタンダード,0,1,1,0,0,0,0,0,0,0
E02881,2022-03-31,P-4,プライム,1,1,0,0,0,0,1,0,0,0
E02882,2022-01-20,P-4,スタンダード,1,0,1,1,0,0,0,0,0,0
E02894,2022-03-31,P-4,プライム,1,1,1,0,0,0,0,0,0,0
E02895,2022-03-31,P-4,スタンダード,1,1,1,0,0,0,0,0,0,0
E02896,2021-08-31,P-4,プライム,1,1,1,0,0,0,0,0,0,0
E02898,2021-12-31,P-4,プライム,0,1,1,1,0,0,1,1,0,0
E02900,2021-12-31,P-4,プライム,1,1,0,1,0,0,0,0,0,0
E02903,2022-02-28,P-4,スタンダード,1,1,0,0,0,0,0,0,0,0
E02905,2022-03-31,P-4,プライム,1,1,1,0,0,0,1,1,0,0
E02909,2022-03-31,P-4,プライム,1,1,1,0,0,0,1,0,0,0
E02910,2022-03-31,P-4,スタンダード,1,1,1,0,0,0,0,0,0,0
E02927,2022-03-31,P-4,プライム,1,1,1,1,0,0,0,0,0,0
E02928,2021-06-30,P-4,スタンダード,1,1,0,0,0,0,1,0,0,0
E02931,2022-03-31,P-4,プライム,1,1,0,0,0,0,1,1,0,0
E02932,2021-12-31,P-4,スタンダード,1,1,1,0,0,0,1,0,0,0
E02934,2021-12-31,P-4,スタンダード,0,1,1,0,0,0,1,0,0,0
E02941,2022-03-31,P-4,プライム,1,1,1,0,0,0,1,0,0,0
E02946,2022-03-31,P-4,プライム,1,1,1,0,0,0,1,0,0,0
E02947,2022-03-31,P-4,プライム,1,1,1,0,0,0,1,0,0,0
E02955,2022-03-31,P-4,プライム,1,1,1,1,0,0,1,0,0,1
E02956,2021-05-20,P-4,スタンダード,1,1,1,1,0,0,0,0,0,0
E02958,2022-03-31,P-4,プライム,1,1,1,1,0,0,1,1,1,1
E02961,2021-12-31,P-4,スタンダード,0,1,1,1,0,0,0,0,0,0
E02962,2022-03-31,P-4,プライム,1,1,1,1,0,0,1,0,0,0
E02966,2022-03-31,P-4,スタンダード,1,1,1,0,0,0,1,0,0,0
E02967,2022-01-31,P-4,スタンダード,1,1,0,0,0,0,0,0,0,0
E02968,2021-05-31,P-4,スタンダード,1,1,1,0,0,0,0,1,0,0
E02979,2021-12-31,P-4,スタンダード,1,1,0,0,0,0,1,1,0,0
E02980,2022-03-31,P-4,スタンダード,1,1,1,1,0,0,1,0,0,0
E02986,2022-03-31,P-4,スタンダード,1,1,1,0,0,0,0,0,0,0
E02988,2021-11-30,P-4,スタンダード,1,1,0,0,0,0,1,1,0,0
E02991,2021-12-31,P-4,スタンダード,1,1,1,1,0,0,1,0,0,0
E02992,2022-03-31,P-4,プライム,1,1,1,0,0,0,1,0,0,0
E02994,2022-03-31,P-4,スタンダード,1,1,0,0,0,0,1,0,0,0
E02997,2022-03-31,P-4,スタンダード,1,1,1,0,0,0,1,0,0,0
E02998,2022-03-31,P-4,プライム,1,1,1,1,1,0,1,0,0,0
E03005,2022-03-31,P-4,スタンダード,0,1,1,1,0,0,1,0,0,0
E03006,2021-06-30,P-4,プライム,1,1,1,0,0,0,0,0,1,0
E03013,2022-02-28,P-4,プライム,1,1,1,0,0,0,1,0,0,0
E03017,2022-02-28,P-4,プライム,1,1,0,0,0,0,1,0,0,0
E03020,2022-03-31,P-4,プライム,1,1,1,1,0,0,1,0,0,0
E03021,2022-02-28,P-4,スタンダード,1,1,1,0,0,0,1,0,0,0
E03032,2022-02-28,P-4,スタンダード,1,1,1,1,0,0,1,0,0,0
E03036,2022-03-31,P-4,プライム,0,1,1,1,0,0,1,0,0,0
E03040,2022-03-31,P-4,プライム,1,0,1,1,0,0,1,1,1,1
E03041,2022-03-31,P-4,プライム,1,1,1,0,0,0,1,0,0,0
E03044,2022-02-28,P-4,スタンダード,1,0,0,1,0,0,0,0,0,1
E03051,2022-03-31,P-4,プライム,0,1,1,0,0,0,1,1,0,0
E03052,2022-03-31,P-4,プライム,1,1,1,0,0,0,1,0,0,0
E03061,2022-02-28,P-4,プライム,0,1,0,0,0,0,1,0,0,0
E03064,2022-03-31,P-4,プライム,1,1,0,0,0,0,1,1,0,0
E03068,2022-02-28,P-4,プライム,1,1,1,0,0,0,1,0,0,0
E03071,2022-03-31,P-4,プライム,1,1,1,1,0,0,1,0,0,0
E03076,2022-03-31,P-4,スタンダード,0,1,1,0,0,0,1,0,0,0
E03081,2022-02-20,P-4,プライム,1,1,0,0,0,0,0,0,0,0
E03083,2022-02-28,P-4,プライム,1,1,0,1,0,0,0,0,0,0
E03087,2022-02-28,P-4,スタンダード,1,1,1,0,0,0,0,1,0,0
E03090,2022-03-31,P-4,プライム,1,1,0,0,0,0,1,0,0,0
E03092,2021-12-31,P-4,スタンダード,1,1,1,1,0,0,0,1,0,0
E03094,2022-02-28,P-4,プライム,1,1,1,0,1,0,1,0,0,0
E03096,2022-02-28,P-4,プライム,1,1,1,1,0,0,1,0,0,0
E03099,2022-02-28,P-4,プライム,1,0,1,1,0,0,0,0,0,0
E03103,2022-02-28,P-4,プライム,1,1,1,1,0,0,1,0,0,0
E03116,2022-03-31,P-4,プライム,1,1,1,1,0,0,0,0,1,0
E03117,2022-03-31,P-4,スタンダード,1,1,1,0,0,0,1,0,0,0
E03119,2022-02-20,P-4,プライム,1,1,1,1,0,0,1,0,0,0
E03120,2022-03-31,P-4,プライム,1,1,1,1,0,0,1,0,0,0
E03121,2022-03-31,P-4,プライム,1,1,1,0,0,0,1,0,0,0
E03124,2022-03-31,P-4,プライム,1,1,0,0,0,0,1,0,0,0
E03126,2022-03-31,P-4,プライム,1,1,1,0,0,0,1,0,0,0
E03127,2022-03-31,P-4,プライム,1,1,1,1,0,0,0,0,0,0
E03128,2022-03-31,P-4,プライム,1,1,1,0,0,0,1,0,0,0
E03133,2022-03-31,P-4,プライム,1,1,1,0,0,0,1,0,1,0
E03134,2022-03-31,P-4,スタンダード,1,1,1,0,0,0,0,0,0,0
E03138,2022-03-31,P-4,プライム,1,1,1,1,0,0,1,0,0,0
E03144,2022-02-20,P-4,プライム,0,1,0,0,0,0,1,0,0,0
E03145,2022-03-31,P-4,プライム,0,1,1,0,1,0,0,0,0,0
E03153,2022-02-28,P-4,プライム,1,1,0,0,0,1,0,0,0,0
E03157,2022-03-31,P-4,スタンダード,1,1,0,0,0,0,1,0,0,0
E03163,2022-02-28,P-4,スタンダード,0,1,1,0,0,0,1,1,0,0
E03164,2022-03-31,P-4,プライム,0,1,1,0,0,0,1,0,0,0
E03166,2022-03-31,P-4,スタンダード,1,1,1,0,0,0,0,1,0,0
E03173,2021-09-30,P-4,スタンダード,1,1,0,0,0,0,0,0,0,0
E03178,2022-03-31,P-4,プライム,1,1,0,0,0,0,1,0,0,0
E03188,2022-02-28,P-4,プライム,1,1,1,0,0,0,1,0,0,0
E03200,2022-02-28,P-4,プライム,1,1,1,0,0,0,1,0,0,0
E03208,2022-03-31,P-4,スタンダード,1,1,1,0,0,0,0,0,0,0
E03213,2022-03-31,P-4,スタンダード,1,1,1,0,0,0,0,0,0,0
E03216,2022-02-28,P-4,プライム,0,0,1,1,0,0,0,0,0,0
E03217,2021-08-31,P-4,プライム,0,1,1,1,0,0,1,0,0,0
E03220,2022-02-28,P-4,スタンダード,0,1,1,1,0,0,0,0,0,0
E03221,2021-08-31,P-4,スタンダード,1,1,1,0,0,0,0,0,0,0
E03225,2022-03-31,P-4,プライム,1,1,1,0,0,0,0,0,0,0
E03226,2022-03-31,P-4,プライム,0,1,0,0,0,0,1,1,0,0
E03233,2022-03-31,P-4,スタンダード,1,1,1,0,0,0,0,0,0,0
E03240,2021-08-31,P-4,スタンダード,1,1,1,0,0,0,1,0,0,0
E03249,2022-03-31,P-4,スタンダード,1,1,0,0,0,0,1,0,0,0
E03251,2022-03-31,P-4,スタンダード,0,0,1,1,0,0,0,0,0,0
E03266,2022-03-31,P-4,スタンダード,1,1,1,1,0,0,1,0,0,0
E03267,2022-03-31,P-4,プライム,1,1,1,0,0,0,0,0,0,0
E03268,2022-02-28,P-4,スタンダード,1,1,1,0,0,0,1,0,0,0
E03270,2021-08-31,P-4,プライム,1,1,0,0,0,0,1,0,0,0
E03271,2021-08-31,P-4,スタンダード,1,1,1,0,0,0,1,0,0,0
E03273,2022-02-28,P-4,プライム,1,1,1,0,0,0,0,0,1,0
E03274,2022-02-28,P-4,プライム,0,0,1,1,0,0,1,0,0,0
E03275,2022-03-31,P-4,プライム,0,1,1,0,0,0,0,0,0,0
E03276,2022-03-31,P-4,スタンダード,1,1,1,0,0,0,0,0,0,0
E03283,2022-02-28,P-4,プライム,0,1,1,0,0,0,0,0,0,0
E03289,2022-03-31,P-4,スタンダード,1,1,1,0,0,0,1,0,1,0
E03291,2022-03-31,P-4,プライム,1,1,1,1,0,0,1,0,0,0
E03294,2022-03-31,P-4,スタンダード,0,1,0,0,0,0,1,0,0,0
E03295,2022-03-31,P-4,スタンダード,0,1,1,0,0,0,0,0,0,0
E03296,2022-03-31,P-4,スタンダード,1,1,1,1,0,0,0,0,0,0
E03299,2022-03-31,P-4,スタンダード,0,1,0,1,0,0,1,0,0,0
E03305,2021-08-31,P-4,プライム,0,1,0,0,0,0,1,0,0,0
E03310,2022-03-31,P-4,プライム,1,1,1,0,0,0,1,0,0,0
E03316,2022-03-31,P-4,プライム,1,1,1,1,0,0,1,0,0,0
E03318,2022-02-28,P-4,プライム,0,1,1,0,0,0,0,0,0,0
E03319,2022-02-28,P-4,スタンダード,1,1,0,0,0,0,0,0,0,0
E03323,2022-03-31,P-4,プライム,0,1,1,1,0,0,1,0,0,0
E03329,2022-02-28,P-4,プライム,1,1,0,0,0,0,0,0,0,0
E03331,2021-06-30,P-4,スタンダード,0,1,1,0,0,0,0,0,1,0
E03332,2022-03-31,P-4,プライム,1,1,0,0,0,0,0,0,0,1
E03343,2021-09-20,P-4,スタンダード,0,0,1,1,0,0,0,0,0,0
E03344,2022-02-28,P-4,プライム,1,1,0,0,0,0,1,0,0,0
E03345,2022-02-28,P-4,プライム,0,0,1,0,0,0,1,1,1,1
E03349,2022-02-28,P-4,スタンダード,1,1,0,0,0,0,0,0,0,0
E03352,2022-02-28,P-4,プライム,0,1,1,0,0,0,0,0,0,0
E03356,2022-03-15,P-4,プライム,1,1,1,0,0,0,0,1,0,0
E03358,2022-02-28,P-4,スタンダード,1,1,0,0,0,0,0,0,0,0
E03361,2022-03-31,P-4,プライム,1,1,1,0,0,0,1,0,0,0
E03363,2021-05-20,P-4,プライム,1,0,1,0,0,1,0,0,0,0
E03366,2021-12-31,P-4,スタンダード,1,1,1,0,0,0,1,0,0,0
E03367,2022-03-31,P-4,プライム,0,1,1,0,0,0,0,0,0,0
E03368,2022-02-28,P-4,プライム,0,1,0,1,0,0,1,0,0,0
E03370,2022-02-28,P-4,スタンダード,1,1,1,0,0,0,0,0,1,0
E03374,2022-03-31,P-4,スタンダード,1,1,0,0,1,0,0,0,0,0
E03379,2022-03-31,P-4,プライム,1,1,0,0,0,0,0,0,0,0
E03386,2021-05-31,P-4,スタンダード,1,1,1,0,0,0,0,0,0,0
E03387,2022-02-28,P-4,プライム,1,1,1,1,0,0,0,0,0,0
E03391,2021-08-31,P-4,スタンダード,1,1,1,0,0,0,1,0,0,0
E03395,2022-02-28,P-4,プライム,1,1,1,1,0,0,0,0,0,0
E03398,2022-03-31,P-4,プライム,1,1,1,0,0,0,0,0,0,1
E03399,2022-03-31,P-4,プライム,1,1,1,0,0,0,1,0,0,0
E03401,2022-03-31,P-4,スタンダード,1,1,0,0,0,0,1,0,0,0
E03404,2021-06-30,P-4,スタンダード,1,1,1,0,0,0,1,0,0,0
E03415,2022-02-20,P-4,スタンダード,1,1,0,0,0,0,0,0,0,0
E03416,2022-03-31,P-4,スタンダード,1,1,1,0,0,0,1,0,0,0
E03424,2021-05-31,P-4,プライム,0,0,1,1,0,0,1,0,0,0
E03439,2022-02-20,P-4,プライム,0,1,1,0,0,0,0,0,0,1
E03462,2022-02-28,P-4,プライム,1,1,1,1,1,1,1,1,1,1
E03464,2021-05-15,P-4,プライム,1,1,0,0,0,0,1,0,0,0
E03467,2022-02-28,P-4,スタンダード,1,1,0,0,0,0,0,0,0,0
E03468,2022-03-31,P-4,プライム,1,1,1,0,0,0,1,0,1,0
E03470,2022-01-31,P-4,スタンダード,1,1,1,0,0,0,0,0,0,0
E03473,2022-02-28,P-4,スタンダード,0,1,1,0,0,0,0,0,0,0
E03481,2021-08-31,P-4,プライム,1,1,1,0,0,0,1,0,0,0
E03487,2022-03-31,P-4,スタンダード,1,0,1,0,0,1,0,0,0,0
E03489,2022-02-28,P-4,プライム,0,1,1,0,0,0,0,0,0,0
E03494,2022-03-31,P-4,スタンダード,0,1,1,0,0,0,1,0,0,0
E03497,2021-12-31,P-4,プライム,1,1,1,0,0,0,0,0,0,0
E03506,2022-01-31,P-4,スタンダード,0,1,1,0,0,0,1,0,0,0
E03515,2021-12-31,P-4,プライム,1,1,0,0,1,0,1,0,0,1
E03516,2022-02-28,P-4,プライム,1,1,1,1,0,0,1,1,0,0
E03518,2022-02-28,P-4,プライム,0,1,1,0,0,0,0,0,0,0
E03519,2022-03-31,P-4,プライム,1,1,1,0,0,0,0,1,0,0
E03520,2022-02-28,P-4,プライム,1,1,1,0,0,0,1,0,0,0
E03521,2022-03-31,P-4,プライム,1,1,0,0,0,0,1,0,0,0
E03524,2022-03-31,P-4,スタンダード,1,1,1,0,0,0,0,0,0,0
E03528,2021-06-30,P-4,プライム,1,1,1,0,0,0,0,0,0,0
E03531,2022-03-31,P-4,プライム,0,1,1,1,0,0,1,1,0,0
E03543,2022-03-31,P-4,プライム,1,1,1,0,0,0,0,0,0,0
E03544,2022-03-31,P-4,スタンダード,1,1,1,0,0,0,1,0,0,0
E03545,2022-03-31,P-4,プライム,1,1,1,1,0,0,0,0,0,0
E03546,2022-03-31,P-4,プライム,1,1,1,0,0,0,0,0,0,0
E03549,2022-03-31,P-4,プライム,1,1,1,0,1,1,1,0,0,0
E03550,2022-03-31,P-4,プライム,1,1,1,0,1,0,1,0,0,0
E03552,2022-03-31,P-4,プライム,1,1,1,0,1,0,1,0,0,0
E03554,2022-03-31,P-4,プライム,1,1,1,0,1,0,1,1,0,1
E03555,2022-03-31,P-4,プライム,1,1,0,0,0,0,1,0,0,0
E03556,2022-03-31,P-4,プライム,1,1,1,0,0,0,1,0,0,0
E03557,2022-03-31,P-4,プライム,1,1,1,0,0,0,0,0,0,0
E03562,2022-03-31,P-4,プライム,1,1,1,0,0,0,1,0,0,0
E03563,2022-03-31,P-4,プライム,1,1,1,0,0,0,1,0,0,0
E03565,2022-03-31,P-4,スタンダード,0,1,1,0,1,0,1,0,0,0
E03567,2022-03-31,P-4,プライム,1,1,1,0,0,0,0,0,0,0
E03568,2022-03-31,P-4,プライム,1,1,1,0,0,0,1,0,0,0
E03570,2022-03-31,P-4,プライム,1,1,1,0,0,0,1,0,0,0
E03571,2022-03-31,P-4,プライム,1,1,1,1,0,0,1,0,0,0
E03572,2022-03-31,P-4,プライム,0,1,1,0,1,0,1,0,0,0
E03574,2022-03-31,P-4,プライム,1,1,1,0,0,0,1,0,0,0
E03575,2022-03-31,P-4,プライム,1,1,1,0,0,0,1,0,0,0
E03581,2022-03-31,P-4,プライム,1,1,1,1,0,0,1,0,0,0
E03582,2022-03-31,P-4,スタンダード,0,1,0,0,1,0,1,0,0,0
E03583,2022-03-31,P-4,プライム,1,1,1,0,0,0,1,0,0,0
E03584,2022-03-31,P-4,プライム,0,1,0,0,1,0,1,0,0,0
E03587,2022-03-31,P-4,プライム,1,1,1,0,1,1,1,0,0,0
E03588,2022-03-31,P-4,プライム,1,1,1,0,0,0,1,0,0,0
E03589,2022-03-31,P-4,プライム,1,1,1,0,0,1,1,1,0,0
E03590,2022-03-31,P-4,プライム,1,1,1,0,0,0,1,0,0,0
E03597,2022-03-31,P-4,プライム,0,1,0,0,0,0,1,0,0,0
E03602,2022-03-31,P-4,プライム,1,0,1,1,0,0,1,0,0,1
E03606,2022-03-31,P-4,プライム,1,1,1,1,0,0,1,1,0,0
E03610,2022-03-31,P-4,プライム,1,1,1,1,0,0,1,1,0,1
E03611,2022-03-31,P-4,プライム,1,1,1,1,0,0,1,1,0,0
E03614,2022-03-31,P-4,プライム,0,1,0,0,0,0,1,1,0,1
E03615,2022-03-31,P-4,プライム,1,1,1,1,0,0,1,1,0,0
E03622,2022-03-31,P-4,プライム,1,1,1,0,0,0,1,0,0,0
E03623,2022-03-31,P-4,プライム,1,1,1,0,0,0,1,0,0,0
E03624,2022-03-31,P-4,プライム,1,1,1,0,0,0,1,0,0,0
E03632,2022-03-31,P-4,プライム,1,1,1,0,0,0,1,0,0,0
E03639,2022-03-31,P-4,プライム,1,1,1,0,1,0,1,0,0,0
E03641,2022-03-31,P-4,プライム,1,1,1,1,0,1,1,0,0,0
E03645,2022-03-31,P-4,スタンダード,1,1,1,0,1,0,1,0,0,0
E03651,2022-03-31,P-4,プライム,1,1,1,0,0,1,1,0,0,0
E03664,2022-03-31,P-4,スタンダード,0,1,0,0,0,0,1,0,0,0
E03674,2022-03-31,P-4,スタンダード,1,1,0,0,1,0,1,0,0,0
E03679,2022-03-31,P-4,スタンダード,1,1,1,0,1,0,1,0,0,0
E03684,2022-03-31,P-4,スタンダード,1,1,1,0,0,0,1,0,0,0
E03688,2022-03-31,P-4,プライム,1,1,1,0,0,0,1,0,1,0
E03693,2022-03-31,P-4,スタンダード,1,1,1,0,0,0,1,0,0,0
E03716,2022-03-31,P-4,スタンダード,0,1,1,0,0,0,0,0,0,0
E03721,2022-03-31,P-4,プライム,0,1,1,1,0,0,1,0,0,0
E03727,2022-03-31,P-4,スタンダード,1,1,0,0,0,0,0,1,0,0
E03739,2022-03-31,P-4,スタンダード,0,1,1,0,0,0,0,0,0,0
E03747,2022-03-31,P-4,スタンダード,1,1,1,0,0,0,0,0,0,0
E03752,2022-03-31,P-4,プライム,0,0,1,1,0,0,1,1,0,0
E03753,2022-03-31,P-4,プライム,1,0,1,1,0,0,1,0,0,0
E03756,2022-03-31,P-4,プライム,0,1,1,0,0,0,1,0,0,0
E03762,2022-03-31,P-4,プライム,1,1,1,1,0,0,1,0,0,0
E03763,2022-03-31,P-4,プライム,0,1,0,0,0,0,1,0,0,0
E03764,2022-03-31,P-4,プライム,1,0,1,1,0,0,1,0,0,0
E03768,2022-03-31,P-4,プライム,1,1,0,0,0,0,1,0,0,1
E03772,2022-03-31,P-4,プライム,0,1,1,1,0,0,0,0,0,0
E03784,2022-03-31,P-4,プライム,1,1,1,0,0,0,1,0,0,0
E03788,2022-03-31,P-4,プライム,0,1,1,1,0,0,1,0,0,0
E03801,2022-03-31,P-4,スタンダード,1,1,0,0,1,0,0,0,1,0
E03814,2022-03-31,P-4,プライム,1,1,1,1,0,0,1,1,0,1
E03815,2022-03-31,P-4,プライム,1,1,1,0,0,0,0,0,0,0
E03847,2022-03-31,P-4,プライム,1,0,1,1,1,1,1,1,0,0
E03851,2022-03-31,P-4,プライム,1,0,1,1,0,0,1,1,0,1
E03854,2022-03-31,P-4,プライム,1,1,1,1,0,0,1,1,0,0
E03855,2022-03-31,P-4,プライム,1,1,1,1,0,0,1,1,0,0
E03856,2022-03-31,P-4,プライム,1,1,1,1,0,1,1,1,1,1
E03858,2022-03-31,P-4,プライム,1,1,1,0,0,0,1,1,1,1
E03859,2021-12-31,P-4,プライム,1,1,1,0,1,0,1,0,0,0
E03863,2022-03-31,P-4,プライム,1,1,1,0,1,0,1,0,0,0
E03867,2022-03-31,P-4,プライム,1,1,1,0,1,0,1,0,0,0
E03907,2022-03-31,P-4,プライム,1,1,1,0,0,0,1,0,0,0
E03938,2022-03-31,P-4,スタンダード,1,1,1,0,0,0,1,0,0,0
E03953,2022-03-31,P-4,プライム,1,1,1,0,0,0,1,0,0,0
E03958,2022-03-31,P-4,スタンダード,1,1,1,0,0,0,1,0,0,0
E03967,2022-03-31,P-4,スタンダード,0,1,0,0,0,0,1,0,0,0
E03969,2022-03-31,P-4,プライム,1,1,1,0,0,0,1,0,0,0
E03988,2021-05-31,P-4,スタンダード,1,1,1,0,0,0,0,0,0,0
E03992,2021-12-31,P-4,プライム,1,1,1,0,0,0,1,0,0,1
E04001,2022-03-31,P-4,スタンダード,1,1,1,0,0,0,0,0,0,0
E04002,2022-02-28,P-4,プライム,1,1,1,0,0,0,1,0,0,0
E04011,2021-12-31,P-4,スタンダード,0,1,1,0,0,0,1,0,0,0
E04013,2021-10-31,P-4,スタンダード,0,1,1,1,0,0,0,0,0,0
E04018,2022-03-31,P-4,スタンダード,0,1,1,1,0,0,0,0,0,0
E04021,2021-11-30,P-4,プライム,1,1,1,1,0,0,1,0,0,0
E04025,2021-06-30,P-4,スタンダード,1,0,1,0,0,0,1,1,0,0
E04031,2022-03-31,P-4,プライム,1,1,1,0,0,0,1,0,0,0
E04036,2021-05-31,P-4,スタンダード,0,1,1,0,0,0,1,0,0,0
E04044,2022-03-31,P-4,プライム,1,1,1,0,0,0,1,0,0,0
E04059,2021-08-31,P-4,プライム,1,1,1,0,0,0,1,0,0,0
E04060,2022-03-31,P-4,プライム,1,1,1,1,0,0,1,1,0,0
E04072,2021-09-30,P-4,プライム,1,1,1,1,0,0,0,0,0,0
E04074,2021-11-30,P-4,プライム,1,1,1,0,0,0,1,0,0,0
E04075,2022-01-31,P-4,スタンダード,1,1,0,0,0,0,0,0,0,0
E04088,2022-03-31,P-4,プライム,0,1,0,1,1,1,1,0,0,1
E04089,2022-03-31,P-4,プライム,0,1,0,0,0,1,1,0,0,0
E04092,2022-03-31,P-4,プライム,1,1,1,0,1,0,1,0,0,0
E04093,2022-03-31,P-4,プライム,1,1,1,0,0,0,1,0,0,0
E04094,2022-03-31,P-4,プライム,1,1,0,1,0,0,1,0,0,0
E04097,2022-03-31,P-4,プライム,1,1,1,0,1,0,1,0,0,0
E04102,2022-03-31,P-4,プライム,1,1,1,0,1,0,0,0,0,0
E04103,2022-03-31,P-4,プライム,1,1,1,0,1,0,1,0,0,0
E04105,2022-03-31,P-4,プライム,1,1,1,0,1,0,0,0,0,0
E04106,2022-03-31,P-4,プライム,1,1,0,0,1,0,1,0,0,0
E04108,2022-03-31,P-4,スタンダード,1,1,0,0,0,0,1,0,0,0
E04109,2022-03-31,P-4,スタンダード,0,1,0,0,0,0,1,0,0,0
E04110,2022-03-31,P-4,プライム,1,1,1,1,1,1,1,0,0,0
E04111,2022-03-31,P-4,プライム,0,1,0,1,0,0,1,0,0,1
E04125,2022-03-31,P-4,プライム,1,1,0,0,0,0,1,0,0,0
E04147,2022-03-31,P-4,プライム,1,1,1,0,1,0,1,0,0,0
E04148,2022-03-31,P-4,プライム,0,1,0,0,0,0,1,0,0,0
E04149,2022-03-31,P-4,プライム,0,1,0,0,0,0,1,0,0,0
E04154,2022-03-31,P-4,プライム,1,1,1,1,1,1,1,1,0,0
E04158,2022-03-31,P-4,プライム,0,1,1,1,1,0,1,0,0,0
E04160,2022-03-31,P-4,スタンダード,1,1,0,0,0,0,1,0,0,0
E04179,2022-03-31,P-4,プライム,1,1,1,1,0,0,1,0,0,0
E04182,2022-03-31,P-4,スタンダード,0,1,0,0,0,0,1,0,0,0
E04187,2022-03-31,P-4,プライム,1,1,1,0,0,0,1,0,0,0
E04191,2022-03-31,P-4,プライム,0,1,0,0,0,0,1,0,0,0
E04194,2022-03-31,P-4,スタンダード,1,1,1,1,0,0,0,0,0,0
E04195,2022-03-31,P-4,スタンダード,0,1,1,0,0,0,0,0,0,0
E04199,2022-03-31,P-4,スタンダード,1,1,1,1,0,0,1,0,0,0
E04208,2022-03-31,P-4,プライム,1,1,1,0,0,0,1,0,0,0
E04209,2022-03-31,P-4,スタンダード,1,1,1,0,0,0,1,0,0,0
E04211,2022-03-31,P-4,プライム,1,1,1,1,0,0,1,0,0,0
E04213,2021-11-30,P-4,スタンダード,1,1,1,0,0,0,0,0,0,0
E04218,2022-03-31,P-4,プライム,0,1,1,0,0,0,0,0,0,0
E04223,2022-03-31,P-4,スタンダード,0,1,0,0,0,0,1,0,0,0
E04224,2021-12-31,P-4,プライム,0,1,1,0,0,0,0,0,0,0
E04228,2022-03-31,P-4,スタンダード,1,1,1,0,0,0,1,0,0,0
E04230,2021-06-30,P-4,スタンダード,1,1,1,0,0,0,1,0,0,0
E04233,2022-03-31,P-4,プライム,1,1,1,0,1,0,1,0,0,0
E04235,2022-03-31,P-4,プライム,1,1,1,1,0,1,1,1,0,0
E04236,2022-03-31,P-4,プライム,1,1,0,1,0,0,1,0,0,1
E04237,2022-03-31,P-4,プライム,1,1,1,0,0,0,1,0,0,1
E04239,2022-03-31,P-4,プライム,1,1,1,1,0,0,1,0,0,1
E04243,2022-03-31,P-4,プライム,0,1,0,0,0,0,1,0,0,0
E04246,2022-03-31,P-4,スタンダード,1,1,0,0,0,0,1,0,0,0
E04272,2022-03-31,P-4,プライム,1,1,1,1,1,1,1,1,1,1
E04273,2022-03-31,P-4,プライム,0,1,0,1,0,0,1,1,0,0
E04275,2021-09-30,P-4,スタンダード,1,1,1,0,0,0,1,0,0,0
E04283,2022-03-31,P-4,プライム,1,1,1,1,0,0,1,0,0,0
E04284,2022-03-31,P-4,プライム,1,1,1,0,0,0,1,0,0,0
E04285,2022-03-31,P-4,プライム,0,1,0,0,0,0,1,0,0,0
E04286,2022-03-31,P-4,プライム,1,1,0,0,0,0,1,0,0,0
E04287,2022-03-31,P-4,スタンダード,1,1,1,0,0,0,0,0,0,0
E04288,2022-03-31,P-4,スタンダード,0,1,1,0,0,0,0,0,0,0
E04290,2022-03-31,P-4,プライム,1,1,1,0,0,0,1,0,0,0
E04291,2022-03-31,P-4,プライム,1,1,1,0,1,0,1,1,0,0
E04294,2022-03-31,P-4,スタンダード,1,1,0,1,0,0,1,0,0,0
E04304,2022-03-31,P-4,プライム,1,1,1,0,0,0,1,0,0,0
E04317,2022-03-31,P-4,スタンダード,1,1,1,1,0,0,1,0,0,0
E04320,2022-03-31,P-4,プライム,1,1,1,0,0,1,1,0,0,0
E04322,2022-03-31,P-4,スタンダード,0,1,0,0,0,0,1,0,0,0
E04324,2022-03-31,P-4,プライム,0,1,1,0,0,0,0,0,0,0
E04340,2022-03-31,P-4,スタンダード,0,1,0,0,0,0,1,0,0,0
E04341,2022-03-31,P-4,プライム,1,1,1,0,0,0,1,0,0,0
E04342,2022-03-31,P-4,スタンダード,0,1,1,0,0,0,0,0,0,0
E04345,2022-03-31,P-4,プライム,1,1,1,0,0,0,1,0,0,0
E04348,2022-03-31,P-4,スタンダード,1,1,0,0,0,0,1,0,0,0
E04353,2022-03-31,P-4,スタンダード,0,1,1,0,0,0,1,0,0,0
E04357,2022-03-31,P-4,スタンダード,1,1,1,0,0,0,1,0,1,0
E04358,2021-10-31,P-4,プライム,1,1,1,0,0,0,1,0,0,0
E04375,2022-03-31,P-4,プライム,1,1,1,0,0,0,1,1,0,1
E04380,2022-03-31,P-4,プライム,1,1,0,0,0,0,1,0,0,0
E04399,2022-03-31,P-4,スタンダード,0,1,1,0,0,0,1,0,0,0
E04410,2022-03-31,P-4,プライム,1,1,1,0,0,0,1,0,0,0
E04414,2022-03-31,P-4,プライム,1,1,0,0,0,0,1,0,0,0
E04425,2022-03-31,P-4,プライム,0,1,1,0,0,0,1,0,1,1
E04426,2022-03-31,P-4,プライム,1,1,0,0,0,0,1,1,0,1
E04427,2022-03-31,P-4,プライム,1,1,1,0,0,0,0,0,0,0
E04430,2022-03-31,P-4,プライム,0,1,1,1,0,0,1,1,1,1
E04460,2022-03-31,P-4,スタンダード,1,1,1,0,0,0,0,0,0,0
E04462,2022-03-31,P-4,プライム,1,1,1,0,0,0,1,0,0,0
E04478,2022-03-31,P-4,スタンダード,1,1,1,0,0,0,1,0,0,0
E04497,2022-03-31,P-4,プライム,1,1,0,0,1,0,1,0,0,0
E04498,2022-03-31,P-4,プライム,0,1,0,0,0,0,1,0,0,0
E04499,2022-03-31,P-4,プライム,1,1,1,0,0,0,1,1,0,0
E04500,2022-03-31,P-4,プライム,1,1,1,0,0,0,1,0,0,0
E04501,2022-03-31,P-4,プライム,0,1,0,0,0,0,1,0,0,0
E04502,2022-03-31,P-4,プライム,1,1,1,0,0,0,1,0,0,0
E04503,2022-03-31,P-4,プライム,1,1,1,0,0,0,1,0,0,0
E04504,2022-03-31,P-4,プライム,0,1,0,0,0,0,1,0,0,0
E04506,2022-03-31,P-4,プライム,1,1,1,0,0,0,1,1,0,0
E04509,2022-03-31,P-4,プライム,1,1,1,0,0,0,1,0,0,0
E04510,2022-03-31,P-4,プライム,1,1,1,0,0,0,1,0,0,0
E04515,2021-12-31,P-4,スタンダード,1,1,0,0,0,0,1,0,0,0
E04516,2021-12-31,P-4,プライム,0,1,0,0,0,0,1,0,0,0
E04517,2022-03-31,P-4,プライム,1,0,1,1,0,0,1,0,0,0
E04519,2022-03-31,P-4,スタンダード,0,1,0,0,0,0,1,0,0,0
E04520,2022-03-31,P-4,プライム,0,1,1,0,0,0,1,1,0,0
E04523,2022-03-31,P-4,プライム,1,1,1,0,0,0,1,0,0,0
E04539,2022-03-31,P-4,スタンダード,0,1,0,0,0,0,1,0,0,0
E04540,2022-03-31,P-4,スタンダード,1,1,1,0,0,0,0,0,0,0
E04583,2022-02-28,P-4,プライム,1,1,1,0,0,0,1,0,0,0
E04585,2022-03-31,P-4,プライム,1,1,0,0,0,0,1,0,0,0
E04590,2022-01-31,P-4,プライム,0,0,0,0,1,1,0,0,0,0
E04593,2022-01-31,P-4,スタンダード,1,1,1,0,1,0,1,0,0,0
E04599,2022-01-31,P-4,スタンダード,1,1,0,0,0,0,0,0,0,0
E04691,2021-09-30,P-4,スタンダード,1,1,0,0,0,0,1,0,0,0
E04693,2021-12-31,P-4,スタンダード,0,1,1,0,0,0,0,0,0,0
E04760,2021-12-31,P-4,プライム,1,1,1,0,1,1,1,1,0,1
E04762,2022-03-31,P-4,プライム,1,1,1,0,0,0,1,1,0,0
E04763,2022-01-31,P-4,スタンダード,1,1,0,0,0,0,0,0,0,0
E04768,2022-03-31,P-4,プライム,1,1,1,0,0,0,1,0,0,0
E04773,2022-03-31,P-4,プライム,0,1,0,0,0,0,1,0,0,0
E04775,2022-03-31,P-4,プライム,0,1,0,0,0,0,1,0,0,0
E04777,2022-03-31,P-4,スタンダード,1,1,1,0,0,0,1,0,0,0
E04783,2021-12-31,P-4,プライム,1,1,1,0,1,0,1,0,1,0
E04788,2022-03-31,P-4,プライム,1,1,1,1,0,0,1,1,0,0
E04799,2022-02-28,P-4,プライム,1,1,1,0,0,0,0,1,0,0
E04800,2022-03-31,P-4,スタンダード,0,1,1,0,0,0,0,0,0,0
E04804,2022-03-31,P-4,プライム,1,1,1,0,0,0,0,0,0,0
E04806,2022-03-31,P-4,プライム,0,1,0,0,0,0,1,0,0,1
E04807,2021-09-30,P-4,プライム,1,1,0,1,0,1,0,0,0,0
E04815,2022-03-31,P-4,スタンダード,1,1,0,0,0,0,1,0,0,0
E04816,2021-12-31,P-4,プライム,1,1,1,1,0,0,1,0,0,0
E04817,2021-12-31,P-4,プライム,0,1,1,0,0,0,1,1,0,0
E04821,2022-03-31,P-4,スタンダード,1,1,0,0,0,0,1,0,0,0
E04822,2022-03-31,P-4,プライム,1,1,1,0,0,0,1,1,0,0
E04824,2022-03-31,P-4,スタンダード,0,1,1,0,0,0,1,0,0,0
E04826,2022-03-31,P-4,プライム,1,1,0,0,0,0,1,0,0,0
E04830,2022-03-31,P-4,プライム,1,1,1,0,0,0,1,0,0,0
E04834,2021-11-30,P-4,プライム,1,1,1,0,0,0,0,0,0,0
E04835,2022-02-28,P-4,プライム,1,1,0,0,0,0,1,0,1,0
E04837,2022-03-31,P-4,プライム,1,1,1,0,0,0,1,0,0,0
E04841,2022-03-31,P-4,スタンダード,1,1,1,0,0,0,1,0,0,0
E04846,2021-12-31,P-4,プライム,1,1,1,0,0,0,1,0,0,0
E04848,2021-09-30,P-4,プライム,1,1,1,0,1,0,1,0,0,0
E04849,2022-03-31,P-4,スタンダード,1,1,1,0,0,0,0,0,0,0
E04850,2022-03-31,P-4,スタンダード,0,1,1,0,0,0,0,0,0,0
E04855,2022-03-31,P-4,スタンダード,1,1,0,0,0,0,1,0,0,0
E04856,2022-03-31,P-4,スタンダード,0,1,1,0,0,0,1,1,0,0
E04857,2022-03-31,P-4,スタンダード,1,1,0,0,0,0,1,0,0,0
E04859,2022-03-31,P-4,プライム,1,1,1,0,0,0,1,0,0,0
E04861,2022-03-31,P-4,プライム,1,1,1,1,1,0,1,0,0,0
E04869,2022-03-31,P-4,プライム,1,1,1,0,0,0,1,1,0,0
E04873,2021-05-31,P-4,スタンダード,0,1,1,0,0,0,0,0,0,0
E04874,2022-02-28,P-4,プライム,1,1,1,0,0,0,1,0,0,0
E04877,2022-03-31,P-4,プライム,1,1,1,0,0,0,1,0,0,0
E04878,2022-03-31,P-4,プライム,1,1,1,0,0,0,1,1,0,0
E04887,2022-03-31,P-4,プライム,1,1,1,0,0,0,1,0,0,0
E04888,2021-09-30,P-4,スタンダード,1,1,1,0,0,0,0,0,0,0
E04889,2022-03-31,P-4,スタンダード,0,1,1,0,0,0,1,1,1,1
E04890,2022-03-31,P-4,スタンダード,1,1,1,0,0,0,0,0,0,0
E04894,2022-03-31,P-4,プライム,1,1,1,0,0,0,1,0,0,0
E04895,2022-03-31,P-4,プライム,0,1,1,1,0,1,1,0,0,0
E04896,2021-04-30,P-4,プライム,0,1,1,0,0,0,0,0,0,0
E04902,2021-12-31,P-4,プライム,1,1,1,0,0,0,1,0,0,0
E04903,2021-12-31,P-4,プライム,1,1,1,0,0,0,1,0,0,0
E04904,2022-03-31,P-4,プライム,1,0,1,0,0,0,1,0,0,1
E04908,2022-03-31,P-4,プライム,0,1,1,0,0,0,1,0,0,0
E04911,2022-03-31,P-4,プライム,1,1,1,1,1,0,1,1,0,0
E04912,2022-02-28,P-4,プライム,1,1,0,0,0,0,1,0,0,0
E04919,2022-03-31,P-4,プライム,1,1,1,1,0,0,1,0,0,1
E04920,2022-03-31,P-4,スタンダード,1,1,1,0,0,0,1,0,0,0
E04925,2021-09-30,P-4,プライム,1,1,1,0,0,0,0,0,0,0
E04926,2022-03-31,P-4,プライム,1,1,0,0,0,0,1,0,0,0
E04933,2022-03-31,P-4,プライム,0,1,1,0,0,0,0,0,0,0
E04934,2022-03-31,P-4,プライム,1,1,1,0,0,0,1,0,0,0
E04939,2022-03-31,P-4,プライム,1,1,1,0,0,0,0,1,0,0
E04946,2022-03-31,P-4,プライム,1,1,1,1,0,0,1,1,0,0
E04948,2022-03-31,P-4,プライム,1,1,0,0,0,0,0,0,0,0
E04950,2022-03-31,P-4,スタンダード,0,1,1,0,0,0,0,0,0,0
E04954,2021-12-31,P-4,プライム,1,1,1,0,0,0,1,0,0,0
E04966,2022-03-31,P-4,プライム,1,1,1,0,0,0,1,1,0,0
E04972,2021-06-30,P-4,スタンダード,1,1,0,0,0,0,0,0,0,0
E04973,2022-03-31,P-4,プライム,1,1,1,0,0,0,1,0,1,0
E04975,2022-03-31,P-4,スタンダード,1,1,0,1,0,0,0,0,0,0
E04976,2022-03-31,P-4,プライム,1,1,1,0,0,0,1,0,0,0
E04979,2021-10-31,P-4,プライム,1,1,0,1,0,0,1,1,0,0
E04980,2022-03-31,P-4,スタンダード,1,1,1,1,0,0,1,0,0,0
E04981,2021-08-31,P-4,プライム,1,1,1,0,0,0,1,0,0,0
E04987,2021-11-30,P-4,スタンダード,1,1,1,0,0,0,1,1,0,0
E04995,2022-03-31,P-4,スタンダード,1,1,1,1,0,0,1,0,1,0
E04996,2022-03-31,P-4,プライム,1,1,0,0,0,0,0,0,0,0
E04997,2022-03-31,P-4,プライム,1,1,1,0,0,0,1,0,0,0
E04999,2021-12-31,P-4,プライム,1,1,1,0,0,0,0,0,0,0
E05000,2022-03-31,P-4,プライム,1,0,0,0,1,1,1,1,0,0
E05006,2021-07-20,P-4,スタンダード,0,1,1,0,0,0,1,0,0,0
E05014,2022-03-31,P-4,プライム,1,1,1,0,0,0,1,1,0,1
E05017,2022-03-31,P-4,プライム,1,1,1,0,0,0,1,1,0,0
E05018,2022-03-31,P-4,プライム,0,1,1,0,0,0,0,0,0,0
E05024,2022-02-28,P-4,プライム,1,1,0,0,0,0,0,0,0,0
E05025,2022-03-31,P-4,プライム,0,1,1,0,0,0,1,0,0,0
E05027,2021-05-31,P-4,スタンダード,1,1,0,0,0,0,0,0,1,0
E05028,2022-03-31,P-4,プライム,1,1,1,1,0,0,1,0,0,0
E05029,2022-03-31,P-4,プライム,1,1,1,0,0,0,1,0,0,0
E05036,2021-12-31,P-4,プライム,1,1,1,1,0,0,1,0,0,1
E05037,2022-03-31,P-4,プライム,1,1,1,0,0,0,1,0,0,0
E05041,2021-12-31,P-4,プライム,0,1,0,0,0,0,1,1,0,0
E05042,2021-08-31,P-4,スタンダード,1,1,1,0,0,0,0,0,0,0
E05045,2022-03-31,P-4,プライム,1,1,1,1,0,0,0,1,0,1
E05048,2022-03-31,P-4,プライム,1,1,1,0,0,0,1,0,0,0
E05049,2021-09-30,P-4,プライム,1,1,1,0,0,0,1,0,0,0
E05054,2022-03-31,P-4,スタンダード,1,1,1,0,0,0,0,0,0,0
E05056,2022-03-31,P-4,プライム,1,1,1,0,0,0,1,0,0,0
E05059,2022-03-31,P-4,プライム,1,1,1,0,0,0,1,0,0,0
E05062,2022-03-31,P-4,プライム,1,1,1,0,1,0,0,0,1,0
E05066,2021-12-31,P-4,スタンダード,1,1,0,0,0,0,0,0,0,0
E05067,2022-02-28,P-4,スタンダード,1,1,1,0,0,0,0,0,0,0
E05069,2021-06-30,P-4,スタンダード,1,1,1,0,0,0,1,1,0,0
E05070,2021-04-20,P-4,スタンダード,1,1,1,0,0,0,0,0,0,0
E05072,2021-09-30,P-4,プライム,1,1,1,0,0,0,0,0,0,0
E05080,2021-12-31,P-4,プライム,1,1,0,0,1,0,1,1,0,0
E05090,2022-03-31,P-4,スタンダード,0,1,1,0,0,0,1,0,0,0
E05091,2022-03-31,P-4,スタンダード,1,1,1,0,0,0,0,0,0,0
E05099,2021-12-31,P-4,プライム,1,1,1,0,0,0,1,0,0,0
E05100,2021-06-30,P-4,スタンダード,1,1,0,0,0,0,0,0,0,0
E05101,2021-09-30,P-4,スタンダード,0,1,1,0,0,0,0,0,0,0
E05106,2022-03-31,P-4,スタンダード,1,1,1,0,0,0,0,0,0,0
E05120,2022-03-31,P-4,スタンダード,1,1,1,0,0,0,1,0,0,0
E05123,2021-12-31,P-4,プライム,0,1,0,0,0,0,1,1,0,0
E05145,2022-03-31,P-4,プライム,1,1,0,0,0,0,0,0,0,0
E05147,2021-12-31,P-4,プライム,1,1,1,1,0,0,1,0,0,0
E05149,2021-12-31,P-4,プライム,1,1,0,0,0,1,0,0,0,0
E05153,2022-03-31,P-4,プライム,1,1,1,0,0,0,1,0,0,0
E05162,2021-05-31,P-4,プライム,0,1,1,0,0,0,1,0,0,0
E05168,2022-01-31,P-4,プライム,1,1,0,0,0,0,1,0,0,1
E05169,2021-05-31,P-4,スタンダード,0,1,1,0,0,0,0,0,0,0
E05173,2022-03-31,P-4,スタンダード,1,1,1,0,0,0,1,0,0,0
E05174,2021-09-30,P-4,スタンダード,1,1,0,0,0,0,0,0,0,0
E05182,2021-12-31,P-4,プライム,1,1,1,0,0,0,1,0,0,0
E05183,2021-12-31,P-4,スタンダード,1,1,0,0,0,0,0,0,0,0
E05187,2021-06-30,P-4,スタンダード,1,1,1,0,0,0,0,0,0,0
E05191,2021-06-30,P-4,プライム,1,1,1,0,0,0,0,0,0,0
E05192,2022-03-31,P-4,プライム,1,1,0,0,0,0,0,0,0,0
E05199,2021-12-31,P-4,スタンダード,1,1,0,0,0,0,1,0,0,0
E05204,2022-01-31,P-4,スタンダード,1,1,1,0,0,0,0,0,0,0
E05205,2022-03-31,P-4,プライム,1,1,1,0,0,0,0,0,0,0
E05209,2022-03-31,P-4,スタンダード,1,1,1,0,0,0,0,0,0,0
E05210,2022-03-31,P-4,プライム,1,1,1,0,0,0,1,0,1,0
E05215,2022-03-31,P-4,スタンダード,1,1,1,0,0,0,0,0,0,0
E05219,2022-03-31,P-4,プライム,1,1,1,1,0,0,1,0,0,0
E05223,2021-12-31,P-4,スタンダード,0,1,1,0,0,0,1,0,0,0
E05232,2022-03-31,P-4,プライム,0,1,1,1,0,0,1,1,0,0
E05238,2022-03-31,P-4,スタンダード,1,1,1,0,0,0,0,1,0,0
E05239,2021-06-30,P-4,プライム,1,1,0,0,0,0,1,0,1,0
E05242,2022-03-31,P-4,プライム,1,1,1,1,0,0,1,0,0,0
E05264,2022-02-28,P-4,プライム,1,1,1,0,0,0,1,0,0,0
E05272,2022-03-31,P-4,プライム,1,1,1,1,1,1,1,0,0,0
E05274,2022-03-31,P-4,スタンダード,1,1,1,0,1,0,0,0,0,0
E05282,2021-12-31,P-4,スタンダード,1,1,1,0,0,0,0,0,1,1
E05288,2021-09-30,P-4,スタンダード,1,1,0,0,0,0,0,0,0,0
E05292,2021-09-30,P-4,プライム,1,1,1,0,0,0,0,0,0,0
E05299,2021-12-31,P-4,プライム,1,1,0,0,0,0,1,0,0,0
E05304,2022-03-31,P-4,プライム,1,1,0,0,0,0,1,1,0,0
E05306,2022-03-31,P-4,プライム,1,1,1,1,0,0,1,1,0,0
E05309,2022-03-31,P-4,プライム,0,1,1,0,0,0,1,0,0,0
E05312,2022-03-31,P-4,プライム,1,1,1,1,0,0,1,1,0,0
E05313,2021-05-31,P-4,スタンダード,1,1,0,0,0,0,1,0,0,0
E05314,2022-02-28,P-4,プライム,1,1,1,1,0,0,1,0,1,0
E05317,2022-03-31,P-4,スタンダード,1,1,0,0,0,0,1,0,0,0
E05319,2022-03-31,P-4,スタンダード,1,1,1,0,0,0,0,0,0,0
E05320,2021-10-31,P-4,スタンダード,1,1,0,0,0,0,0,0,0,0
E05326,2021-12-31,P-4,スタンダード,1,1,1,0,0,0,1,0,0,0
E05332,2022-03-31,P-4,プライム,0,0,1,0,0,0,1,0,0,1
E05346,2022-03-31,P-4,プライム,0,1,0,0,0,0,1,0,0,0
E05350,2022-03-31,P-4,プライム,0,1,1,0,0,0,0,0,0,0
E05356,2021-10-31,P-4,スタンダード,1,1,1,0,0,0,1,0,0,0
E05361,2022-03-31,P-4,プライム,0,1,1,0,0,0,1,1,0,0
E05368,2022-02-28,P-4,プライム,1,1,1,0,0,0,1,0,1,0
E05372,2021-06-30,P-4,プライム,1,1,1,0,1,1,0,0,0,0
E05374,2021-12-31,P-4,プライム,1,0,1,0,0,0,1,0,0,1
E05377,2022-03-31,P-4,スタンダード,0,1,0,0,0,0,1,0,0,0
E05381,2022-03-31,P-4,スタンダード,1,1,1,1,0,0,0,0,0,0
E05392,2022-03-31,P-4,プライム,1,1,0,0,0,0,1,1,0,0
E05399,2022-03-31,P-4,スタンダード,0,0,1,1,0,0,0,0,0,0
E05400,2022-03-31,P-4,プライム,1,1,1,1,0,0,0,0,0,0
E05410,2022-03-31,P-4,プライム,1,1,1,0,0,0,1,0,0,0
E05411,2021-12-31,P-4,スタンダード,0,1,1,0,0,0,0,0,0,0
E05413,2021-12-31,P-4,スタンダード,1,1,1,1,1,1,1,1,0,0
E05422,2022-03-31,P-4,プライム,1,1,0,0,1,0,1,0,0,0
E05423,2022-03-31,P-4,プライム,1,1,1,0,0,0,1,0,0,0
E05425,2022-03-31,P-4,プライム,1,1,1,0,0,0,0,0,0,0
E05426,2022-03-31,P-4,プライム,1,1,1,0,0,0,1,0,0,0
E05438,2022-03-31,P-4,プライム,0,1,0,1,0,0,1,1,0,0
E05444,2022-02-28,P-4,スタンダード,0,1,1,0,0,0,1,0,0,0
E05458,2021-06-30,P-4,スタンダード,0,0,1,0,0,0,1,0,0,1
E05460,2022-03-31,P-4,プライム,1,1,1,0,0,0,0,1,1,0
E05463,2022-03-31,P-4,プライム,1,0,1,1,0,0,1,0,0,0
E05466,2022-03-31,P-4,プライム,0,1,1,0,0,0,0,1,0,0
E05471,2022-03-31,P-4,スタンダード,1,1,1,1,1,0,1,0,0,0
E05476,2021-09-30,P-4,プライム,1,1,0,0,0,0,1,0,0,0
E05477,2021-12-31,P-4,スタンダード,1,1,0,0,0,0,0,0,0,0
E05480,2022-03-31,P-4,プライム,1,1,1,0,0,0,1,0,0,0
E05493,2022-03-31,P-4,スタンダード,1,1,0,0,0,0,0,1,0,0
E05498,2021-08-31,P-4,スタンダード,1,1,1,0,1,0,1,0,0,0
E05504,2022-03-31,P-4,スタンダード,0,1,1,0,0,0,1,0,0,0
E05505,2021-06-30,P-4,スタンダード,1,1,1,0,0,0,1,0,1,0
E05514,2022-03-31,P-4,スタンダード,1,1,1,0,0,0,1,0,0,0
E05516,2021-10-31,P-4,スタンダード,0,1,1,0,0,0,0,0,0,0
E05517,2022-02-28,P-4,プライム,1,0,1,0,1,1,1,0,0,0
E05521,2022-03-31,P-4,スタンダード,1,1,0,0,0,0,0,0,0,0
E05528,2022-03-31,P-4,スタンダード,0,1,0,0,0,0,1,0,0,0
E05540,2021-12-31,P-4,スタンダード,1,1,1,1,0,0,0,0,0,0
E05545,2021-12-31,P-4,プライム,1,1,1,0,0,0,0,1,0,0
E05547,2022-03-31,P-4,プライム,0,1,1,0,0,0,1,0,0,0
E05550,2022-03-31,P-4,スタンダード,1,1,1,0,0,0,1,0,0,0
E05555,2021-11-30,P-4,プライム,1,1,1,0,0,0,1,0,0,0
E05563,2021-04-30,P-4,プライム,0,0,1,0,0,1,1,0,0,0
E05576,2021-06-30,P-4,スタンダード,1,1,1,0,0,0,0,0,0,0
E05578,2022-03-31,P-4,スタンダード,0,0,1,1,0,0,0,0,0,0
E05579,2022-03-31,P-4,スタンダード,1,1,1,0,0,0,0,0,0,0
E05592,2021-12-31,P-4,プライム,0,1,0,0,0,0,0,0,1,0
E05617,2022-03-31,P-4,プライム,1,1,0,0,1,0,1,0,0,0
E05623,2021-09-30,P-4,スタンダード,1,1,0,1,0,0,0,0,0,0
E05627,2021-12-31,P-4,スタンダード,1,1,0,0,0,0,0,0,0,0
E05629,2022-03-31,P-4,プライム,0,1,0,0,0,0,1,0,0,0
E05640,2022-03-31,P-4,プライム,1,1,1,0,0,0,1,0,1,0
E05643,2022-02-28,P-4,スタンダード,1,1,1,0,0,0,1,1,0,0
E05647,2022-03-31,P-4,プライム,1,1,1,0,0,0,0,0,0,0
E05648,2022-03-31,P-4,スタンダード,1,1,1,0,0,0,1,0,0,1
E05659,2022-03-31,P-4,プライム,1,1,0,0,0,0,1,0,0,0
E05663,2021-06-30,P-4,プライム,1,1,1,1,0,0,1,0,0,1
E05664,2022-03-31,P-4,プライム,0,1,0,0,0,0,1,0,0,0
E05665,2022-03-31,P-4,プライム,1,1,0,0,0,0,1,0,0,0
E05677,2022-03-31,P-4,スタンダード,1,1,1,0,0,0,0,0,1,0
E05678,2022-03-31,P-4,プライム,1,1,1,0,0,0,1,0,0,0
E05679,2022-03-31,P-4,スタンダード,1,1,1,0,0,0,1,0,0,1
E05684,2021-12-31,P-4,プライム,1,1,1,0,0,0,1,0,0,0
E05686,2022-03-31,P-4,プライム,1,1,0,0,0,0,1,0,0,0
E05687,2022-03-31,P-4,スタンダード,1,1,1,0,0,0,0,0,0,0
E05688,2022-03-31,P-4,スタンダード,1,1,1,0,0,0,0,1,0,0
E05695,2021-06-30,P-4,プライム,1,1,1,0,1,0,1,0,0,0
E05698,2022-03-31,P-4,プライム,1,1,1,0,1,0,1,0,0,0
E05699,2022-03-31,P-4,プライム,1,1,1,0,0,0,0,0,0,0
E05701,2022-03-31,P-4,スタンダード,1,1,1,0,0,0,0,0,0,0
E05706,2021-05-31,P-4,プライム,1,1,1,1,0,0,1,0,0,0
E05714,2022-03-31,P-4,プライム,0,1,1,1,0,0,1,1,0,0
E05717,2022-01-31,P-4,プライム,1,1,0,0,0,0,0,0,0,0
E05720,2022-03-31,P-4,スタンダード,1,1,1,0,0,0,0,0,0,0
E05725,2022-03-31,P-4,プライム,1,1,1,0,1,0,1,1,1,1
E05727,2021-12-31,P-4,プライム,1,1,1,0,0,0,1,0,0,0
E05736,2022-03-31,P-4,スタンダード,1,1,1,0,0,0,1,0,0,0
E05739,2022-03-31,P-4,プライム,1,1,1,1,0,0,1,1,1,1
E06141,2022-03-31,P-4,プライム,1,1,1,1,0,0,1,0,0,1
E07801,2022-03-31,P-4,プライム,1,0,1,0,1,1,1,1,1,1
E09753,2022-03-31,P-4,プライム,0,1,0,0,0,0,1,0,0,0
E11873,2022-03-31,P-4,プライム,1,1,1,1,1,0,1,0,0,0
E20385,2022-02-28,P-4,スタンダード,1,1,1,0,0,0,1,0,0,0
E20870,2022-02-28,P-4,スタンダード,1,1,1,0,0,0,1,0,0,0
E20922,2022-03-31,P-4,スタンダード,1,1,0,0,0,0,1,0,0,0
E21035,2022-02-28,P-4,プライム,1,1,1,1,0,0,1,0,0,0
E21183,2021-12-31,P-4,プライム,1,1,1,0,0,0,0,0,0,0
E21187,2022-03-31,P-4,プライム,1,1,1,0,0,0,1,0,0,0
E21258,2021-12-31,P-4,プライム,1,1,1,1,0,0,0,0,0,0
E21261,2022-03-31,P-4,プライム,1,1,1,1,1,0,1,1,1,1
E21320,2022-03-31,P-4,プライム,1,1,1,1,1,1,1,1,0,0
E21342,2022-03-31,P-4,スタンダード,0,1,1,0,0,0,0,0,0,0
E21381,2021-06-30,P-4,スタンダード,0,1,1,0,0,0,1,0,0,0
E21799,2021-12-31,P-4,プライム,1,1,1,0,0,0,0,0,0,0
E21815,2022-03-31,P-4,スタンダード,0,1,1,0,0,0,1,0,0,0
E21902,2022-03-31,P-4,プライム,1,1,1,1,0,0,1,1,0,0
E21955,2022-03-31,P-4,プライム,1,1,1,0,0,0,0,0,0,0
E22007,2021-12-31,P-4,プライム,0,1,1,0,1,0,0,0,0,0
E22012,2021-06-30,P-4,プライム,1,0,1,0,0,0,0,0,0,1
E22042,2021-09-30,P-4,スタンダード,1,1,0,0,0,0,1,0,0,0
E22101,2021-12-31,P-4,スタンダード,1,1,0,0,0,0,1,0,0,0
E22440,2022-03-31,P-4,プライム,1,1,1,0,0,0,1,0,0,0
E22460,2022-03-31,P-4,プライム,1,1,1,0,0,0,1,0,0,0
E22547,2022-03-31,P-4,プライム,1,1,0,0,0,0,0,0,0,0
E22560,2021-12-31,P-4,プライム,1,1,1,1,0,0,1,0,0,0
E22995,2021-06-30,P-4,プライム,0,1,1,0,0,0,1,0,0,1
E23187,2022-03-31,P-4,プライム,0,1,0,0,0,0,1,1,0,0
E23202,2022-03-31,P-4,プライム,1,1,1,1,1,1,1,0,0,0
E23288,2022-03-31,P-4,スタンダード,1,1,1,0,0,0,1,0,0,0
E23479,2022-03-31,P-4,スタンダード,1,1,1,0,0,0,0,0,0,0
E23492,2021-09-30,P-4,プライム,1,1,1,0,0,0,1,0,0,1
E23820,2022-03-31,P-4,プライム,1,1,1,0,0,0,1,0,0,0
E23924,2022-03-31,P-4,プライム,1,1,1,1,0,0,1,1,0,1
E24050,2022-03-31,P-4,プライム,1,1,1,1,0,0,1,1,0,0
E24187,2021-05-31,P-4,プライム,1,1,1,1,0,0,0,0,0,0
E24392,2021-06-30,P-4,スタンダード,1,1,1,0,0,0,0,0,0,0
E24457,2022-03-31,P-4,スタンダード,1,1,1,0,0,0,0,0,0,0
E24512,2022-02-28,P-4,スタンダード,1,1,0,1,0,0,1,0,0,0
E24536,2022-03-31,P-4,スタンダード,0,1,0,0,0,0,1,0,0,0
E24545,2022-03-31,P-4,プライム,1,1,1,0,0,0,1,0,0,0
E24558,2022-03-31,P-4,プライム,1,1,1,1,0,0,1,0,1,0
E24753,2021-08-31,P-4,プライム,1,1,1,1,0,0,1,0,0,0
E24951,2021-12-31,P-4,プライム,1,1,1,1,0,0,1,0,0,0
E24994,2021-12-31,P-4,スタンダード,0,1,1,0,0,0,1,0,0,0
E25148,2021-10-31,P-4,プライム,1,1,1,0,0,0,0,0,0,0
E25165,2022-03-31,P-4,プライム,1,1,1,0,0,0,1,0,0,0
E25206,2022-03-31,P-4,スタンダード,1,1,0,0,1,1,1,0,0,0
E25234,2022-02-28,P-4,プライム,0,1,1,0,0,0,1,0,0,0
E25263,2022-03-31,P-4,スタンダード,1,1,1,0,1,0,0,0,0,0
E25303,2022-03-31,P-4,プライム,1,1,1,0,0,0,1,0,0,0
E25386,2022-03-31,P-4,スタンダード,1,1,0,0,0,0,0,0,0,0
E25551,2022-02-28,P-4,プライム,1,1,1,0,0,0,1,0,1,0
E25621,2022-03-31,P-4,スタンダード,1,1,1,0,0,0,1,0,0,0
E25664,2022-03-31,P-4,プライム,1,1,0,0,0,0,1,0,0,0
E25678,2022-03-31,P-4,スタンダード,0,1,0,0,0,0,1,0,0,0
E25850,2021-12-31,P-4,プライム,1,1,0,0,0,1,0,0,0,1
E26061,2022-03-31,P-4,スタンダード,1,1,0,0,0,0,1,0,0,0
E26082,2021-12-31,P-4,プライム,0,1,1,0,0,0,0,0,0,0
E26086,2021-12-31,P-4,スタンダード,1,1,1,0,0,0,1,0,0,0
E26124,2022-03-31,P-4,プライム,1,1,1,0,0,0,1,0,0,0
E26290,2022-03-31,P-4,スタンダード,1,1,1,0,0,0,0,0,0,0
E26322,2021-07-31,P-4,スタンダード,1,1,1,0,0,0,1,0,0,0
E26369,2021-07-31,P-4,プライム,0,1,1,0,0,0,1,0,0,0
E26428,2022-02-28,P-4,プライム,1,1,0,0,0,0,0,0,0,0
E26675,2021-12-31,P-4,スタンダード,1,1,1,0,0,0,1,0,0,0
E26686,2022-03-31,P-4,スタンダード,0,1,0,0,0,0,1,0,0,0
E26703,2022-01-31,P-4,プライム,1,1,0,0,0,0,0,0,0,0
E26707,2022-03-31,P-4,プライム,1,1,1,0,0,0,1,0,0,1
E26713,2022-03-31,P-4,プライム,1,1,1,0,0,0,1,0,0,0
E26831,2021-05-31,P-4,プライム,1,1,1,0,0,0,1,0,0,0
E26839,2022-03-31,P-4,プライム,1,1,1,0,0,0,0,0,0,0
E27050,2022-03-31,P-4,スタンダード,1,1,0,1,0,0,0,0,0,0
E27051,2022-03-31,P-4,プライム,0,0,1,0,0,0,0,0,0,1
E27054,2021-12-31,P-4,プライム,1,1,0,0,1,1,1,0,0,0
E27063,2022-03-31,P-4,スタンダード,0,1,1,1,0,0,1,0,0,0
E27066,2021-12-31,P-4,プライム,1,1,0,0,0,0,0,0,0,0
E27202,2022-02-28,P-4,スタンダード,1,1,1,0,0,0,1,0,0,0
E27210,2022-03-31,P-4,プライム,0,1,1,0,0,0,0,0,0,0
E27215,2021-04-30,P-4,プライム,1,1,1,0,0,0,1,0,0,0
E27235,2022-03-31,P-4,スタンダード,1,1,1,0,0,0,0,0,0,0
E27273,2022-03-31,P-4,スタンダード,1,1,1,0,0,0,1,0,0,0
E27281,2022-03-31,P-4,プライム,1,1,1,1,0,0,1,1,0,0
E27294,2022-03-31,P-4,スタンダード,0,1,0,0,0,0,1,0,0,0
E27303,2022-03-31,P-4,プライム,1,1,0,0,0,0,1,0,0,0
E27361,2021-12-31,P-4,プライム,1,1,0,0,0,0,1,1,0,0
E27421,2021-06-30,P-4,スタンダード,1,1,1,0,0,0,0,1,1,0
E27464,2021-06-30,P-4,スタンダード,0,1,1,0,0,0,0,0,0,0
E27486,2021-12-31,P-4,プライム,1,1,1,0,0,0,0,1,0,0
E27530,2022-03-31,P-4,スタンダード,1,1,1,0,0,0,0,0,0,0
E27579,2022-03-31,P-4,スタンダード,1,1,1,0,0,0,0,0,0,0
E27622,2021-12-31,P-4,プライム,1,1,1,0,0,0,1,0,0,0
E27624,2022-03-31,P-4,プライム,1,1,0,0,0,0,1,0,1,0
E27633,2022-03-31,P-4,プライム,1,1,1,1,1,1,1,1,1,0
E27655,2022-03-31,P-4,プライム,1,1,0,1,0,0,1,1,0,0
E27759,2022-03-31,P-4,プライム,1,0,1,1,0,0,1,0,0,0
E27842,2021-09-30,P-4,プライム,1,1,1,0,0,0,1,0,0,0
E27868,2021-06-30,P-4,スタンダード,1,1,1,0,0,0,1,0,0,0
E30002,2022-02-28,P-4,プライム,1,1,1,0,1,0,1,1,0,0
E30022,2021-09-30,P-4,プライム,1,1,1,0,0,0,0,0,0,0
E30048,2021-12-31,P-4,プライム,1,1,1,0,0,0,1,0,0,0
E30071,2021-06-30,P-4,スタンダード,1,1,0,0,0,0,0,1,0,0
E30103,2022-03-31,P-4,プライム,1,0,1,1,0,0,1,0,0,0
E30124,2022-03-31,P-4,スタンダード,1,0,1,1,0,0,0,0,0,0
E30126,2021-12-31,P-4,プライム,1,1,1,0,0,0,1,0,0,0
E30130,2022-03-31,P-4,プライム,0,1,1,0,0,0,1,0,0,0
E30133,2021-12-31,P-4,スタンダード,1,1,0,0,0,0,1,0,1,0
E30140,2022-03-31,P-4,プライム,1,1,1,0,1,0,1,0,0,0
E30443,2022-03-31,P-4,プライム,0,1,1,0,0,0,1,0,0,0
E30454,2021-08-31,P-4,スタンダード,1,1,0,0,0,0,0,0,0,0
E30479,2022-03-31,P-4,プライム,1,1,1,0,0,0,1,0,0,0
E30481,2022-03-31,P-4,プライム,1,1,1,0,1,1,1,0,0,0
E30501,2021-06-20,P-4,プライム,1,1,1,1,0,0,1,0,0,0
E30537,2021-09-30,P-4,プライム,1,1,1,0,0,0,1,0,0,0
E30649,2021-12-31,P-4,スタンダード,1,1,1,0,0,0,1,0,0,0
E30728,2022-03-31,P-4,プライム,1,1,0,0,0,0,1,0,0,1
E30731,2022-03-31,P-4,プライム,1,1,1,0,1,0,1,1,0,0
E30746,2022-03-31,P-4,プライム,1,1,1,1,0,1,1,0,0,0
E30881,2021-10-31,P-4,スタンダード,1,1,1,0,0,0,0,0,0,0
E30917,2022-03-31,P-4,プライム,0,1,1,0,0,0,1,0,1,0
E30918,2022-03-31,P-4,プライム,1,1,0,0,0,0,0,0,0,0
E30919,2021-12-31,P-4,プライム,1,1,0,0,1,0,1,0,0,0
E30929,2021-12-31,P-4,プライム,1,1,1,0,0,0,1,0,0,0
E30982,2022-03-31,P-4,スタンダード,1,1,0,0,0,0,0,0,0,0
E30996,2021-09-30,P-4,スタンダード,1,1,1,0,0,0,0,0,0,0
E31023,2021-12-31,P-4,プライム,1,1,1,0,0,0,0,0,0,0
E31029,2022-02-28,P-4,プライム,1,1,0,0,0,0,0,0,0,0
E31030,2021-06-30,P-4,プライム,1,1,1,1,0,0,0,0,1,0
E31054,2022-03-31,P-4,スタンダード,1,1,0,0,0,0,1,0,1,0
E31056,2021-12-31,P-4,プライム,1,1,1,0,0,0,0,0,0,0
E31064,2022-03-31,P-4,プライム,1,1,0,1,0,0,1,0,0,0
E31065,2022-03-31,P-4,プライム,0,1,0,0,0,0,1,0,0,0
E31070,2021-12-31,P-4,プライム,1,1,1,1,0,0,0,0,0,0
E31103,2022-03-31,P-4,スタンダード,1,1,1,0,0,0,0,0,0,0
E31123,2022-03-31,P-4,スタンダード,0,1,1,0,1,0,1,0,0,0
E31167,2022-03-31,P-4,プライム,1,1,1,1,0,0,1,0,0,0
E31220,2022-03-31,P-4,スタンダード,1,1,1,0,0,0,1,0,0,0
E31306,2021-05-31,P-4,スタンダード,1,1,1,0,0,0,1,0,0,0
E31354,2021-12-31,P-4,スタンダード,1,1,0,0,0,0,0,0,0,0
E31379,2021-05-31,P-4,スタンダード,1,1,1,0,0,0,0,0,0,0
E31425,2021-08-31,P-4,スタンダード,1,1,0,0,0,0,0,0,0,0
E31441,2021-07-31,P-4,プライム,1,1,1,0,0,0,1,0,0,0
E31524,2021-06-30,P-4,スタンダード,1,1,1,0,0,0,0,0,0,0
E31560,2022-03-31,P-4,プライム,1,1,1,1,0,0,0,0,0,0
E31573,2021-06-30,P-4,プライム,1,1,1,0,0,0,1,0,1,0
E31580,2022-02-28,P-4,スタンダード,1,1,0,0,0,0,1,0,0,0
E31594,2022-03-31,P-4,プライム,1,1,1,0,0,0,1,0,1,0
E31612,2022-03-31,P-4,プライム,1,1,1,0,1,0,1,0,0,0
E31622,2021-06-30,P-4,スタンダード,1,1,1,0,0,0,0,0,0,0
E31632,2022-03-31,P-4,プライム,1,1,1,1,0,0,1,1,0,1
E31633,2022-03-31,P-4,プライム,1,1,1,1,1,1,0,0,0,1
E31635,2022-03-31,P-4,プライム,0,1,1,1,0,0,1,0,0,0
E31640,2021-09-30,P-4,スタンダード,1,1,1,0,0,0,0,0,0,0
E31729,2021-11-30,P-4,プライム,1,1,0,1,0,0,1,1,0,0
E31742,2022-01-31,P-4,プライム,1,1,0,0,0,0,0,0,0,0
E31743,2021-08-31,P-4,スタンダード,1,1,1,0,0,0,1,0,0,0
E31745,2021-06-30,P-4,スタンダード,1,1,0,0,0,0,1,0,0,0
E31748,2022-03-31,P-4,プライム,1,1,1,1,0,0,1,1,0,0
E31755,2022-03-31,P-4,プライム,1,1,0,0,0,0,1,1,0,1
E31775,2022-03-31,P-4,プライム,1,1,1,0,0,0,1,1,0,0
E31776,2021-09-30,P-4,スタンダード,1,1,0,0,0,0,0,0,0,0
E31948,2022-03-31,P-4,プライム,1,1,1,1,0,0,1,0,0,0
E31954,2021-12-31,P-4,プライム,1,1,1,0,1,0,1,0,0,0
E31958,2022-03-31,P-4,スタンダード,1,1,0,0,0,0,0,1,0,0
E31970,2022-03-31,P-4,プライム,1,1,0,0,0,0,1,0,1,1
E31977,2022-03-31,P-4,スタンダード,1,1,0,0,0,0,1,0,0,0
E31979,2022-03-31,P-4,プライム,1,1,0,0,0,0,0,0,0,0
E31991,2021-12-31,P-4,スタンダード,1,1,1,0,0,0,0,0,0,0
E31997,2022-03-31,P-4,スタンダード,0,1,1,0,0,0,0,0,0,0
E32022,2022-03-31,P-4,プライム,0,1,1,1,0,0,1,1,0,0
E32069,2022-03-31,P-4,プライム,1,1,1,0,0,0,1,0,0,0
E32109,2022-03-31,P-4,スタンダード,1,1,1,0,0,0,0,0,0,0
E32156,2021-09-30,P-4,スタンダード,1,1,0,0,1,1,0,0,0,0
E32159,2022-03-31,P-4,スタンダード,0,1,0,0,0,0,1,0,0,0
E32169,2022-03-31,P-4,プライム,0,1,1,0,0,0,0,0,0,0
E32181,2021-06-30,P-4,スタンダード,1,1,1,1,0,0,0,0,0,0
E32189,2022-03-31,P-4,プライム,1,1,1,0,0,0,1,0,0,1
E32238,2022-02-28,P-4,スタンダード,1,1,1,0,0,0,0,0,0,1
E32292,2022-03-31,P-4,プライム,1,1,0,0,0,0,1,0,0,0
E32380,2021-09-30,P-4,プライム,1,1,0,0,0,0,1,0,0,0
E32382,2022-02-28,P-4,プライム,1,1,1,0,0,0,1,0,0,0
E32400,2021-09-30,P-4,プライム,1,1,0,0,0,0,0,1,0,1
E32408,2022-03-31,P-4,スタンダード,1,1,0,0,0,0,0,0,0,0
E32427,2022-02-28,P-4,プライム,0,1,1,0,0,0,1,1,1,0
E32495,2021-09-30,P-4,プライム,1,1,0,0,0,0,1,0,0,0
E32549,2022-02-28,P-4,プライム,0,0,0,0,1,1,0,0,0,0
E32571,2021-11-30,P-4,スタンダード,1,1,0,0,0,0,1,1,1,1
E32620,2022-03-31,P-4,プライム,1,1,0,0,0,0,0,0,0,0
E32642,2021-12-31,P-4,プライム,1,1,1,0,1,1,1,1,0,0
E32679,2022-03-31,P-4,プライム,0,1,0,0,0,0,1,0,0,1
E32682,2021-09-30,P-4,スタンダード,1,0,1,1,0,0,0,0,0,0
E32683,2021-06-30,P-4,スタンダード,1,0,1,1,0,0,0,0,0,0
E32697,2022-02-28,P-4,プライム,0,1,1,0,0,0,1,0,0,0
E32779,2021-12-31,P-4,プライム,1,1,1,0,0,0,1,0,0,0
E32796,2021-12-31,P-4,スタンダード,0,1,0,0,0,0,1,0,0,0
E32803,2022-03-31,P-4,スタンダード,1,1,1,0,0,0,0,0,0,0
E32815,2021-12-31,P-4,プライム,1,1,1,0,0,0,0,0,1,0
E32906,2021-12-31,P-4,スタンダード,1,1,0,0,0,0,0,0,0,0
E32951,2022-02-28,P-4,スタンダード,1,1,1,0,0,0,1,0,0,0
E32967,2022-03-31,P-4,プライム,1,1,0,0,1,1,0,1,0,0
E32990,2022-03-31,P-4,スタンダード,0,1,0,0,0,0,1,0,0,0
E32992,2021-12-31,P-4,スタンダード,1,1,1,0,0,0,0,0,0,0
E33000,2021-09-30,P-4,プライム,1,1,1,0,0,0,1,0,0,1
E33040,2021-09-30,P-4,スタンダード,1,1,1,0,0,0,0,0,0,0
E33050,2022-03-31,P-4,スタンダード,1,1,1,0,0,0,1,0,0,0
E33109,2022-01-31,P-4,スタンダード,1,1,0,0,0,0,0,0,0,0
E33235,2021-07-31,P-4,スタンダード,1,1,1,0,0,0,0,0,0,0
E33247,2022-03-31,P-4,スタンダード,1,1,0,0,0,0,0,0,0,0
E33367,2021-09-30,P-4,プライム,1,1,1,0,0,0,1,0,1,0
E33393,2021-05-31,P-4,スタンダード,1,1,1,1,0,0,0,0,0,0
E33435,2022-03-31,P-4,スタンダード,1,1,1,0,0,0,0,0,0,0
E33491,2022-02-28,P-4,スタンダード,1,1,1,0,0,0,0,0,0,0
E33579,2021-12-31,P-4,プライム,1,1,1,0,0,0,1,0,0,0
E33586,2021-12-31,P-4,プライム,1,1,0,0,0,0,0,1,0,1
E33588,2021-12-31,P-4,プライム,1,1,1,0,0,0,0,0,0,0
E33594,2021-12-31,P-4,プライム,0,1,0,0,0,0,1,0,0,0
E33603,2022-03-31,P-4,プライム,1,1,1,0,0,0,1,0,1,0
E33616,2022-03-31,P-4,スタンダード,1,0,1,0,0,0,0,1,0,0
E33622,2022-03-31,P-4,プライム,1,1,1,0,0,0,1,0,0,0
E33624,2022-03-31,P-4,プライム,1,1,0,0,0,0,1,0,0,0
E33625,2022-03-31,P-4,プライム,1,1,0,0,0,0,1,0,0,0
E33638,2022-03-31,P-4,スタンダード,0,1,1,1,0,0,0,0,0,0
E33693,2022-03-31,P-4,プライム,1,1,0,0,0,0,1,0,0,0
E33702,2021-12-31,P-4,プライム,1,1,1,0,0,0,1,0,1,0
E33815,2022-03-31,P-4,プライム,1,1,1,0,0,0,1,1,0,0
E33834,2022-03-31,P-4,スタンダード,1,1,1,0,1,0,0,0,0,1
E33839,2021-06-30,P-4,スタンダード,1,1,0,0,0,0,0,0,0,1
E33881,2022-02-28,P-4,プライム,1,1,1,0,1,0,1,0,0,1
E33957,2022-02-28,P-4,プライム,1,1,0,0,1,1,1,1,0,0
E34028,2021-09-30,P-4,スタンダード,1,1,1,0,0,0,0,0,0,0
E34064,2021-06-30,P-4,プライム,1,0,0,0,0,0,0,0,0,1
E34065,2022-03-31,P-4,スタンダード,1,1,1,1,0,0,1,0,0,1
E34095,2021-09-30,P-4,スタンダード,1,0,0,0,0,0,0,1,0,0
E34097,2022-03-31,P-4,スタンダード,1,1,1,0,0,0,1,0,0,0
E34102,2021-05-31,P-4,プライム,0,1,0,1,0,0,1,0,0,0
E34113,2022-03-31,P-4,プライム,1,1,1,1,0,1,1,0,0,0
E34137,2022-03-31,P-4,スタンダード,1,1,1,1,0,0,1,0,0,0
E34249,2022-02-28,P-4,スタンダード,1,1,1,0,1,0,0,0,0,0
E34290,2021-12-31,P-4,プライム,0,1,0,1,0,0,1,1,0,0
E34336,2021-10-31,P-4,プライム,1,1,1,0,0,0,1,0,0,0
E34470,2022-03-31,P-4,スタンダード,1,1,0,0,0,0,1,0,0,0
E34545,2022-03-31,P-4,プライム,1,1,1,0,1,0,1,1,0,0
E34679,2022-03-31,P-4,スタンダード,1,1,0,0,0,0,1,0,0,0
E34699,2022-03-31,P-4,プライム,1,1,1,0,1,0,1,0,1,0
E34722,2022-03-31,P-4,スタンダード,1,1,1,0,0,0,1,0,0,0
E34800,2021-10-31,P-4,スタンダード,1,1,1,0,0,0,1,0,0,0
E34965,2021-09-30,P-4,プライム,1,1,0,0,0,0,0,0,0,0
E35096,2021-12-31,P-4,プライム,0,0,0,0,0,1,1,1,0,0
E35136,2022-03-31,P-4,スタンダード,1,1,1,0,0,0,0,0,0,0
E35139,2021-12-31,P-4,スタンダード,1,1,1,0,1,0,0,0,0,0
E35153,2022-03-31,P-4,プライム,1,1,0,0,0,0,1,0,0,0
E35164,2021-12-31,P-4,プライム,1,1,0,0,0,0,1,0,0,0
E35169,2021-10-31,P-4,スタンダード,0,1,1,0,0,0,0,0,0,0
E35294,2021-12-31,P-4,スタンダード,0,1,1,0,0,0,1,0,0,0
E35318,2022-03-31,P-4,プライム,1,1,1,0,0,0,1,0,0,0
E35449,2022-03-31,P-4,スタンダード,0,1,1,0,0,0,1,0,0,0
E35487,2022-03-31,P-4,プライム,1,1,1,0,0,0,0,0,0,0
E35497,2022-03-31,P-4,スタンダード,1,1,0,0,0,0,1,0,0,0
E35544,2022-02-28,P-4,スタンダード,1,1,0,0,0,0,0,0,0,0
E35555,2022-03-31,P-4,スタンダード,1,1,0,0,0,0,0,0,0,0
E35597,2022-03-31,P-4,スタンダード,1,1,1,0,0,0,0,0,0,0
E35610,2022-03-31,P-4,スタンダード,1,0,0,0,1,1,1,0,0,0
E35642,2021-09-30,P-4,プライム,1,1,0,0,0,0,1,0,0,0
E35791,2022-03-31,P-4,プライム,1,1,1,0,0,0,1,0,0,0
E35810,2022-03-31,P-4,プライム,1,1,1,0,0,0,1,0,0,0
E35822,2022-03-31,P-4,スタンダード,1,1,1,0,0,0,1,0,0,0
E35827,2021-12-31,P-4,プライム,1,1,0,0,0,0,0,0,0,0
E35908,2021-12-31,P-4,スタンダード,1,1,1,0,0,0,1,0,0,0
E35931,2021-12-31,P-4,スタンダード,1,1,0,0,1,0,1,1,0,0
E36002,2021-09-30,P-4,スタンダード,1,1,1,0,0,0,0,0,0,0
E36098,2022-03-31,P-4,スタンダード,1,1,1,0,0,0,1,0,0,0
E36102,2022-03-31,P-4,プライム,1,1,1,0,0,0,1,0,0,1
E36190,2022-03-31,P-4,プライム,1,1,1,0,0,1,1,1,0,0
E36321,2021-07-31,P-4,スタンダード,1,1,1,0,0,0,0,0,0,0
E36460,2021-12-31,P-4,プライム,1,1,1,0,0,0,1,0,0,0
E36464,2022-03-31,P-4,スタンダード,1,1,0,0,0,0,0,0,0,0
E36466,2022-03-31,P-4,プライム,1,1,1,0,0,0,1,0,0,0
E36658,2021-07-31,P-4,スタンダード,0,1,0,0,0,0,1,0,0,0
E36700,2022-03-31,P-4,プライム,1,0,1,1,0,0,0,0,0,0
E36703,2022-03-31,P-4,プライム,1,1,1,0,0,0,1,0,0,0
E36707,2021-12-31,P-4,プライム,0,1,0,1,0,0,1,0,0,0
E36714,2022-03-31,P-4,スタンダード,1,1,1,0,0,0,0,0,1,0
E36723,2022-03-31,P-4,プライム,1,1,1,0,0,0,1,0,0,0
E36730,2022-03-31,P-4,プライム,1,1,1,1,0,0,0,0,0,0
E36750,2021-06-30,P-4,スタンダード,1,1,0,0,0,0,0,0,0,0
E36751,2022-03-31,P-4,プライム,1,1,1,0,0,0,1,0,0,0
E36976,2022-03-31,P-4,プライム,1,1,0,1,1,1,0,1,0,0
E36991,2021-09-30,P-4,スタンダード,1,1,0,0,0,0,1,0,0,0
E37156,2021-12-31,P-4,スタンダード,1,1,0,0,0,0,0,0,0,0
E37165,2022-03-31,P-4,プライム,1,1,0,0,1,1,1,0,0,0
E37456,2022-02-28,P-4,スタンダード,0,1,1,0,0,0,1,0,0,0
E37499,2022-03-31,P-4,スタンダード,1,1,1,0,0,0,0,0,0,0
E37523,2022-03-31,P-4,スタンダード,1,1,1,0,0,0,0,0,0,0
E37719,2022-03-31,P-4,プライム,1,1,1,1,0,0,0,0,0,0
